job_name,company_name,job_city,salary,publish_detail,company_type,company_scale,industry,job_duty,发布日期
大数据开发工程师,网宿科技股份有限公司,厦门,20-30万/年,厦门 5-7年经验 本科 招若干人 03-14发布,上市公司,1000-5000人,"通信/电信/网络设备,互联网/电子商务",岗位职责： 1.负责公司业务相关的数据统计和分析的设计开发； 2.负责对业务数据进行深度挖掘和有效利用，数据计算作业的开发与优化，充分实现数据的商业价值； 3.负责大数据平台的持续改进优化，大数据集群的线上运营及部署。 基本要求： 1.计算机及相关专业本科以上学历者优先； 2.具有两年以上相关工作经验，经验丰富者尤佳； 3.具备良好的沟通能力和文档能力； 4.具备良好的主动工作意识和能力，主动思考，主动承担，能够独挡一面； 5.具备良好的职业道德和职业素养，理解并遵守公司的制度。 技能要求： 1.精通Java语言，具有一年以上分布式系统开发和设计经验； 2.熟悉hadoop、hive、spark、yarn、kafka等大数据组件，对大数据基础架构和平台有深刻理解； 3.喜欢钻研技术，善于学习和运用新知识，具备良好的分析能力及问题处理能力； 4.有hadoop、spark、flink、druid等项目应用及性能调优经验者优先。,2026-03-14
数据仓库工程师,金蝶软件（中国）有限公司,深圳-南山区,1-1.5万/月,深圳-南山区 3-4年经验 本科 招1人 03-14发布,外资（非欧美）,5000-10000人,"计算机软件,互联网/电子商务",职位职责,2026-03-14
高级大数据产品架构师(J10824),中移（苏州）软件技术有限公司,苏州-高新区,2.5-3万/月,苏州-高新区 5-7年经验 本科 招1人 03-14发布,国企,1000-5000人,计算机软件,工作职责: 1.从事移动云大数据产品架构设计工作； 2.负责基于开源生态的移动云大数据产品核心研发工作； 3.追踪大数据领域开源社区动态，对业界大数据领域前沿技术进行研究； 4.分析和解决用户在公有云、私有云场景中大数据产品使用难题，提供专家级技术咨询和优化服务。 任职资格: 教育程度： 大学本科及以上学历（***学历为统招本科及以上，不包含独立院校），计算机等相关专业。 工作经验要求： 5年以上相关工作经验。 核心技能要求： 1.熟悉大数据产品生态圈，包括但不限于Hive、HBase、Kafka、Flink、ES、Spark等， 对架构设计和性能优化有丰富实战经验，在大数据开源社区有任职或者贡献者优先; 2.五年以上大数据技术相关工作经验，具备数据架构或数据业务咨询能力，有良好的客户沟通和管理能力； 3.具有良好的项目交付与团队协作能力，能够组织跨团队协作、推动项目落地； 4.具有良好的逻辑思维和快速解决问题能力，能够在复杂的客户系统及应用场景中迅速帮助客户定位问题并提出可行的解决方案； 5.对大数据相关技术具有强烈的兴趣，具有较强的持续学习和自我驱动能力； 6.公有云大数据产品相关经验者优先。,2026-03-14
大数据开发工程师,深圳合生网络科技有限公司,深圳-罗湖区,1.5-2.2万/月,深圳-罗湖区 大专 招5人 03-14发布,民营公司,50-150人,计算机软件,"工作职责: 1、参与实时大数据平台的数据存储、计算、监控、分析、机器学习等模块开发，打造稳定可靠的平台化、可视化、自动化的交互式大数据平台； 2、负责基于大数据平台的应用设计、开发和维护及性能提升； 任职资格: 1、大专及以上学历 2、至少2年以上的Java开发经验，3年以上大数据应用系统的开发和设计经验； 3、熟悉Hadoop生态圈技术体系，如Hadoop、Hive、Spark、Flink、Impala等； 4、熟悉Hive、HBase仓库设计，深刻理解MR运行原理和机制，能进行任务执行效率的优化； 5、对常用的开源实现,如Spark ML、Caffe、Theano或ConvNet等有实践经验者优先考虑； 7、逻辑思维能力强，做事有条理，责任感强，工作积极主动，执行力强，有良好的团队协作意识。",2026-03-14
大数据开发/数据挖掘/数据分析工程师（人才培养）,上海海笛数字出版科技有限公司,上海-浦东新区,4.5-6千/月,上海-浦东新区 在校生/应届生 本科 招2人 03-14发布 普通话熟练 英语良好 计算机科学与技术 软件工程,民营公司,50-150人,"互联网/电子商务,文字媒体/出版",1、年龄20—28岁，全日制本科（一本/二本）及以上学历，计算机相关专业； 2、对数据分析、数据挖掘感兴趣的优秀应届生； 3、熟悉C语言，对数据结构和算法设计有较为深刻的理解； 4、热爱数据分析工作，做事有耐心，细致，善总结；良好的沟通协调能力和团队合作精神； 5、较强的逻辑分析能力、动手能力和学习能力，善于总结； 6、优先条件： ①熟悉文本的检索和排序相关知识者优先； ②有文本信息挖掘和处理能力者优先； ③有自然语言编程、机器学习等相关经验者优先。 ★★★请将您饱含激情的简历发给我们： 欢迎关注Dict.cn官方微博：http://e.weibo.com/idict 招聘专用邮箱：hr@dict.cn 招聘QQ：*****,2026-03-14
数据科学家,上海氪信信息技术有限公司,上海-长宁区,2-3万/月,上海-长宁区 3-4年经验 本科 招若干人 03-14发布,创业公司,少于50人,"计算机软件,金融/投资/证券","客户以银行类为主，有出差/驻场的需要。 【岗位职责】 1、负责项目的需求调研，了解业务逻辑，进行数据分析从而把需要解决的业务问题转化为机器学习/数据挖掘问题； 2、负责从数据获取、数据清理、统计分析和数据建模（机器学习模型）整个流程工作； 3、使用先进的机器学习技术，针对性的设计方案，根据设计的方案部署实施整个机器学习系统，解决客户的核心问题；? 4、负责机器学习模型的构建，并且与工程师合作对模型进行维护、部署和评估； 5、设计线上线下实验方案，与客户沟通并完成实验，迭代优化机器学习系统效果。 【任职要求】 1、统计学、应用数学、计算机等相关专业硕士及以上学历； 2、至少2年以上数据科学相关工作经验，深厚的机器学习基础，精通主流机器学习模型算法，并热衷于利用机器学习技术解决现实问题； 3、扎实的编程经验，熟练运用Python/R/Java/C++等编程语言；? 4、熟悉Hadoop和Spark平台，熟悉相关工具来处理海量数据，具有互联网行业数据经验优先?； 5、较强的沟通能力、学习能力和动手能力； 6、思维敏捷，良好的逻辑分析能力、良好的沟通及组织能力。 【优先条件】 1、精通一门编程语言，熟练使用常用算法和数据结构，对算法有较强的实现能力； 2、熟悉脚本语言，有搭建使用复杂系统的能力； 3、有机器学习、数据挖掘、信息检索等相关领域的理论背景，有研究或应用相关的工作经验； 4、参加过机器学习与数据挖掘相关竞赛（Kaggle, KDD Cup等）。",2026-03-14
数据分析师（精品+急聘）,深圳海润天恒科技有限公司,深圳-宝安区,0.5-1.2万/月,深圳-宝安区 1年经验 本科 招2人 03-14发布,民营公司,50-150人,"互联网/电子商务,贸易/进出口",数据分析师（精品)岗位职责： 1.负责跨境电商亚马逊平台产品的类目分析，市场调研和产品发掘； 2.利用公司大数据资源进行产品数据分析和调研 3.了解产品的国际市场动态及需求数据分析 4.做好产品的前期调查，了解产品特性，对产品进行数据建模分析，分析利润和市场前景 5. 跟踪和研究日常数据，及时改进产品的体验完善 6. 负责供应链数据的统计分析 7. 能有效规避欧美市场知识产权 8. 熟悉欧美/日本市场的消费习惯 9. 欢迎优秀应届毕业生或有志于跨境电商行业的优秀人才 岗位要求 1. 本科学历，统计学/日语/数学专业，对数据敏感，具备较好的数据收集，整理和分析能力 2. 较强的逻辑分析能力和良好的判断力 3. 具备一定的英语阅读能力，英语过大学四六级 4. 为人诚实可靠、品行端正，沟通能力强 5. 具备快速学习和运用新知识、新工具的能力 6. 有跨境电商产品开发经验、有志于在跨境电商或外贸行业发展者优先 职位待遇： 基本工资（5K-12K）+提成奖金。具体面议，公司提供业界有竞争力的薪酬待遇，较完善的薪酬制度保障小伙伴的付出与收获成正比； 我们提供什么? 1、公司管理架构扁平化，工作氛围轻松愉快。90%以上员工为90后，30%以上95后，沟通无障碍； 2、优秀应届毕业生或小白入职一年收入可超20W； 3、浓厚的学习与分享氛围助你快速成长为行业精英，我们提供系统化、领先于同行的培训体系； 4、新人将收获一对一帮带、手把手指导，快速入门； 5、公司具备完整的供应链体系、产品开发、IT等技术支持； 6、公司交通便利，临近地铁1号线坪洲站、宝体站，11号线碧海湾站、宝安站，周边生活便利，临近壹方城、大仟里等商圈，步行5分钟即可到美食街 7、公司提供完善、透明化的晋升机制以及优厚的薪酬体系； 8、我们提供以下福利List： （1）入职缴纳五险一金（很多其他公司没有公积金哦~）； （2）试用期按个人需求可提供免费半个月的品牌公寓住宿/一个月（个人承担一半房租） （3）带薪假期：享受法定节假日、年休假、婚假、产假、生育假、陪护假等带薪假期； （4）完善的培训：公司重视员工个人发展，例行培训、部门培训、岗前培训、专题培训等全方位的培训 （5）丰富文娱生活：公司每年举行一次年会活动，有乒乓球台、公司园区有羽毛球场及篮球场等、定期组织各种文娱活动、定期组织员工团队聚餐、不定期组织国内外旅游； （6）零食不限制供应、每周五丰富的下午茶，微波炉电冰箱自助售货机一应俱全，应有尽有。 （7）关注员工身体素质，开展不定期户外活动和体检项目。 （8）读书与学习基金：每年可报销1000人民币以内读书学习费用 （9）各种小惊喜：生日Party，生日礼物、传统节日过节礼品、春节红包、突出贡献大奖 （10）试用期2-3个月，能力出色者可提前转正； 我们承诺：更多的福利将随着公司发展不断完善！！！ 我们的团队是由85、90后一群充满活力和凝聚力的精英组成，拥有理想，内心澎湃，勤奋踏实的年轻人，为着共同的梦想努力奋斗；我们深信“人才”是公司的未来，公司的财富就是我们的员工。公司坚持以人为本，充分尊重、培养和优待人才，员工与公司共同成长；加入我们，你将是团队里很重要的一员！梦想有多大，舞台就有多大！我们诚挚期待您的加入！,2026-03-14
数据开发工程师,广州米多网络科技有限公司,广州-天河区,1.5-2万/月,广州-天河区 3-4年经验 本科 招若干人 03-14发布,民营公司,50-150人,互联网/电子商务,岗位职责： 1、负责数据的收集、处理、整合及数据建模； 2、负责数据分析及挖掘； 3、负责数据仓和多维数据构建； 4、负责平台搭建及数据开发； 任职要求： 1、计算机专业本科毕业，3年以上数据开发工作经验； 2、有工作责任心，思维清晰，具备良好的团队合作精神，有一定的承压能力； 3、熟悉分布式系统概念和架构； 4、熟悉概率统计学和机器学习； 5、精通HBase/Kudu/Clickhouse/Spark/ElasticSearch/Kafka/Flume/DataX/StreamSets等，并熟悉SSIS及SSAS技术； 6、精通Scala/Python/Java，并熟悉C#语言开发；,2026-03-14
生物信息数据分析师,苏州凌点生物技术有限公司,异地招聘,0.6-2万/月,昆山 2年经验 本科 招3人 03-14发布 生物医学工程 数学与应用数学,民营公司,少于50人,"学术/科研,制药/生物工程",工作职责： 1. 运用统计学方法，各类生物信息软件和现有流程，对高通量测序及基因芯片产生的数据进行分析； 2. 相关生物信息数据的采集、整理、挖掘和利用，比如GEO、TCGA数据库来源的数据； 3. 根据客户对相关数据分析后的要求，进行生物信息学数据的整理、分析，出具分析报告并负责对所分析数据进行问题解答； 4. 能够根据要求，完成部分流程的搭建。 任职要求： 1. 具有生物信息学、分子生物学、计算机或数理学相关专业本科及以上学历； 2. 熟悉常用生物信息数据库，如TCGA、GEO、 UCSC、Kegg、 NCBI、EBI； 3.了解生物统计学相关知识； 4. 具有较好的程序编程能力，熟悉Perl、Python、R中的一种或一种以上； 5. 具有高通量测序及基因芯片数据项目分析经验者优先。,2026-03-14
金蝶数据开发工程师,杭州瑞东机械有限公司,杭州,20-30万/年,杭州 2年经验 大专 招若干人 03-14发布,上市公司,500-1000人,"仪器仪表/工业自动化,机械/设备/重工","任职要求： 1、熟悉sql server金蝶数据库,能在此数据库上做开发端口对接； 2、精通金蝶表结构； 3、金蝶K3 wise数据交换成K3 cloud； 4、要对ERP业务流程以及业务逻辑要有一定理解和清楚。（ERP中涉及到各单据之间的关联关系）",2026-03-14
GNSS数据分析师,中国科学院上海天文台,上海-徐汇区,10-15万/年,上海-徐汇区 无需经验 硕士 招1人 03-14发布,事业单位,150-500人,"学术/科研,教育/培训/院校",招聘部门：天文地球动力学研究中心 部门介绍：详细情况请见http://ucar.shao.cas.cn/ 岗位名称：GNSS数据分析师 工作地点：上海市徐汇区 招聘人数：1人 1. 负责GNSS数据处理软件的处理策略优化与模型更新工作； 2. 负责GNSS系统轨道、钟差、SINEX、EOP等产品生产与质量控制； 3. 负责上述产品的日报/周报/年报等分析报告的撰写； 4. 负责课题组项目报告、规范等文档的撰写； 5. 参与研发地球参考框架建立技术中GNSS面临的难点； 6. 处理课题有关经费预算和财务验收报告撰写及报销事宜等，完成领导和项目组交办的其他任务。 1. 全日制硕士研究生及以上学历，测绘工程、大地测量学与测量工程、测绘科学与技术等相关专业； 2. 熟悉Linux系统，bash/csh等脚本编程语言，了解C/C++/FORTRAN/Matlab等开发语言； 3. 具备大学英语六级及以上英语能力； 4. 具备良好的问题分析解决能力、较强的钻研能力、良好的沟通与团队协作能力； 5. 能吃苦耐劳，承受一定的工作压力； 6. 应往届生均可，有相关工作经验者优先。 1、本岗位招满即止； 2、应聘者请提供个人简历、学历学位证书及其他反映个人能力的材料扫描件（原件面试时提供）； 3、通过资格审查的应聘人参加竞聘面试，面试时间和地点另行通知。未通过资格审查者将不通知参加面试，相关材料恕不退回。 1、邮寄地址：上海市徐汇区南丹路80号，人事教育处，邮编：200030 2、E-mail：rjc@shao.ac.cn,2026-03-14
大数据分析师,广州岭南国际企业集团有限公司,广州-越秀区,26-35万/年,广州-越秀区 5-7年经验 本科 招1人 03-14发布,国企,10000人以上,多元化业务集团公司,1.负责岭南集团数据中台管理标准体系的制定，如版本管理、代码管理、分支策略、对应规则、并推广实施； 2.负责数据中台管理平台日常管理流程的设计、修改，并编制管理报告； 3.负责数据中台管理平台的日常运维、巡检、故障排查，并编制运维报告； 4.负责建立和维护数据中台管理平台资料库，整理归档，并编制相关文档； 5.负责根据业务需求进行主数据建模，优化主数据业务模型，定义业务属性间的关系、含义； 6.负责定期对数据质量和完整性进行验证，并提交数据质量报告； 7.负责与业务部门进行有效沟通，对数据中台需求进行响应、处理，包括新上线业务系统、单位和人员日常新增调整等； 8.负责数据中台管理平台与业务系统数据交互异常问题分析处理； 9.领导交办的其他工作事项。 1.本科及以上学历，计算机相关专业； 2.具有2年以上与数据管控相关的系统运维管理经验，具有大型综合企业工作经验者优先； 3.熟悉Oracle、SQL、MySQL等常用数据库，同时具有SQL脚本编写能力； 4.熟悉linux/Windows操作系统、服务器配置、系统管理等操作，具备shell编写能力； 5.具有较强的安全意识、丰富的专业知识、分析解决问题能力、灵活应变能力； 6.良好的沟通能力、抗压能力、责任心、职业操作和团队合作精神。,2026-03-14
数据开发工程师,西安盈达信息科技有限公司,西安-雁塔区,0.8-1.5万/月,西安-雁塔区 3-4年经验 本科 招9人 03-14发布,民营公司,150-500人,计算机软件,岗位职责： 1、负责公司产品的数据库设计； 2、负责相关业务的数据模型设计； 3、设计并优化数据库物理建设方案； 4、制定数据库备份和恢复策略及工作流程与规范； 5、在项目实施中，承担数据库的实施工作； 6、针对数据库应用系统运行中出现的问题，提出解决方案； 7、为应用开发、系统知识等提供技术咨询服务。 任职要求： 1、通信、电子工程、自动化、计算机其相关专业本科以上学历； 2、掌握数据库技术的基本概念、原理、方法和技术； 3、熟练使用SQL语言实现数据库操作； 4、熟练ETL存储过程开发（Teradata、Oracle、DB2、mysql等）； 5、具备数据库系统安装、配置及数据库管理与维护的基本技能； 6、了解数据库应用系统的生命周期及其设计、开发过程； 7、熟悉常用的数据库管理和开发工具，具备用指定的工具管理和开发数据库应用系统的能力； 8、能适应短期出差 9、具有严谨认真的工作态度，对枯燥作业有耐心。,2026-03-14
智慧医疗大数据工程师202001,鹏城实验室,深圳-南山区,,深圳-南山区 1年经验 硕士 招若干人 03-14发布,事业单位,1000-5000人,学术/科研,"1.负责大数据平台的基础环境搭建与性能优化，完成平台的构建与维护、实时流计算平台、分布式调度、可视化报表等平台的架构与研发； 2.对各种开源框架进行深入的代码剖析和优化； 3.参与大数据技术方案评审。 硕士及以上学历，计算机、信号处理、自动化等相关专业，具备一定的模式识别、图像处理等理论知识；？？ 具有3年或以上的分布式计算平台研发工作经验 英语六级以上，从事医学研究型项目经历者有限；？ 1.对大数据相关组件：Hadoop、Spark、Hbase、Hive、Flink、Kafka、Flume等架构与底层实现有深入理解，具备相应的定制和研发能力，尤其需要精通Flink框架； 2.具备构建稳定的大数据基础平台的能力，具备数据收集、数据清洗、数据仓库建设、实时流计算等系统研发经验； 3.熟悉shell,python等脚本语言。熟悉MYSQL或其他大型数据库，有一定SQL编码及调优经验，熟悉java,Scala等语言更优。 4.具备医疗行业信息化产品或者研发领域行业经验优先。 5.对技术有热情，有不错的数据思维和敏感度，有一定的数据分析能力优先，对深度学习、机器学习有一定的了解优先； 6.工作有计划性，责任心和执行能力强，具备高度的责任心、诚信的工作作风、优秀沟通能力及团队精神。",2026-03-14
数据分析师,四川鑫迈达广告有限公司,西安,4.5-6千/月,西安 1年经验 本科 招18人 03-14发布,民营公司,150-500人,"互联网/电子商务,专业服务(咨询、人力资源、财会)",岗位职责： 1.负责视频产品的内容筛选、编辑，对于不合规视频进行反馈和处理； 2.负责视频内容筛选，具有突出的内容敏感度，能够敏锐的挖掘平台中的优质内容，抓取各类视频的热点及关键词，并填写在视频标签处，方便用户在搜索视频时进行筛选。 任职要求： 1.本科及以上学历 2.具有较强的文字编辑能力和内容概括提取能力； 3.具有较强学习能力，入职后有专业讲师进行培训； 薪资福利： 1.无责底薪3000+绩效提成=综合4-6K 2.享有六险（含养老、医疗、失业、工伤、生育、意外） 3.知名互联网公司专家和在职优秀培训师为你提供全方位岗位技能带薪培训 4.完善的晋升空间：专员→组长→经理→总监 5.完善的内部竞聘制度，多维度职业发展模式 6.优秀员工获得内推互联网大咖公司机会，享正编待遇 上班时间： 8小时轮班，双休轮休,2026-03-14
数据分析师,四川南舟数字新媒体有限公司,成都-金牛区,4.5-6千/月,成都-金牛区 在校生/应届生 本科 招3人 03-14发布,民营公司,150-500人,"广告,文字媒体/出版",岗位职责 1、协助制定销售团队年度、季度、月度计划任务，对任务数据进行核查。 2、追踪销售团队任务完成情况并进行数据分析。 3、对销售数据进行专项分析，编制相关的数据分析报表。 4、原有数据报表的整合、规范和优化，研究改进数据分析的方法，建立自动推送报表机制。 任职要求： 1、本科及以上学历，经济、管理、统计相关专业，有数据分析工作经验者优先，24-28岁 2、熟练使用Excel函数及制图、SQL查询数据等工具。熟悉VBA者优先。 3、对工作认真负责，有优秀的逻辑思维能力、沟通能力和团队合作精神。 4、积极主动，学习能力强，善于思考工作中的问题并提出建议。 5、做事细心、耐心，性格沉稳。 薪酬福利： 1、五险一金、周末双休、上午9点下午6点，基本工资3500+绩效奖金； 2、享受带薪年假，国家法定节假日，带薪国内外旅游； 3、公司提供专业的带薪岗前培训； 4、享受5A级写字楼办公环境，全天空调室内办公，每人拥有独立的工作区； 5、集团公司、横向、纵向发展空间大，岗位晋升体系完整且透明。,2026-03-14
数据分析师,四川源本盛贸易有限公司,成都-金牛区,4.5-6千/月,成都-金牛区 在校生/应届生 本科 招3人 03-14发布,民营公司,50-150人,"服装/纺织/皮革,贸易/进出口",岗位职责 1、协助制定销售团队年度、季度、月度计划任务，对任务数据进行核查。 2、追踪销售团队任务完成情况并进行数据分析。 3、对销售数据进行专项分析，编制相关的数据分析报表。 4、原有数据报表的整合、规范和优化，研究改进数据分析的方法，建立自动推送报表机制。 任职要求： 1、本科及以上学历。，24-28岁 2、熟练使用Excel函数及制图、SQL查询数据等工具。熟悉VBA者优先。 3、对工作认真负责，有优秀的逻辑思维能力、沟通能力和团队合作精神。 4、积极主动，学习能力强，善于思考工作中的问题并提出建议。 5、做事细心、耐心，性格沉稳。 薪酬福利： 1、五险一金、周末双休、上午9点下午6点，基本工资3500+绩效奖金； 2、享受带薪年假，国家法定节假日，带薪国内外旅游； 3、公司提供专业的带薪岗前培训； 4、享受5A级写字楼办公环境，全天空调室内办公，每人拥有独立的工作区； 5、集团公司、横向、纵向发展空间大，岗位晋升体系完整且透明。,2026-03-14
数据开发工程师,幻方量化,杭州-下城区,40-80万/年,杭州-下城区 在校生/应届生 本科 招若干人 03-14发布,民营公司,50-150人,金融/投资/证券,目标： 1. 构建安全、高效、稳定的数据平台，为量化研究提供有效的数据支撑。 2. 拓展数据来源，不断提升数据质量，支撑业务发展。 要求： 1.985或海外知名高校，本科及以上学历，理工科专业。 2.精通Python、bash，熟练掌握至少一种其他编程语言，能够灵活选择合适的技术来解决问题。 3.熟悉数据采集、数据清洗、数据存储、数据分析的全流程，能够根据业务特点提出架构级解决方案。 4.具有结构化思维能力、自我驱动和自我管理能力，能够针对系统的不足提出改进方案并推动实现。 5.认同开放共进的企业文化，积极创新，乐于挑战，良好的逻辑思维、沟通协调和自我学习能力，主动负责，严谨细致，勤奋踏实。 薪酬： 40-200万年收入，具体面议。,2026-03-14
数据分析师,江苏舜昊健康产业集团有限公司,南京-雨花台区,4.5-6千/月,南京-雨花台区 3-4年经验 大专 招1人 03-14发布,民营公司,50-150人,"医疗设备/器械,专业服务(咨询、人力资源、财会)",1、负责公司调研数据的分析研究，出具专业的数据分析报告，给客户提供相应的数据分析结论以及改进建议； 2、负责调研方案的具体细节跟进，在实施过程中对项目进行管理和督导，保证数据和信息的充分和真实； 3、在上级的领导和监督下定期完成量化的工作要求，并能独立处理和解决所负责的工作； 4、协助处理多个系统产生的数据，并进行分析，提交分析报告； 5、将数据和各部门进行对接，实时掌握业务推进情况。 岗位要求： 1、具有较好的文字写作能力，有相关的写作经验优先（提供文字作品） 2、具有较强的数据敏感度和行业观察力，喜欢数据统计与分析； 3、较好的语言沟通能力，能有效与客户进行沟通； 4、熟练掌握日常办公软件，熟悉统计工具spss、Excel； 5、良好的英语读写能力，较好的时间观念和管理能力； 6、为人真诚、认真，工作踏实能吃苦，有志成为行业专家 7、精通文本分析，具有较强的数据逻辑及分析能力； 8、具有较强的责任心，较强的执行力，能独立完成分析任务； 9、具备销售、市场调查、统计分析、数据分析等方面的专业知识； 10、统计学相关专业，有市场调研、统计分析领域经验者优先。,2026-03-14
大数据开发工程师,广州华央电子科技有限公司,广州-黄埔区,6-8千/月,广州-黄埔区 在校生/应届生 招若干人 03-14发布,民营公司,500-1000人,"计算机软件,电子技术/半导体/集成电路",岗位职责： 1、负责设计和开发分布式网络采集系统，各个渠道的财经信息的抓取和分析； 2、设计爬虫策略和防屏蔽规则，提升抓取的效率和质量； 3、负责爬虫逻辑的开发，快速响应业务变动。 岗位要求： 1、计算机及相关专业，专科以上学历，18-30周岁； 2、能够解决封账号、封IP、验证码识别、图像识别等问题的优先； 3、具有良好的沟通能力和团队合作意识，有数据分析、文本分析背景者优先 公司福利： 1、 基本福利样样齐全，高于行业平均水平的高薪资，五险一金等等！ 2、 行业良心企业领头羊，让你年底无忧的全年15薪！ 3、 早9晚6上班制，创意园办公，轻松宽阔的工作环境让你灵感爆发！ 4、 充足的假期时间，周末双休、国家法定节假日、带薪年假等，根据节日气氛，还有各种小礼物小红包哦~ 5、 午餐无烦恼！公司自建饭堂提供自助餐式午饭、下午茶、晚餐，新鲜无添加好营养~ 6、 活动多多，每月生日会、每周打球活动，不定时户外活动~,2026-03-14
财务分析/数据分析师,社宝信息科技（上海）有限公司,上海-静安区,7-9千/月,上海-静安区 2年经验 本科 招1人 03-14发布,民营公司,500-1000人,"互联网/电子商务,专业服务(咨询、人力资源、财会)",1. 大学本科及以上学历，统计学、数学、财务类相关专业优先；,2026-03-14
大数据开发工程师,长沙二三三网络科技有限公司,长沙,1.5-2万/月,长沙 3-4年经验 大专 招1人 03-14发布,民营公司,150-500人,"互联网/电子商务,通信/电信/网络设备",4、开发大数据自动化运维、监控、故障处理工具，监控所有基础设施组件、应用程序，提供紧急应急措施。,2026-03-14
数据分析师,湖南潭州教育网络科技有限公司,长沙-岳麓区,4-9千/月,长沙-岳麓区 1年经验 大专 招3人 03-14发布,民营公司,5000-10000人,"教育/培训/院校,互联网/电子商务",1.负责本部门推广运营及多渠道业务数据的整理和分析，制作数据报表，固化常规数据报表，提升数据价值； 2.负责本部门数据报表使用培训，推进报表模板的使用； 3.为其他相关部门提供数据分析支持、报表分析支持、报表模型支持等； 4.熟悉公司知识、公司业务及流程，有自己的独特见解，为付费广告投放提供决策依据。 5.能够运用图表有效表达数据分析师的分析观点，使分析结果一目了然。 任职要求： 1、大专及以上学历，年龄28岁以下，有数据分析从业经验优先； 2、数学、统计学、计算机专业优先； 3、逻辑思维能力强、数据分析能力强、数据敏感度强； 4、熟练使用Excel中的函数以及透视表，对BI及数据可视化感兴趣，熟悉各类数据分析方法； 5、细心严谨、有责任感、善于思考，熟悉互联网行业商业模式者优先,2026-03-14
数据分析师,湖南潭州教育网络科技有限公司,长沙-岳麓区,3.5-6千/月,长沙-岳麓区 无需经验 大专 招3人 03-14发布,民营公司,1000-5000人,"教育/培训/院校,互联网/电子商务",岗位职责： 1.深入了解业务，分析集团业务数据 2.根据财务核算部门提供的数据，分析集团数据情况 3.监控业务发展情况，提高数据报告分析及建议 任职资格： 1.大专以上学历，年龄28岁以下，有数据分析经验优先 2.数学，统计学，计算机专业优先 3.逻辑思维能力强，有数据分析意识，数据敏感度 4.熟练使用excel中的函数以及透视表，对BI及数据可视化感兴趣，熟练各类数据分析方法 5.细心严谨，有责任心，善于思考，熟悉互联网行业商业模式优先,2026-03-14
数据分析师,湖南潭州教育网络科技有限公司北京分公司,北京-石景山区,5-9千/月,北京-石景山区 2年经验 大专 招1人 03-14发布,民营公司,,教育/培训/院校,"岗位职责： 1、负责销售业务数据分析体系的搭建，并依据数据制订销售目标提升建议。 2、负责销售业务的场景分析，专注于转化率、流程设计、销售支持等方面，帮助销售团队提升销售过程中的转化率。 3、针对销售业务问题，通过多种调研方式，深入了解分析诉求，制定完整的分析思路和解决建议。 4、负责销售团队日常业务数据统计、业务分析和月度考核及提成结算； 5、负责销售团队与公司之间的业务往来沟通，做好业务衔接和跟进； 6、负责对销售过程中存在问题的原因进行分析和解答。 配合销售完成合同管理，完成内部流程，营销支持等工作； 7、负责促销活动、电销数据的效果分析，分析出各种场景的销售流程。 8、配合销售完成合同管理，完成内部流程，营销支持等工作； 9、其他与销售支持相关的工作。 任职要求： 1、专科以上学历，数学、统计学、金融、理工类等相关专业优先； 2、二年以上数据分析相关工作经验，具备较强的数据分析能力； 3、 数据敏感，逻辑性强，反应快速敏捷，具有战略统筹分析能力者优先； 4、熟悉使用Excel、SQL、PPT等方案及数据处理工具； 5、专业的数据分析能力,能独立负责某一模块的系统性分析,可独立撰写数据分析报告； 6、沟通能力强，能够独立完成跨部门的资源沟通与协调工作。 福利待遇： 1、6000-10000 +免费提供2餐+带薪培训+五险一金+节假日休假+节日福利； 2、免费入职体检（转正后报销）。 3、地址：北京市石景山诚通街26号院金融街长安中心2号楼1401室（古城地铁200米）； 4、联系电话：18600044691 联系人：嘉琪 5、公司网址：http://www.tanzhouedu.com/ 6、HR邮箱：TanzhouNYHR@126.com",2026-03-14
电子数据分析工程师,福建中锐电子科技有限公司,福州,4-6千/月,福州 1年经验 大专 招若干人 03-14发布,民营公司,50-150人,电子技术/半导体/集成电路,1、电子数据搜索、恢复和修复； 2、用户操作行为分析； 3、电子数据一致性和相似性分析； 4、软件功能分析。 职位要求： 1、计算机、通信、信息安全相关专业，无从业经验可进行培养； 2、有一定编程能力； 3、对数据库、操作系统、文件系统有一定了解 ； 4、有较强的责任心和沟通能力，工作细致耐心、积极主动，有团队合作精神； 5、有司法鉴定、数据恢复、使用取证工具等经验者优先。,2026-03-14
数据分析师,杭州杰恩西网络技术有限公司,杭州-下城区,0.8-1万/月,杭州-下城区 1年经验 本科 招1人 03-14发布 日语精通 日语,创业公司,50-150人,"互联网/电子商务,贸易/进出口",1.了解日本市场需求 2.制定选品方案思路，实现数据统计，分析报告推进落地，给予各店铺数据支持 3.对数据指标做出正确的归因和判断 4.为选品提供切实有效的改进建议和执行方案 5.熟悉日本各电商平台规则 岗位要求： 1.有日本留学经验或产品数据分析经验； 2.日语N1，简单编程； 3.较强的数据分析能力、对日市场的觉察力、学习能力,2026-03-14
大数据运营工程师-温州地区,中国移动通信集团浙江有限公司,温州,,温州 本科 招若干人 03-14发布,上市公司,,通信/电信/网络设备,主要工作职责 1、负责大数据应用需求收集、挖掘、分析、需求评估实现并进行跟踪优化等工作； 2、负责大数据平台的应用维护，包括数据的同步、维护和模型发布； 3、负责大数据知识、技术能力、产品应用的培训宣传推广工作。 能力素质及知识技能要求 1、2020届普通高等学校全日制应届本科及以上学历毕业生，计算机类、信息类、数学统计类等相关专业；英语CET-4成绩达到425分及以上； 2、熟悉Hive/SQL或SAS/JAVA/R语言及Linux/Unix 平台开发，了解底层数据的架构技术以及应用层数据分析和算法的基本概念； 3、具备敏锐的商业敏感度和市场意识；优秀的数据分析能力、逻辑思维能力、细节关注能力；能够开发创新而实际的分析方法以解决复杂的商业问题，认可公司文化。,2026-03-14
数据分析工程师,系统集成有限责任公司,北京,,北京 本科 招3人 03-14发布,国企,,通信/电信运营、增值服务,工作地点：北京 学历要求： 本科及以上 专业要求： 通信、软件工程、计算机等相关专业毕业 岗位职责 1.参与项目需求分析，数据调研； 2.使用sql、统计学习算法、机器学习算法、深度学习算法进行数据分析、数据挖掘； 3.编写数据分析报告； 4. 通过数据分析，挖掘业务问题，提出优化建议； 应聘资格要求 1.本科及以上学习，计算机、数学相关专业，具有统计学习基础。 2、具备数据ETL所需的数据库、编程能力，具有python、java开发能力，具有良好的SQL能力； 3.了解大数据相关技术，Hadoop、hive、Flink、spark等； 4.具有统计学习算法基础，掌握机器学习、深度学习算法； 5、具备较强的沟通表达能力、较强 的服务意识，能够与客户进行有效沟通； 6、可以接受出差工作； 7、有一定金融行业数据分析经验者优先,2026-03-14
数据分析工程师,系统集成有限责任公司,北京,,北京 本科 招3人 03-14发布,国企,,通信/电信运营、增值服务,工作地点：北京 学历要求： 本科及以上 专业要求： 通信、软件工程、计算机等相关专业毕业 岗位职责 1.参与项目需求分析，数据调研； 2.使用sql、统计学习算法、机器学习算法、深度学习算法进行数据分析、数据挖掘； 3.编写数据分析报告； 4. 通过数据分析，挖掘业务问题，提出优化建议； 应聘资格要求 1.本科及以上学习，计算机、数学相关专业，具有统计学习基础。 2、具备数据ETL所需的数据库、编程能力，具有python、java开发能力，具有良好的SQL能力； 3.了解大数据相关技术，Hadoop、hive、Flink、spark等； 4.具有统计学习算法基础，掌握机器学习、深度学习算法； 5、具备较强的沟通表达能力、较强 的服务意识，能够与客户进行有效沟通； 6、可以接受出差工作； 7、有一定金融行业数据分析经验者优先,2026-03-14
安全数据分析师,龙湖集团,北京,,北京 本科 招若干人 03-14发布,上市公司,,房地产,"岗位职责： 1.深入了解网络安全业务知识,建立科学的数据评估模型及指标体系,监控业务发展中遇到的各种问题并寻求最优解决方案。 2.利用数据分析工具,为业务提供数据分析与挖掘,模型与算法等相关服务。 岗位要求： 1.对数据分析及信息安全工作有兴趣。 2.熟悉数据清理、数据分析、数据可视化方法。 3.熟练使用至少一种统计数学软件(R/Mmatlab等)。 4.扎实的网络安全知识基础和数理专业知识基础,对数据敏感,有缜密的逻辑思维能力。 5.具备出色的自驱力,学习力,洞察力,创新力,善于沟通协作,对技术充满热情,追求技术极致与创新。 6.熟悉至少一门编程语言。 7.具备数据分析项目经验者优先。",2026-03-14
大数据开发工程师,中国移动通信有限公司销售分公司,杭州,,杭州 本科 招5人 03-14发布,国企,,通信/电信/网络设备,主要工作职责 1、根据产品运营及生产需求，对业务数据进行挖掘分析，为专项问题提供数据支撑及优化建议； 2、收集业务需求，不断完善数据常态化的提取机制，搭建业务监控指标体系； 3、参与运营方案、需求分析，真正融入产品及业务，为产品运营及业务侧做好大数据分析与应用。 岗位要求 1、2020届普通高等院校全日制本科及以上毕业生，计算机类、通信类、电子信息类、统计类、数学类等相关专业；英语通过CET-6 425分及以上； 2、 熟练使用SQL进行数据提取，熟悉SAS、SPSS等数据分析/挖掘工具； 3、具备敏锐的数据观察和分析能力，良好的书面表达能力；对行为分析感兴趣，喜欢从数据中发现规律，乐于大数据的研究与运用。,2026-03-14
数据分析师,上海联蔚信息科技有限公司,南京,,南京 本科 招2人 03-14发布,民营公司,,计算机软件,1. 整理分析日常交易数据，行为数据，提供日常数据支持； 2. 本科及以上学历，数学、统计学、计算机相关专业； 3. 有数据分析相关项目经验者优先考虑； 4. 熟悉excel，PowerPoint等办公软件； 5. 对数据敏感，熟悉数据分析工具如SQL，Python 等； 6. 思维活跃、逻辑性强，具备快速学习能力及抗压能力；沟通、协调能力强,2026-03-14
大数据测试工程师,建信金融科技有限责任公司,厦门,,厦门 本科 招5人 03-14发布,国企,,金融/投资/证券,岗位职责： 1、负责参与系统和产品测试计划制定、测试环境搭建、测试用例编写、测试执行及测试报告编写。 2、负责自动化测试工具的调研和应用、自动化测试脚本的编写，利用自动化测试提高测试效能 3、负责参与产品缺陷跟踪和管理，保证项目质量和进度； 招聘要求： 1.本科及以上学历；计算机、软件工程等相关专业； 2.熟悉软件测试理论和方法，对软件测试有强烈的兴趣； 3.熟悉一种或多种测试工具的优先，如Selenium、QTP、Jmeter、LoadRunner、Jenkins 4.了解大数据技术和流计算框架的优先，包括但不限于Hadoop，Spark，Kafka，Flink、Storm 5.具备大数据领域测试经验的优先； 6.具备良好的数据和逻辑分析能力；有较强的学习能力、钻研精神；具备良好的沟通能力和团队协作精神。 7.具备良好的英语读写能力。,2026-03-14
大数据工程师(000384),技术中心,成都,,成都 硕士 招2人 03-14发布,国企,,家具/家电/玩具/礼品,1、自然语言处理、机器学习、数学、统计学、计算机相关专业优先； 2、用自然语言处理和机器学习完成对非结构化文本数据信息要素抽取和知识管理； 3、负责文本大数据挖掘算法建模、模型评估、参数调优； 4、熟悉Hadoop／Spark、Storm、Hive、HBase等主流的大数据技术； 5、熟悉Mysql、Mongodb、Redis等数据库应用开发,2026-03-14
大数据开发工程师（北京）,日常实习生项目,北京,,北京 本科 招若干人 03-14发布,外资（非欧美）,,机械/设备/重工,"工作内容： 此职位为日常实习生职位。实习周期：每周3-5天，不少于4个月 职位要求： 1. 熟练掌握Java开发, 有SpringMVC使用经验。 2. 熟悉Linux/Unix操作系统, 熟练使用Shell脚本编程。 3. 有RESTful API设计和开发经验。 4. 有Spark开发和部署经验。 5. 了解大数据Hadoop技术生态圈, 熟悉Yarn资源管理原理。 6. 了解Hive, Hbase, Storm, Kafka等组件的API调用。 7. 思维清晰, 条理性强, 优秀的沟通理解能力。 8. 熟练使用Git。 9. 有搭建Hadoop大数据平台经验者优先。 10. 有ETL和调度程序开发经验者优先。",2026-03-14
大数据工程师,中移（上海）信息通信科技有限公司,上海,,上海 本科 招若干人 03-14发布,国企,,通信/电信/网络设备,岗位主要职责： 负责大数据分析、建模、模型优化及应用开发等： 1、负责数据分析、建模、技术实现等； 2、对应用中的数据模型进行跟踪、调整和优化； 3、开发基于Hadoop/Spark/storm/flink生态的大数据定时/实时应用程序； 4、参与业务数据、生产日志的抽取、转储、检索等相关工作； 5、跟进大数据前沿技术的发展，将合适的技术方案适时引入业务场景； 6、大数据可视化的开发及后续技术支撑。 任职资格要求： 教育：计算机、信息系统、数学、统计学等相关专业全日制研究生学历 技能： 1.了解数据采集、存储、清洗、分析及挖掘等方面的相关技术 2.了解大数据平台运行的环境配置及安装部署方式 3.了解多项大数据处理/分析相关的工具/框架，如Hadoop、 MapReduce、Hive、Storm、Spark、flink、kafka及HBase等 4.大数据前段开发需有Echarts、D3.js等可视化开发经验者 5.有相关岗位实习经验者优先,2026-03-14
基础技术研究-人工智能、大数据算法研究,北京科东电力控制系统有限责任公司,北京,,北京 硕士 招3人 03-14发布,国企,,电气/电力/水利,工作内容：负责开展行业人工智能、大数据等新技术预研，跟踪国内外相关领域研究动态，开展基础、前瞻技术研究，开展新产品或原型系统研制等工作 其他：熟悉人工智能、大数据分析挖掘的基本原理与方法； 掌握人工智能、大数据分析的常用开发框架与开源软件，熟练掌握Java/Python； 有相关课题研究与项目经验者优先。,2026-03-14
VBA程序员、数据专员、数据工程师,深圳市汇福工程造价咨询有限公司广州分公司,广州-天河区,0.8-1万/月,广州-天河区 无需经验 本科 招2人 03-14发布,民营公司,50-150人,专业服务(咨询、人力资源、财会),"1、熟练应用office软件，精通EXCEL电子表格工具，能够掌握EXCEL多种常用函数及复杂数据分析功能； 2、负责Excel自动生成程序编写； 3、使用VBA宏等工具优化、改善现有流程，减少人工操作部分，提高工作效率； 4、日常数据统计及数据处理自动化。 任职条件： 1、熟悉VBA程序开发、有良好的编程习惯；具有独立的VBA开发能力和经验； 2、熟练掌握Excel，掌握常用函数和数据透视表； 3、要求具有一定的数据分析和处理能力,懂正则表达式更佳； 4、责任心强，工作细心。具有较强的分析和解决问题的能力，具备良好的团队协作能力。 5、VBA宏Excel编程VBA编程",2026-03-14
数据工程师（2020应届生）,深圳市递四方信息科技有限公司,深圳-宝安区,0.8-1.5万/月,深圳-宝安区 在校生/应届生 本科 招若干人 03-14发布,合资,1000-5000人,互联网/电子商务,任职要求： 1、985/211类院校毕业生优先，了解Linux环境 ，熟悉SQL结构化查询语言 了解一种脚本语言(Shell、Python、java 等)； 2、了解数据仓库建设模型、掌握统计学、基本分析算法； 3、了解Hadoop Spark Hive Hbase 等大数据平台框架； 4、具备良好的数据敏感度、学习能力、时间和流程意识、沟通协作能力； 5、有物流/电商公司数据平台相关实习经验优先。,2026-03-14
数据分析师,奥镁（大连）有限公司,上海-黄浦区,2.5-3万/月,上海-黄浦区 5-7年经验 本科 招2人 03-14发布,外资（欧美）,1000-5000人,"机械/设备/重工,贸易/进出口","About the job You will: ？ Be part of the agile development team of an innovative, digital product in a rough and challenging environment (heavy industry), ？ build up a 1st level support contact for technical queries, problems, incidents, questions and requests for our application (no call center atmosphere!), ？ be challenged by spontaneous and new requests, using your troubleshooting skills to react, review and advise on technical matters and translate problems to the development team. ？ Be part of a highly motivated, diverse team. ？ travel to Europe for the first 6 months after joining as training 任职要求： 1) Data science (Phyton is a must, MS Azure Machine Learning services is a benefit) 2) Computer Vision (expertise in stereo matching) 3) Software Developers (Front End programmers, UX/UI experts etc). ？ Have a technical education and first experience in the field of technical support, development or similar, ？ Are experienced with UNIX / Linux administration and are feeling comfortable using monitoring tools and analyzing log files to investigate customer inquiries or issues that we experience in our production environments, ？ Have excellent analyzing and troubleshooting skills, ？ Have high communication skills and are used to communicate with internal and external stakeholders in an international environment, ？ Network administration knowledge and Computer Vision skills are a plus.",2026-03-14
Digital Industry Senior Data Analyst 数字化工业高级数据分析师,西门子工厂自动化工程有限公司(SFAE),北京,,北京 5-7年经验 大专 招若干人 03-14发布 英语良好,外资（欧美）,1000-5000人,仪器仪表/工业自动化,"Job Description Siemens provides one-stop digitalization upgrade services to customer, including consulting, project implementation, and continuous optimization based on advanced data analytics. The successful candidate will be responsible for algorithm application and development, help industrial customers to dig out the value of their data, and continuously improve their production efficiency and quality.",2026-03-14
数据分析师Analyst,万宝盛华企业管理咨询（上海）有限公司,上海-徐汇区,1-1.5万/月,上海-徐汇区 1年经验 本科 招若干人 03-14发布,外资（欧美）,1000-5000人,中介服务,"position target ？ Support the commercial team to evaluate Innovation concepts from target consumer, product communication, packaging, price etc. aspects with multi enablers. ？ Conduct digital platform data analytics with leading EC platforms, especially on Ali. ？ Conduct multi-channel data integration projects to solve ad-hoc business questions. Position responsibility: ？ Be responsible for end-to-end Innovation concept evaluation projects from project design to clear and simple re-ports. Also need to cooperate with marketing team and precise marketing team to apply findings in ecommerce execution. ？ Be responsible to conduct on-going post launching NPD performance tracking with internal and external data. ？ Be responsible for ad-hoc requests regarding consumer insight, market trend insight and category development insights. ？ Be responsible for precise consumer identification & analytics. Background ？ Bachelor or above ？ More than 1 year experiences in data analytics (priority) and market research + insights ？ Familiar with EC operation and Consumer Insight is preferred. ？ Related FMCG industry or media/data consultancy operation experience, knowledge of marketing, trade and retail is preferred. ？ Good communication skills in English. ？ Familiar with the major precision marketing data tools (TMIC, Databank, Strategy Center, Jiushu, etc.) is preferred. ？ Detail oriented personality and good logic thinking is compulsory. 岗位目标（岗位目标及价值简介） 支持商业团队从目标消费者、产品沟通、包装、价格等多方面评估创新理念。 与领先的电子商务平台进行数字平台数据分析，特别是在阿里。 开展多渠道数据集成项目，解决特殊业务问题。 岗位职责： 从项目设计到清晰简单的再移植，负责端到端创新概念评估项目。还需要与营销团队和精确营销团队合作，将调查结果应用到电子商务执行中。 利用内部和外部数据，负责持续进行发射后新产品开发绩效跟踪。 对有关消费者洞察、市场趋势洞察和品类开发洞察的特别要求负责。 负责准确的消费者识别和分析。 背景 ？本科及以上学历 ？一年以上数据分析（优先）和市场研究+洞察经验 ？熟悉电子商务操作和消费者洞察力者优先。 ？相关快速消费品行业或媒体/数据咨询运营经验，市场营销、贸易和零售知识者优先。 ？良好的英语沟通能力。 ？熟悉主要精准营销数据工具（TMIC、数据库、战略中心、九州等）者优先。 ？注重细节的个性和良好的逻辑思维是必修课。",2026-03-14
数据分析师,中国联合网络通信有限公司广东省分公司,广州-天河区,11-16万/年,广州-天河区 1年经验 本科 招若干人 03-14发布,国企,1000-5000人,通信/电信/网络设备,1.负责数据仓库与业务情景分析的构建、维护、部署和评估； 2.负责业务数据分析需求的调研、分析及实现； 3.根据需求进行系统设计和详细设计，承担核心模块和核心功能开发； 4.熟练使用SQL，使用各类数据分析工具，分析报表，能快速对数据分析输出结果； 5.拓展数据对用户模型精准度，实现动态处理。 任职要求： 1.全日制本科及以上学历，具备良好的数据敏感度，能从海量数据提炼核心结果，有数据分析、挖掘、清洗和建模的经验，1年以上开发经验； 2.熟悉Oracle、MySQL等主流数据库，具有良好的SQL语言开发技能，掌握存储过程、函数等开发技术； 3.熟悉Linux、shell，python脚本； 4.熟悉hadoop，HDFS、Hive、Sqoop大数据平台； 5.具备良好的学习能力和分析解决问题能力。,2026-03-14
数据分析师,中软国际科技服务有限公司,深圳-南山区,1.2-1.6万/月,深圳-南山区 2年经验 本科 招1人 03-14发布,合资,10000人以上,"计算机软件,计算机服务(系统、数据服务、维修)",岗位职责： 1. 针对产品运营链条的各类关键数据，建立完整的数据分析体系，通过数据分析驱动业务优化迭代； 2. 深入理解业务、产品、用户和场景，通过数据分析洞察业务关联，全面梳理产品运营体系； 3. 设计并规划相关数据分析项目的可行性数据框架，同时确保该设计方案的最终实施； 4. 响应各种临时性数据分析需求，制作逻辑清晰的分析报告 职位要求： 1. 具有互联网行业背景，对移动互联网发展有清晰认识，对数据分析有浓厚的兴趣 2. 熟悉linux环境，hadoop仓库环境，精通hivesql，有海量数据处理经验； 3. 熟悉常见数据分析理论，能够通过专业分析技能为公司识别并落地价值； 4. 对数据敏感，有较好的逻辑思维能力，能独立编写数据分析报告。,2026-03-14
数据分析师（信息安全方向）,北京陌陌信息技术有限公司成都分公司,成都-高新区,0.8-1.5万/月,成都-高新区 3-4年经验 本科 招若干人 03-14发布,民营公司,500-1000人,"互联网/电子商务,计算机软件",1、对平台上存在的垃圾信息和危险用户进行识别，并进行有效的数据分析、快速处理，总结出可用的规律和特征； 2、评估、制定反垃圾/信息安全类策略，有效阻断垃圾信息传播，打击作弊用户； 3、掌握陌陌平台上的Spam作弊情况和对用户体验的伤害情况； 4、能够发现线上策略、后台及工作中不合理之处，并提出相应合理的建议，推进解决； 任职要求： 1、有过1年以上反垃圾/反作弊/风控/信息安全/数据分析相关工作经验者优先； 2、熟练掌握Python语言；熟悉软件、后台开发流程； 3、具备数据采集、清洗与分析处理能力；熟悉SQL、elasticsearch、kibana操作者优先； 4、有良好的沟通、理解、表达能力，较强的求知欲、学习能力和团队合作精神，积极主动且有责任心和抗压能力。,2026-03-14
大数据开发,广州游爱网络技术有限公司,广州,0.8-1.5万/月,广州 1年经验 本科 招1人 03-14发布,上市公司,500-1000人,网络游戏,"岗位职责： 1、负责基于Hadoop的大数据基础平台的建设和开发运维； 2、设计开发大数据平台相关的核心系统； 3、协同数据分析师开发、优化数据业务； 4、跟踪技术社区发展动态，持续优化大数据平台的业务和技术。 任职要求： 1、本科及以上学历，1年以上工作经验，计算机相关专业； 2、熟悉Hadoop、Hive、Spark、HBase等大数据存储和计算系统，掌握Flink、Presto等一种或多种技术者优先； 3、熟悉Java，熟悉Spring Boot，有Spring Cloud Alibaba项目开发经验优先； 4、熟悉Linux，掌握Shell； 5、熟悉MySQL或MongoDb； 6、具有团队开发经验，良好的代码书写能力，能够独立承担模块级开发任务； 7、熟悉阿里云大数据产品：EMR, 云HBASE, MaxCompute等云上大数据Saas应用经验者优先； 8、有数据建模项目落地相关经验者优先； 9、有Vue开发经验者优先。",2026-03-14
电商数据分析师,广州时易中信息科技有限公司,广州-荔湾区,0.7-1万/月,广州-荔湾区 2年经验 大专 招1人 03-14发布,民营公司,150-500人,"贸易/进出口,互联网/电子商务","工作职责 1、负责数据分析体系的规划、设计和建设； 2、收集、整理、分析、统计各类数据指标； 3、负责向团队提供数据分析报告的，包括常规的例行报告和特定的专题分析； 4、负责数据分析能力产品化的探索和实现； 5、负责数据可视化领域的探索和实现； 6、对相关的一些专项数据追踪和评估。 岗位要求： 1.经济管理、数理统计等相关专业，大专及以上学历，英语六级，二年以上电商行业相关数据分析工作经验； 2.熟悉办公软件(Execl,PPT)，掌握Python、R、SAS、SPSS等任一数据分析工具，精通SQL脚本编写，有网站数据挖掘分析经验或实际商务智能（BI）应用者优先； 3.良好的数据敏感度，良好的逻辑思维与表达能力，善于用简单语言表述复杂结论； 4.熟悉数据仓库、数据挖掘、人工智能、统计学、机器学习等。 5.对于从数据现象中挖掘信息、数据可视化展现上有着较为活跃的思路； 公司福利： 1. 上班时间：弹性工作制，早上8:00-9:00上班，晚上17:15-18:15下班，确保8小时，大小周； 2. 财富保障：提供优厚薪底薪+绩效，五险一金、商业保险、外出团建保险；餐补、下午茶，加班打车报销、停车费补贴；全勤奖、司龄奖、年终奖、PK赛奖金池、部门个性化奖金； 3. 晋升通道：工作优秀者每半年有晋升、调薪的机会；公司预留了充足的股权和期权，依据个人发展和企业文化匹配度，每年吸纳优秀人才进入时易中合伙人行列； 4. 健康加分：年度健康体检；篮球、羽毛球、乒乓球等体育比赛； 5. 员工活动：年度旅游、团队拓展、尾牙年会、羽毛球比赛、斯巴达中国赛等； 6. 假日福利：法定节假日、带薪年假、节日礼品、节日福利活动、婚假、产假、陪产假等； 7. 贷款福利：内部员工福利贷款，包括购车购房贷款、员工及亲属重大疾病贷款。 Ps：尽管疫情当前，时易中延迟复工时间，但我们已经开启线上办公模式啦！想要找工作的小伙伴，可以放心投简历，我们HR会主动联系你，安排视频面试，赶紧投出你的简历吧～",2026-03-14
电商数据分析师,广州蓝墨科技有限公司,广州-黄埔区,0.6-1万/月,广州-黄埔区 2年经验 本科 招1人 03-14发布,民营公司,50-150人,"互联网/电子商务,服装/纺织/皮革","1、负责公司商品方面的数据分析(包括库存/销售状况/货品结构等),为公司提供全面的数据分析结果,并提出合理化商品运作建议。 2、通过数据分析工具，满足运营部门对数据的收集、过滤、分析等需求，并完成分析报告。 3、跟进商品生命期,及时反馈,关注销售变化,下补订单。 4、分析并跟踪同行同类的产品形态、商业模式，定期对行业内成功产品、整体行业发展趋势、市场机会与风险、竞争对手等进行功能/数据分析评估，不断优化产品； 5、完成上级主管安排的日常工作。 任职要求： 1、本科学历及以上，统计学、数学，经济学、计算机信息管理等相关专业； 2、英文四级以上水平，一年以上电商数据分析相关工作，英语优秀者优先； 3、有电商数据分析、市场调研工作经验优先； 4、精通EXCEL，进行数据统计分析； 5、工作认真负责，主动积极，灵活，信息收集能力强，逻辑思维能力强，文字功底优。 6、对数据敏感，较强的逻辑分析能力，良好的内外部沟通能力。",2026-03-14
大数据全栈工程师,青岛安铭信息科技有限公司,青岛-市南区,1.5-2.5万/月,青岛-市南区 3-4年经验 大专 招1人 03-14发布,民营公司,少于50人,"计算机软件,计算机服务(系统、数据服务、维修)","职位描述： 一、岗位职责 1. 负责大数据平台数据可视化部分架构设计和开发 2. 负责大数据平台数据服务接口设计和开发 二、任职要求 1. 5年以上工作经验，至少3年以上的大数据开发经验 2.熟练掌握dubbo，Zookeeper,spring MVC，spring cloud，mybatis，ActiveMQ/RabbitMQ等行业主流技术框架，并且有实际项目经验 3.精通但不限于java/php/python/c/c++/c#一至两种语言 4. 熟悉主流 SQL、NoSQL 数据库的使用，并至少对 redis 或者 memcache 等其中一种缓存技术有深入理解 5.精通HTML5、CSS3、JS等，熟悉页面架构和布局，Web语义化等有深刻理解 6.精通linux，熟悉git/svn等代码管理工具，熟悉使用redmine项目管理工具进行项目管理 7.对新热点技术具有较高的敏感性和预测能力，能够带领团队进行技术革新 8.熟悉图像示别算法者优先 9. 深入研究过大数据框架的运行机制、实现原理、源码者优先",2026-03-14
大数据开发工程师,上海鼎格信息科技有限公司,上海-浦东新区,1.5-2万/月,上海-浦东新区 本科 招3人 03-14发布,民营公司,少于50人,"计算机软件,仪器仪表/工业自动化",1. 参与工业互联网平台及客户定制开发项目，配合项目经理，完成大数据相关工作。 2. 负责搭建、优化基于hadoop的高可用分布式hbase集群。 3. 负责对接kafka与hbase，并保障其可持续高效、稳定运行。 4. 负责大数据平台资源规划、权限控制、运维管理。 5. 基于业务需求，负责数据模型的ETL编写，参与团队ETL流程的优化及解决ETL相关技术问题。 职位要求： 1. 本科以上学历，参与过2个以上的大数据项目。 2. 可独立进行大中型数据平台架构设计和平台搭建、模型设计、ETL设计，掌握离线任务及实时流处理。 3. 熟悉Hadoop相关各种开源项目，掌握Hbase、Hive、Spark、Storm、Kafka、Flume等数据处理核心组件，对HDFS、M/R、Yarn的原理有深入了解，掌握系统优化、资源分配与权限控制。 4. 较强的Java或Python编程能力。 5. 扎实的技术功底，熟悉Redis/MySQL，熟悉Linux平台。 6. 有PB级数据库管理经验者优先。 7. 有分布式软件开发经验者优先。 8. 有物联网/工业互联网经验者优先。 9. 具有团队精神和独立工作能力，吃苦耐劳，能承受较大工作压力和出差。,2026-03-14
数据分析师,郑州紫硅信息技术有限公司,郑州-金水区,1-1.5万/月,郑州-金水区 3-4年经验 硕士 招2人 03-14发布,民营公司,少于50人,"计算机软件,计算机服务(系统、数据服务、维修)","职位信息 1, 建立和完善基于证券数据和财经信息的大数据平台，构建完善的数据存储、加工、分析、挖掘及数据产品开发的基础数据系统； 2、充分运用大数据分析及建模的方法，了解用户的需求及行为模式，提升用户满意度、活跃度、转化率、留存率，促进用户增长，发现与改进公司产品及业务流程中的问题，促进公司业务的发展，为公司的商业决策提供依据； 3、 BI系统建设：对用户进行精细化分析，设计用户数据模型，以产生实时与批量用户画像； 4、主导开发相关的数据产品。 任职要求: 1、985或211院校毕业，应用数学和应用统计学专业优先录取； 2、从事证券金融相关行业优先录取； 3、有2年以上Django/Flask/Spring Boot/Spring MVC项目经验； 4、熟练Python/Java、SQL、Shell语言，掌握Django、DRF、Flask等开发框架，Spring/MyBatis技术体系； 5、熟练操作常用数据库（Mysql、Mongodb、Redis），熟悉Html，CSS，JavaScript前端技术； 6、有使用Hadoop/Hive/HBase/Spark/ Elasticsearch /Kafka/Flume经验，进行海量数据处理经验者优先；",2026-03-14
大数据工程师,绿漫科技有限公司,杭州-西湖区,2-2.5万/月,杭州-西湖区 2年经验 硕士 招若干人 03-14发布,创业公司,150-500人,"计算机软件,互联网/电子商务","1、利用爬虫、数据挖掘、机器学习/深度学习技术，负责园区画像/企业画像与政策标签，构建智能推荐系统和产品架构研发，在园区企业服务场景中落地线上服务； 2、对园区生态内海量的业务数据、行为数据、物联网数据，通过数据挖掘，发现数据和业务背后的规律，与行业专家紧密配合，构造算法模型，从而实现对园区及各生产要素的精准分析、整体研判、协同指挥、运营提升。 任职要求 1、计算机科学、机器学习、人工智能等专业硕士及以上学历, 扎实的算法和编程能力; 2、有推荐系统相关经验, 熟悉常用的推荐算法如CF，LR，SVM，FM，FTRL，GBDT，RF，SVD，RBM，RNN，LSTM，RL； 3、对Learning to rank 有一定了解； 4、有大规模海量数据机器学习、数据挖掘、计算广告、搜索引擎、分布式爬虫相关经验者优先; 5、了解常见的分布式计算平台或深度学习框架中的一个或者多个，包括但不限于Spark、MXNet、Caffe、Tensorflow等。 备注：优秀人员条件可适当放宽！！",2026-03-14
大数据开发工程师,上海箭塔互娱网络科技有限公司,广州,1-2.5万/月,广州 3-4年经验 本科 招3人 03-14发布,民营公司,50-150人,"网络游戏,互联网/电子商务",岗位职责： 1.负责大数据与分析需求设计和开发，承担数据抽取、清洗、实时统计及离线数据处理等程序开发； 2.承担部分新技术试验和研究，并应用到公司产品； 3.独立解决开发中遇到的问题，承担开发与运维的工作； 4.负责海量数据应用开发工作，包括数据处理、数据分析统计、挖掘等相关工作； 5.利用Hadoop、Spark、Flink等技术进行离线和实时数据开发 ； 6.负责大数据平台的规划升级、平台维护和优化 ； 7.和其他部门或团队沟通、资源协调并落实工作。 岗位要求： 1.三年及以上Java开发经验，熟悉Java语言，熟悉虚拟机原理，数据结构和算法等基础扎实，熟练掌握并应用面向对象的编程思想； 2.掌握常用大数据组件hadoop、Hive、spark、Flink、hbase、elasticsearch等原理、使用和调优； 3.精通常用数据存储技术，如Redis/HBase/mysql/elasticsearch等； 4.具备较强技术功底，精通Java开发语言，能根据需求给出技术架构 ； 5.有数据仓库、元数据管理和治理的开发经验优先。,2026-03-14
数据分析师,广州市汇尚网络科技有限公司,上海,1.8-2.5万/月,上海 2年经验 本科 招若干人 03-14发布,民营公司,150-500人,互联网/电子商务,1、根据市场环境和业务需求承担复杂分析任务，并将各类业务痛点转化为合适的数学模型； 2、沉淀分析思路与框架，推动业务数据需求的量化； 3、参与和支持数据分析，对接项目、产品和技术，推动数据可视化和业务模型的落地。 能力要求： 1、统招本科及以上学历，数学、统计、计算机类专业； 2、精通SQL、Python、Excel，熟悉统计类语言，R语言、Matlab等； 3、熟练掌握Power BI或Tableau等优先； 4、对数据有较高的敏感度和警觉性，开拓性思维； 5、具备商业分析思维和能力，以及良好的团队合作精神；,2026-03-14
数据开发工程师,上海占域实业有限公司,南京,6-8千/月,南京 在校生/应届生 大专 招3人 03-14发布,合资,150-500人,"计算机软件,电子技术/半导体/集成电路",1.负责存储过程、函数的编写; 2.负责整理项目文档; 3.负责数据库性能分析与调优，排错; 4.系统数据库的定期维护和异常处理; 1.熟练使用Oracle数据库等。 2.有良好的团队合作能力。 3.熟悉UNIX、LINUX、AIX操作系统。 4.熟练掌握Shell脚本编程。 福利待遇： 1、公司提供丰厚的薪资待遇（底薪6K起，一年后年薪10万起），五险一金，年底2-6月奖金，并每年两次调薪 2、享有国家规定的法定假期、带薪年休假等福利待遇 3、公司提供定期体检，月度聚餐，节日旅游等活动 4、五天工作制，早9点-晚18：00，周末双休,2026-03-14
大数据技术开发工程师,腾讯烟台新工科研究院,异地招聘,0.6-1.2万/月,烟台 1年经验 硕士 招3人 03-14发布 计算机科学与技术 软件工程,事业单位,少于50人,"非营利组织,互联网/电子商务",岗位职责： 1、从事教育领域大数据技术研究和开发工作，跟进大数据技术发展方向； 2、参与大数据分布式应用系统服务器端或客户端软件开发工作； 3、负责大数据产品应用研发，包括实时数据流、数据仓库、调度系统、查询引擎，用户行为分析等； 4、从事教育项目的研发及落地应用。 任职要求： 1、研究生学历或本科2-3年相关行业工作经验，计算机、软件工程、数学、统计学等相关专业； 2、熟练掌握至少一种下列编程语言：Java、C、C++、R、Python； 3、熟悉Hadoop、MPP大数据平台管理、配置和平台优化； 4、具有数据仓库、ETL数据处理知识，具备图像、语音、视频相关多媒体数据处理的知识； 5、熟练掌握Linux，有数据分析与可视化（如SPSS、Tableau）应用项目经验优先； 6、愿意致力于大数据技术工作，思路清晰，善于表达，具备讲授能力优先。,2026-03-14
大数据工程师,广州博控自动化技术有限公司,广州-南沙区,1.5-2万/月,广州-南沙区 3-4年经验 本科 招1人 03-14发布,民营公司,50-150人,"环保,仪器仪表/工业自动化",1、负责公司大数据平台相关的技术开发工作； 2、负责大数据存储系统、分布式计算系统、数据集成、挖掘算法等的设计、研发以及维护、优化工作； 3、配合部门领导进行项目需求分析、设计开发工作； 4、负责大数据实施过程中相关技术问题解决。 5、完成与工作相关的技术文档编写工作。 岗位任职要求： 1、大学本科以上学历，3-5年以上大数据开发经验； 2、具备Hadoop/Hive/Spark/Storm等大规模数据处理框架的部署、开发以及调试经验； 3、精通Hadoop和Spark生态圈上的各种应用两种以上，如Hive、Spark、Storm、Kafka； 4、熟悉大数据挖掘、可视化分析，各种BI算法和产品等； 5、有互联网工作经验优先。 6、工作认真、负责、仔细，有良好的团队合作精神，良好的分析能力、沟通技巧。,2026-03-14
数据安全算法工程师,卫盈联信息技术（深圳）有限公司,深圳,2-4万/月,深圳 3-4年经验 本科 招2人 03-14发布,外资（非欧美）,500-1000人,互联网/电子商务,工作职责: 1、参与公司安全算法研究与开发； 2、参与核心安全算法的工程化设计与实现； 3、参与安全算法与底层系统平台的集成； 4、研究密码学前沿技术、密码算法实现及性能优化。 任职资格: 1、统招硕士及以上学历，数学、密码学、信息安全、计算机或通信相关专业； 2、2年及以上数据安全算法经验，熟悉密码学、安全协议和密码算法，有网络安全项目背景者优先； 3、精通Java/C++/C开发语言； 4、具备较好的英文阅读能力，有技术钻研精神和较强的学习能力； 5、逻辑思维能力强，责任感强，工作积极主动，执行力强，有良好的团队协作意识和沟通能力。 关于WeLab： C轮金融科技公司，明星投资阵容：阿里、瑞信、建银、红杉等； 连续4年入选全球金融科技50强、2019年入选全球独角兽榜（粤港澳大湾区Top 10）； 首家获得香港虚拟银行牌照的独资公司； 精英团队，成员来自花旗、渣打、平安、普华永道、BAT、谷歌、微软等； 扁平化架构，人性化管理，文化平等开放，氛围积极活泼； 市场领先的全面薪酬、福利健全、每年额外10天福利假期； 持续成长的双通道发展路径，学习型组织，鼓励创新与知识分享； 超甲级海景写字楼，7.5小时弹性工作时间，节日活动丰富，设有游学奖金、团建基金等。,2026-03-14
高级数据分析师,武汉恒诺市场研究有限公司,武汉-武昌区,0.5-1万/月,武汉-武昌区 3-4年经验 硕士 招2人 03-14发布 统计学 计算机工程,民营公司,少于50人,"专业服务(咨询、人力资源、财会),公关/市场推广/会展",岗位职责： 1、 协助研究中心进行客户的日常维护工作，从数据角度解决客户的一切需求； 2、 参与项目分析方案、测量问题等方面的设计，从数据角度给出建议； 3、 负责调研项目的具体工作： - 负责项目相关背景资料的查找及整理，进行项目的前期调研； - 负责系统平台问卷的编辑及测试工作，跟踪执行数据，保证执行数据的质量； - 负责对执行数据进行清洗，保证数据的准确性及有效性，并对有效数据进行数据统计及分析，形成数据报告。 4、 整合公司内部现有执行数据，形成数据库，并进行日常维护。 任职要求： 1、全日制硕士研究生及以上学历，统计学、数学、计算机等相关专业优先； 2、3年以上数据分析经验，拥有建模经验者优先； 3、 具备扎实的数据分析、统计建模能力，熟练使用业内数据处理软件（如QUANTUM/dimension/MRDCL），至少掌握SPSS/SAS/R语言/Python等其中一种统计软件，具备软件开发能力者优先； 4、 具备良好的逻辑思维和表达能力，可从不同的视角分析数据、呈现数据； 5、 沟通协调能力强，工作严谨，具有较强的责任感及团队协作精神； 6、 工作积极主动，具有较强的责任心和事业心，抗压能力强。 薪酬福利 【工作时间】：工作时间9：00-18：00，人性化管理，周末双休； 【薪酬体系】：公司根据岗位、能力和贡献为员工提供具有竞争力的薪资待遇，每年至少一次调薪机会； 【激励奖金】：优秀员工奖、项目奖金、年终奖等多重奖励； 【五险一金】：为员工缴纳养老保险、生育保险、医疗保险、工伤保险、失业保险以及公积金； 【温馨假期】：法定假日、年假、婚假、产假、陪产假等各种福利带薪假； 【员工活动】：生日会、羽毛球、年度旅游、公司团建活动、节假日福利等； 【节日福利】：传统佳节的心意礼品，有情怀的节日红包； 【健康福利】：每年提供员工免费健康体检一次；,2026-03-14
大数据开发工程师（广发银行）,上海华腾软件系统有限公司,佛山,1.3-2万/月,佛山 3-4年经验 大专 招3人 03-14发布,上市公司,500-1000人,计算机软件,1、负责大数据相关系统功能模块的需求分析和设计； 2、负责大数据相关系统功能的技术实现，核心代码开发及日常维护工作； 3、应用大数据、数据挖掘、分析建模等技术，对海量数据进行分析挖掘； 4、负责大数据平台的技术更新，编撰技术规范； 5、负责系统的问题分析和改进、优化系统性能、保障系统稳定性； 1、计算机、数学、统计学、信息系统等相关专业，具有4年以上软件开发经验。 2、精通Hive，Spark，ElasticSearch，Kafka，Storm等大数据技术。 3、精通Oracle、MySQL等数据库的开发和优化，熟悉Hive SQL开发。 4、熟悉SAS、Python的开发使用。 5、具备较好的沟通能力与创新能力，具备较强的独立分析问题及解决问题能力，有钻研精神，有责任感和主动担当意识,2026-03-14
ADAL数据科学家(J11327),长江存储科技有限责任公司,武汉,1.5-2万/月,武汉 8-9年经验 硕士 招若干人 03-14发布,国企,1000-5000人,电子技术/半导体/集成电路,"工作职责: 1 负责大数据数据分析和挖掘工作，洞察多个部门内的大数据分析趋势和需求，实现大数据在多个业务内的应用价值 2、解决业务的痛点，并提供跨领域的见解；用数据科学/人工智能/机器学习的技术来解决实际业务问题，预测客户需求并制定相应解决方案 3、推动各类数据应用产品的研发和落地，能够将通过数据分析和建模的数据结果，指导业务的使用，促进业务改进； 4、对各业务部门数据分析人员进行指导和培训，促进各业务线的数据分析水平提升 5、随时关注业界AI趋势、突破和技术，指导未来的研究课题并预测发展需求； 任职资格: --统计学、计算机、AI等相关专业硕士以上学历 --在数据分析专业团队工作经验 --8年以上数据相关工作经验，其中在电子、制造、电信、金融等行业有数据分析、挖掘、AI经验优先考虑； --独立成功交付过数据挖掘、建模类项目，或者承担过专题数据建模设计等工作，具有成功案例； --精通常用数据分析算法（回归、决策树、boost等）及其原理，熟悉神经网络、人工智能、机器学习、深度学习等知识；对AI的发展，有着深入且广博的理解； --至少熟练一种机器学习编程语言；了解大数据的相关技术； --良好的分析问题和逻辑思维能力，对数据敏感，能对用户的需求能进行有效的分析和甄别 --良好的学习能力、领悟能力、善于沟通协调。 """,2026-03-14
ETL数据分析工程师,上海智隆信息技术股份有限公司,呼和浩特,4.5-6千/月,呼和浩特 2年经验 大专 招1人 03-14发布,民营公司,150-500人,"计算机软件,计算机服务(系统、数据服务、维修)","岗位职责： 1、负责数据标准调研、梳理，完成最终数据标准、调研提纲、调研报告文档输出； 2、负责数据整合调研，数据整合文档方案制定，方案汇报； 3、负责数据分析，抽取，数据检查、核对及数据整合技术文档编写； 4、负责对客户需求进行分析、根据需求编写数据报表、图表需要的SQL脚本； 5、根据项目实施的需要，与第三方厂家进行沟通，确定数据集成的具体方案。 任职要求： 1、大专及以上学历，计算机相关专业，2年以上ETL项目开发和实施工作经验，熟练使用kettle等ETL工具者优先； 2、熟悉高校信息化建设、熟悉高校教务、学工、科研、人事等业务流程（此项为必要条件）； 3、熟悉数据模型、ETL开发设计、数据仓库系统管理, 熟悉数据处理流程； 4、熟练试用Linux系统，掌握基本SHELL命令，精通Oracle等关系型数据库开发，熟悉大量数据处理及性能优化； 5、能独立完成安排的开发任务，具备良好的沟通能力，团队协作力以及责任感，思维清晰，善于分析问题并推动解决问题。",2026-03-14
大数据架构师,鸿宇数据科技（上海）有限公司,上海-徐汇区,1.3-2万/月,上海-徐汇区 3-4年经验 本科 招2人 03-14发布,民营公司,少于50人,"计算机软件,通信/电信/网络设备","岗位职责： 1.负责公司大数据平台项目的整体设计、架构及关键模块的设计与开发； 2．负责产品规划及产品发展方向的整体把握，全面策划及统筹产品的发展规划，设计在线、离线、流处理等大数据场景应用； 3．负责分析行业大数据应用及技术动态，研究竞争对手产品和市场策略； 4．负责建立和维护大数据平台技术标准规范，指导开发人员编写代码； 任职要求： 1．计算机相关专业全日制本科及以上学历，学信网可查； 2．3年大数据架构设计和开发经验, 有过搭建千万级数据量解析运算的大数据系统经验； 3．精通离线和实时数据处理流程，掌握离线数据处理框架，掌握实时数据处理常用技术工具等； 4．精通Hadoop/CDH的大数据体系，具备相关产品（Hadoop、Hive、HBase、Spark、Kafka等）项目实际研发经验； 5． 熟悉了解sqoop、kettle等ETL技术工具和手段 6． 具备Java coding的能力, 编写Spark程序",2026-03-14
中高级大数据开发工程师,南京华苏科技有限公司,长沙,0.9-1.5万/月,长沙 1年经验 本科 招3人 03-14发布,民营公司,1000-5000人,"通信/电信/网络设备,通信/电信运营、增值服务",1、负责各种源业务系统数据的采集、清洗、整合工作； 2、负责大数据的分布式存储和管理工作； 3、负责大数据项目的开发、维护工作； 4、负责大数据平台各组件的开发、维护工作； 5、负责部分设计、开发文档的编写工作。 职位要求： 1、本科及以上学历，计算机等相关专业; . 2、熟练java开发和熟悉Linux系统; 3、有1年及以上大数据或数据仓库项目经验，了解数据仓库、分布式计算相关理论知识; . 4、拥有Hadoop及Map-Reduce、 Spark应用开 发经验，熟悉HBase、 Hive等大数据开发工具者优先; 5、精通SQL开发，精通Postgresql、 Mysql等关系型数据库中的一种。,2026-03-14
[20届校招]大数据开发工程师（杭州）,杭州安恒信息技术股份有限公司,杭州,0.8-1.6万/月,杭州 在校生/应届生 本科 招若干人 03-14发布,上市公司,1000-5000人,计算机软件,"工作内容： 1、参与BaaS大数据平台的设计与研发，涉及在大数据采集、存储、检索、分析等； 2、参与需求分析、系统架构设计、并完成需求设计相应文档的编写； 3、参与核心代码实现、系统性能优化； 4、保质保量的同时按时完成分配的开发任务； 5、解决产品研发过程遇到的技术难题。 任职资格： 1、985，211，学历本科及以上，计算机相关专业； 2、熟悉Java和Scala语言、熟悉常用设计模式、具有代码重构意识； 3、熟悉hadoop、Kafka、hive、spark、presto, Elasticsearch,熟悉底层框架和实现原理； 4、掌握实时流计算技术，有flink开发经验优先； 5、 积极乐观，能抗压接受加班； 6、 热爱技术，喜欢专研，并且具备较强的数据分析、问题分析和逻辑思维能力，以及良好的沟通，团队协作能力。",2026-03-14
数据分析师,北京陌陌信息技术有限公司,北京,,北京 本科 招1人 03-14发布,上市公司,,计算机软件,岗位职责： 1、梳理、维护公司的各业务和数据指标的定义，搭建指标体系，保证业务、数据指标口径统一和数据准确性； 2、对用户增长策略、产品新功能提出数据建议，通过ABtest验证，给出效果评估和优化建议； 3、抽象数据分析需求，通过数据描绘出整个业务流程、用户行为和重点环节的转化，和产品经理合作达成业务增长。 岗位要求： 1、 本科及以上学历，统计、数学、计算机相关专业优先 ； 2、良好的数据敏感度，了解常见的数据分析方法； 3、掌握和使用SQL的能力； 4、对社交方向业务有浓厚兴趣；,2026-03-14
500强快消招Data Analyst/数据分析师,宁波守仁文化传播有限公司,上海-徐汇区,1-1.5万/月,上海-徐汇区 1年经验 本科 招1人 03-14发布,外资（非欧美）,150-500人,"专业服务(咨询、人力资源、财会),外包服务","公司：美国强生 职位：Data Analyst-EC/电商/快消 岗位由猎头代招聘 position target Support the commercial team to evaluate Innovation concepts from target consumer, product communication, packaging, price etc. aspects with multi enablers. ？ Conduct digital platform data analytics with leading EC platforms, especially on Ali. ？ Conduct multi-channel data integration projects to solve ad-hoc business questions. Position responsibility: ？ Be responsible for end-to-end Innovation concept evaluation projects from project design to clear and simple reports. Also need to cooperate with marketing team and precise marketing team to apply findings in ecommerce execution. ？ Be responsible to conduct on-going post launching NPD performance tracking with internal and external data. ？ Be responsible for ad-hoc requests regarding consumer insight, market trend insight and category development insights. ？ Be responsible for precise consumer identification & analytics. Background Education background: ？ Bachelor or above Experience: ？ More than 1 year experiences in data analytics (priority) and market research + insights ？ Familiar with EC operation and Consumer Insight is preferred. ？ Related FMCG industry or media/data consultancy operation experience, knowledge of marketing, trade and retail is preferred. ？ Good communication skills in English. ？ Familiar with the major precision marketing data tools (TMIC, Databank, Strategy Center, Jiushu, etc.) is preferred. ？ Detail oriented personality and good logic thinking is compulsory.",2026-03-14
大数据开发工程师,中国航空结算有限责任公司,北京-顺义区,10-15万/年,北京-顺义区 在校生/应届生 硕士 招若干人 03-14发布 英语良好 计算机科学与技术,国企,500-1000人,互联网/电子商务,1. 负责大数据平台的开发和维护； 2. 负责大数据平台数据采集、清洗、建模的开发工作； 3. 负责数据仓库ETL开发工作； 4. 选取合适大数据技术方案解决业务问题； 5. 负责开发文档编写，协助测试人员完成测试。 1. 全日制本科及以上学历，计算机、数学及相关专业； 2. 扎实的数据结构和算法基础，热爱技术，熟悉Java或Python编程语言； 3. 掌握数据库基本原理，熟悉SQL语法规则和特点； 4. 熟悉Hadoop生态基本概念，有MapReduce、Spark、Storm、Hive、Kafka开发经验者优先；有数据仓库、NoSQL数据库开发经验优先； 5. 有优秀的逻辑分析能力，能够对业务逻辑进行合理的抽象和拆分； 6. 具备较强的学习能力和沟通能力，具备良好的团队合作精神。,2026-03-14
大数据平台架构师（央企）,大唐广电科技（武汉）有限公司,武汉-武汉经济...,1.5-2.5万/月,武汉-武汉经济开发区 8-9年经验 硕士 招1人 03-14发布,国企,150-500人,"计算机软件,计算机服务(系统、数据服务、维修)",1. 构建大数据平台，为多种行业应用提供主数据（画像标签/关系图谱）、数据模型、人工智能业务算法及数据各环节处理服务的平台。负责系统的技术选型、架构设计、关键代码开发，以及产品化。 2. 负责大数据算法平台的技术把关，性能调优，控制架构质量，解决项目技术难题； 对研发项目和任务需求进行评估和方案设计、拆分任务并指导工程师完成开发。 3. 带领大数据技术团队提供并实现大数据算法平台上各项数据接入、数据挖掘分析及数据可视化的架构设计与能力，支持解决方案实施。 4. 协调解决开发中的技术问题，设计和监控运营指标，保障系统稳定运行。 5. 与高校教授合作，支撑科技技术转换，将算法、模型等关键技术在大数据平台接入，开发形成新的人工智能和机器学习算法。 6. 指导工程师进行技术验证实现，核心技术攻关，解决开发过程中技术难题。 7. 研究大数据和算法前沿技术，对大数据算法平台迭代式进行分析及优化，不断提升算法平台的架构、性能、数据处理，以及其上的算法开发的能力。 1. 具有8年及以上大数据架构设计和开发经验；2年及以上带领团队经验；沟通能力强；硕士及以上学历。在大型互联网企业或工业企业集团从事大数据架构设计者优先考虑；有分布式软件系统设计经验、主导过大型软件架构设计并取得过成功案例者优先考虑； 2. 最近的工作内容必须包括写代码！（已经不写代码的架构师，请勿申请！） 3. 熟悉整个大数据的完整处理流程，包括数据的采集、清洗、预处理、存储、分析挖据、机器学习和数据可视化； 4. 对大数据基础架构和平台有深刻理解，对大数据生态体系有深入认识，熟悉大数据平台的各种开源项目，掌握Hive、Spark、Streaming、Storm、Kafka等数据处理核心组件；对HDFS、M/R、Yarn的原理有深入了解，掌握系统优化、资源分配与权限控制。了解数据湖Kylo和Lambda架构。 5. 熟悉Java/Python/Scala等一种或多种语言，熟悉Redis/MySQL，熟悉Linux平台。 6. 具有工业物联网、工业互联网、人工智能技术领域在信息领域相关大数据系统构建经验者优先。,2026-03-14
数据分析师/业务分析师,苏州恒昌光电有限公司,苏州-姑苏区,0.8-1.5万/月,苏州-姑苏区 1年经验 本科 招1人 03-14发布,合资,150-500人,"仪器仪表/工业自动化,互联网/电子商务",1.对业务运营指标负责，建立业务整体运营管理监控分析体系； 2.理解业务方向和战略，及时发现业务发展过程中的问题，并根据相应提出策略建议； 3.根据业务痛点展开深入的专题分析，制定相应的运营策略，并推动方案落地； 4.总结分析经验和方法论，并向运营和市场环节复制推广； 5.统筹内外部资源，跨部门沟通，协调外部资源，推动公司级重要项目的落地实施，促进业务发展。 岗位要求： 1.本科学历 2.良好的逻辑思路能力，有电商行业相关经验； 3.具备数据敏感性和探知欲、分析、解决问题的能力，能够承受工作中的压力，专注数据的价值发现和变现转化； 4.有较强的执行力、沟通能力、协作能力。 薪酬： 薪资=底薪+绩效+年度奖金+福利 1.底薪+绩效=6339-14947 2.年度奖金根据公司纯利,2026-03-14
数据仓库工程师,华泰资产管理有限公司,上海-浦东新区,1-1.5万/月,上海-浦东新区 3-4年经验 本科 招1人 03-14发布,民营公司,150-500人,"金融/投资/证券,保险",岗位要求： 1.本科以上学历；计算机、统计学、数据库等相关专业； 岗位职责及工作内容： 1.制定数据质量治理体系，建立数据治理工作的规范、流程和方法；,2026-03-14
数据分析师,北京沃丰时代数据科技有限公司,北京,,北京 本科 招5人 03-14发布,民营公司,,计算机软件,1、对反馈的答案进行分析，结合企业业务数据进行洞察客户潜在需求，并定期向客户输出体验报告； 2、基于用户反馈数据、行为数据，挖掘用户属性，进行用户分类，潜力分析，活跃度分析，忠诚度分析等等； 3、持续跟踪业务数据，监测业务发展态势，为业务指标异常提供预警、监测和解读； 4、常规业务数据报表-日报、周报、月报的产出，以及PPT展示讲解。 职位要求： 1、统招本科以上学历，计算机、市场营销专业优先； 2、对数据敏感，具有较好的数据相关技能，熟练使用excel、access或各类数据库软件。,2026-03-14
金融数据分析师-操盘手,深圳市隆汇达投资咨询服务有限公司,深圳-罗湖区,6-8千/月,深圳-罗湖区 2年经验 大专 招3人 03-14发布,民营公司,150-500人,"金融/投资/证券,电子技术/半导体/集成电路",疫情期间，通过电话面试，请保持手机畅通 任职要求： 1、2年或以上实际操作经验 2、对金融行业和理财投资有浓厚的兴趣及意愿，致力于把金融行业作为事业发展方向； 3、人品端正，谦虚好学，具有团队合作精神，意志坚强，能承受压力； 4、思路清晰、心态端正、擅于把握市场机会，及时完成交易确保账户利益***化； 5、 一经录用，公司提供岗位晋升通道和学习机会 岗位职责： 1、管理公司内部自有资金账户，参与公司指定资金的具体运作， 2、每日分析行情，制定每日下单计划； 3、尽较大可能确保资金账户达到稳定盈利，达到利益较大化； 4、梳理下单流程，优化跟进，并解决持单中所出现的问题； 待遇福利： 底薪6000+盈利提成20%；朝九晚六，周末双休，无加班，弹性工作制，定期培训。 公司名称：深圳市隆汇达资有限公司 公司地址：深圳市罗湖区和平路1199号金田大厦1505 乘车路线：地铁1号线国贸站E出口直行50米金田大厦1505 联系人：董*** 联系电话：19146458092（疫情期间请在上午10：00至下午15：00来电） 工作地址：深圳罗湖和平路1199号金田大厦1505室,2026-03-14
数据分析工程师,美光半导体咨询（上海）有限责任公司,西安,,西安 本科 招若干人 03-14发布,外资（欧美）,,电子技术/半导体/集成电路,对生产大数据进行定期统计和分析；协助生产和工程部们开发数据平台，为生产计划等活动提出合理化建议；熟悉数据统计分析或挖掘技术，推动统计分析模型的建立和完善，为运营决策提供支持；,2026-03-14
大数据架构师(J10071),北京三维天地科技股份有限公司西安分公司,异地招聘,1.5-2万/月,西安 5-7年经验 本科 招2人 03-14发布,民营公司,150-500人,"计算机软件,计算机服务(系统、数据服务、维修)","工作职责: 负责公司大数据治理与分析平台的架构设计与研发； 任职资格: 1. 大数据领域（主要是spark/hadoop/Hive）架构及设计经验 2. 熟悉Scala，Java语言，有丰富的分布式编程经验； 3. 熟练使用Spark SQL和Spark MLlib，对spark的运行原理有深入了解 4. 熟悉hadoop/spark的生态系统，例如Hive、Hbase、Yarn、kafka、Zookeeper等。 5. 熟悉spark/hadoop集群架构的设计和优化 6. 本科以上学历、研究生优先, 5年以上工作经验，32岁以下。",2026-03-14
大数据分析师,重庆智汇电子商务规划研究院,重庆-江北区,4.5-6千/月,重庆-江北区 2年经验 本科 招2人 03-14发布 英语良好 电子信息科学与技术 信息与计算科学,民营公司,50-150人,互联网/电子商务,1、计算机或相关专业本科以上学历，2年以上数据分析等相关工作经验； 2、精通MySQL，能独立提取分析所需数据，熟悉hadoop者优先； 3、有产品、运营、统计、用户相关业务分析经验，能独立完成数据分析报告； 4、熟悉python语言； 5、熟练使用office办公软件； 6、优秀的业务理解能力和沟通能力，能跨部门合作沟通； 7、了解kettl、调度工具； 8. 工作积极主动，充满激情； 9. 具有大数据算法设计经验； 10. 同时具有图像处理和分析经验的优先考虑； 11. 有责任心，能够承受一定的工作压力； 12. 具有良好的工作能力和团队协作精神； 13. 具有良好的逻辑思维能力和业务解读能力。,2026-03-14
大数据工程师,中移在线服务有限公司,郑州,1.5-2万/月,郑州 3-4年经验 本科 招4人 03-14发布,国企,10000人以上,"通信/电信运营、增值服务,计算机软件",工作职责: 1、针对重点业务运营，提供深度数据能力支撑，完成业务数据分析、模型需求分析，以及数据接口、基础模型、汇总模型、ETL流程等设计、开发； 2、统筹数据仓库模型建设与管理，制定模型开发规范、数据治理规范并推进落地，基于规范管理数据模型； 3.支撑业务数据聚合，负责数据源调研、入库、开发的全流程工作，并保证数据质量。 任职资格: 1、学历要求：本科以上学历，统计、应用数学、计算机、软件工程等相关专业背景； 2、工作经验：具备互联网、电信相关行业3年以上工作经验； 3、能力要求： 1）熟练掌握维度建模理论，具备业务数据调研分析、仓库模型设计的能力； 2）掌握Python、Java开发技能，熟悉Hadoop生态系统组件，如：Hive、MapReduce、Spark、HBase、kafka等，有Vertica开发经验者优先； 3）具备数据仓库开发、数据治理、数据产品设计、运营经验之一； 4）熟悉人工智能相关框架（包括但不限于Kaldi、Keras、TensorFlow、Pytorch）、工具及AI训练流程者优先； 5）具有较强逻辑思维能力、研究能力、沟通能力和团队合作精神。,2026-03-14
大数据工程师,吉贝克信息技术（北京）有限公司,北京,,北京 本科 招若干人 03-14发布,合资,,计算机软件,岗位职责： 1、负责推荐系统的搭建、开发、维护、优化； 2、实时计算产品研发，负责相关模块/子系统的业务理解、系统设计、开发测试、运维调优； 3、利用大数据技术，实现算法工程师设计的模型，进行分布式算法的研究，实现个性化推荐计算系统的构建与开发。 任职要求： 1、全日制本科及以上学历； 2、熟悉hadoop/hive/spark/storm/hbase/kafka等开源大数据； 3、有storm/spark开发经验者优先； 4、良好的编程能力，熟悉java/scala开发工具和调试工具； 5、有数据挖掘、海量数据处理等相关经验者优先； 6、较强的沟通能力和表达能力，具备良好的团队合作精神和主动沟通意识。,2026-03-14
资深数据工程师,上海汉跃文化传媒有限公司,上海-黄浦区,2-3万/月,上海-黄浦区 3-4年经验 本科 招1人 03-14发布,民营公司,50-150人,广告,岗位职责： 1、参与数据平台构建、架构设计； 2、进行数据清洗、数据建模、数据挖掘等工作； 3、任务性能调优，管理优化； 4、根据客户业务场景，梳理核心数据逻辑，构建分析模型； 4、研究行业大数据应用场景及竞品，设计个性化数据产品； 岗位技能： 1、实时、离线数据处理、分析以及架构能力； 2、大数据平台调优经验（如内存、磁盘存储）； 3、熟悉机器学习算法； 4、有丰富软件开发相关经验优先考虑,2026-03-14
大数据开发工程师,民航电信开发有限责任公司,北京,,北京 硕士 招1人 03-14发布,国企,,通信/电信运营、增值服务,岗位职责： 1、负责数据评估相关领域技术的跟踪研究以及相关技术标准、规范、流程的制定与实施。 2、负责大数据分析平台相关数据挖掘算法、统计分析方法、数据处理流程制定及应用开发工作。 3、参与研究拟订及实施公司数据领域战略、规划和政策措施，引导和推动公司大数据领域相关工作。 4、参与AI技术研究及应用。 任职要求： 1、熟悉常用数据处理编程语言：Python、R等，有一定的代码编程经验 2、掌握统计学数学知识，有一定的数据处理、数据分析和挖掘经验项目经验 3、熟悉常用文档编辑工具的使用，精通EXCEL。,2026-03-14
校招-大数据开发工程师,北京金山云网络技术有限公司,北京-海淀区,1.5-2.5万/月,北京-海淀区 无需经验 本科 招3人 03-14发布,民营公司,,互联网/电子商务,岗位职责： 1.负责对外数据服务和内部数据平台的开发迭代 2.参与数据分析过程，应对多样的业务场景，攻坚开发过程中的技术问题 3.持续改进并优化平台性能，支撑业务的快速发展 4.和上下游进行良好沟通合作，转化数据业务需求为平台服务计算 岗位要求： 1.统招计算机或相关学科本科以上学历 2.扎实的数据结构及算法基础，理解面向对象设计的基本原则，熟悉常用的设计模式 3.有Java/Scala相关开发经验，熟悉并理解缓存、消息、RPC调用框架、jvm调优、序列化、nio等原理，熟悉http等相关通信协议 4.熟悉shell、python等至少一种脚本编程。 5.了解大数据技术，对Hadoop/Spark等分布式计算有实用经验优先 6.具有强烈的责任心，良好的沟通、学习能力，良好的团队合作意识，勇于接受技术挑战,2026-03-14
大数据开发工程师（校招）,上海汉得信息技术股份有限公司,上海-青浦区,1.5-2万/月,上海-青浦区 在校生/应届生 本科 招10人 03-14发布,民营公司,5000-10000人,互联网/电子商务,1.基于Hadoop平台或者CDH的集群搭建，优化，调试 2.熟练操作Hive数据库，创建不同类型表，离线数据导入 3、参与采集、存储、处理大数据工作 4、参与设计、开发、维护大数据工作,2026-03-14
风险数据分析师 (MJ000260),重庆市崇天小额贷款有限公司,上海-黄浦区,1.2-2.3万/月,上海-黄浦区 3-4年经验 本科 招2人 03-14发布,外资（非欧美）,50-150人,金融/投资/证券,1. 负责策略和政策的制定，并通过不断监控和优化，提升批核率、降低坏账。 2. 制定授信额度以及定价策略，控制整体资产质量，确保业务良性发展。 3. 负责风控数据分析：及时准确完成各项分析需求，对风控数据进行深入的剖析，并给出建设性结论； 4. 负责规则策略的监控：定期对各项风控规则及策略进行监控，分析数据波动原因，并及时反馈发现的异常点。 1. 本科及以上学历，金融、经济、会计、数学、统计、计算机等专业； 2. 3年以上数据分析、策略开发经验，有互联网金融数据分析经验者优先； 3. 具备较强的数据处理能力，熟练使用SAS、SPSS或Python、R、SQL等工具者优先； 4. 良好的沟通能力和团队合作能力，学习能力强，具有较强的抗压能力，逻辑思维能力。,2026-03-14
数据挖掘、机器学习（推荐引擎方向）工程师,杭州摸象大数据科技有限公司,杭州-余杭区,2-4万/月,杭州-余杭区 3-4年经验 本科 招若干人 03-14发布,民营公司,50-150人,互联网/电子商务,"岗位职责 1、运用机器学习的理论和方法，针对海量信息建模，挖掘潜在商业价值，负责推荐系统的核心技术创新与优化； 2、研究推荐领域的前沿理论与技术，提高推荐的相关度与用户体验，达到技术和商业的完美结合； 3、设计和优化推荐模型，包括但不限于：用户、商品、图片等特征挖掘/统计，特征系统搭建，多模型融合尝试等； 4、推荐系统相关算法实现和分析，包括但不限于：多模型线上A/B Test，Explore & Exploit实现，使用hadoop/hive等对样本进行清洗、特征关联，使用spark/sklearn训练点击率预估模型，对模型参数进行调优等。 岗位要求 1、有CTR/CVR预估的实际工作经验； 2、精通推荐的基础知识与理论，对推荐和算法、CTR预估、排序、触发和定向技术有深入的理解； 3、熟悉常见的分类、聚类、推荐算法及原理，和他们的使用场景，优缺点； 4、3-5年数据挖掘及其相关经验,参与过用户画像,用户生命周期,有过自然语言处理和建模经验优先考虑； 5、有广告和推荐算法的研发与优化，有垂直行业的数据挖掘经验（金融征信、游戏、旅游、新闻等）的优先；",2026-03-14
数据分析师,天津经纬智图信息技术有限公司,天津,,天津 本科 招10人 03-14发布,民营公司,,计算机软件,1.对互联网影像进行数据分析、处理； 2.对互联网大数据进行统计、分析,2026-03-14
数据分析师,艾昆纬企业管理咨询（上海）有限公司,异地招聘,1-1.5万/月,大连-高新园区 1年经验 本科 招1人 03-14发布,外资（欧美）,500-1000人,"专业服务(咨询、人力资源、财会),制药/生物工程","Major Duties Performed (Main Functions) l Identify, design and implement internal process improvements: automating manual processes, optimizing data delivery by scripting languages (e.g. SQL, VBA coding) and BI/reporting platforms (QlikView, Tableau or other related tool) l Create SQL programs to support customized report generation l Develop new tools to improve work efficiency, such as data mapping tool, query solving tool. l Review client data requirements with the appropriate internal resource to ensure that basic product deliverables meet the customer's specifications, including timeliness and quality. Follow internal data verification protocols. Research, analyze and respond to client inquiries that are routine in nature. l Assist the commercial team in promoting IQVIA Commercial solution products and services within assigned accounts or territory to achieve assigned revenue goal",2026-03-14
数据开发工程师-east系统,北京高阳金信信息技术有限公司,北京-海淀区,1-1.5万/月,北京-海淀区 3-4年经验 本科 招1人 03-14发布,上市公司,500-1000人,计算机软件,需有east系统项目经验 岗位职责： 负责中国银监会数据监管报送系统EAST项目报送 1、EAST项目每月报送报表的脚本与ETL的开发及优化； 2、数据校验并整改后完成上报； 3、优化缓慢的ETL，优化缓慢的报表，以及缓慢的存储过程或函数； 4、配合源系统改造调整数据； 5、EAST新版本开发； 6、控制项目的整体进度，沟通问题及反馈，协调各方资源。 任职要求： 1、具备east项目实际项目经验； 2、计算机或者相关专业，本科及以上学历，3-5年工作经验； 3、熟练掌握Oracle数据库开发技能，有丰富的PL/SQL开发经验。,2026-03-14
高级数据分析师（数据挖掘）,深圳百果园实业发展有限公司,深圳-南山区,1.5-2.5万/月,深圳-南山区 5-7年经验 本科 招2人 03-14发布,民营公司,10000人以上,"批发/零售,互联网/电子商务",1、负责门店、商品、客户的业务经营诊断分析，输出专业分析研究报告，剖析业务问题并提供解决建议； 2、负责相关数据挖掘、建模，如客群分析和画像、销量预测等； 3、负责或参与研发项目，沟通协同资源并推进模型的开发落地等相关工作； 4、对公司业务部门需求的承接、把控、并输出结果。 岗位要求： 1、有5年以上数据分析和挖掘建模工作经验，有零售、咨询行业经验优先。 2、本科或以上学历，统计学、数学、计算机专业等相关专业优先。 3、熟练SQL语句，能在上亿级的数据库表独立做数据逻辑处理和取数，对hive sql熟悉更佳。 4、熟练使用excel和ppt，能独立编写数据分析报告。 5、至少熟练使用python、R等工具中的一种，熟悉机器学习建模的基本方法并有实际案例。,2026-03-14
数据仓库建模工程师,四衡商务信息咨询（上海）有限公司,上海-浦东新区,1.5-2万/月,上海-浦东新区 3-4年经验 本科 招1人 03-14发布,民营公司,150-500人,"互联网/电子商务,贸易/进出口",岗位职责： 1、负责数据仓库建设中的需求梳理、数据建模、ETL开发等工作； 2、负责数仓管理系统包括：元数据、主数据建设，权限管理，数据血缘关系管理等； 3、与开发人员配合共同完成数据仓库项目建设，与客户进行需求沟通； 4、能够独立完成需求文档； 任职要求： 1、大学计算机相关专业本科以上学历； 2、 3年以上数据仓库模型设计与ETL开发经验； 3、至少有两个数仓项目是从需求阶段开始参与，一直到项目顺利上线； 4、了解数仓项目实施各个环节的具体工作内容与规范，包括开发规范、维度建模、指标规范，具备成功的项目案例； 5、有扎实的数仓建模和数据集市建模理论知识，了解流行的数据模型，例如：TD的FS-LDM、IBM的FSDM等； 6、良好的业务分析和洞察能力，有丰富的业务数据分析经验，较强的数据、平台、技术理解能力 7、具备零售、货运、电商等行业数仓项目建设经验优先；,2026-03-14
高级大数据开发工程师,上海时代光华教育发展有限公司,上海-黄浦区,1.5-3万/月,上海-黄浦区 3-4年经验 本科 招若干人 03-14发布,民营公司,500-1000人,互联网/电子商务,"职责描述： 1.基于hadoop、spark等构建数据分析平台，进行设计、开发分布式计算业务； 2.辅助管理Hadoop集群运行，稳定提供平台服务； 3.基于Spark技术的海量数据的处理、分析、统计和挖掘； 4.基于Spark框架的数据仓库的设计、开发和维护； 5.根据需求使用Spark Streaming和Spark SQL进行数据处理、查询和统计等工作。 6.依据业务模型，负责大数据计算平台的架构设计，以及核心功能的开发，满足实时、离线计算的需求； 7.负责产品实时计算平台的设计和开发，为实时监控、实时运营数据分析、个性化推荐提供数据支持。 任职要求： 1.本科及以上学历，计算机相关专业； 2.3年及以上大数据开发经验； 3.熟悉HDFS/HBase/Hive/MapReduce/spark，有丰富的分布式编程经验； 4.熟悉Spark Streaming和Spark SQL； 5.熟悉Core Java，熟悉Java IO, NIO, 多线程编程， 熟悉JVM运行机制和内存管理，网络协议； 6.熟练掌握Linux操作系统，熟悉shell等脚本编程； 7.有在Spark相关项目中应用Java或Python语言的经验者优先; 8.有过海量数据系统开发经验者优先； 9.思维活跃、敢于担当、乐于沟通，具有良好的团队合作精神，能够协调团队成员及相关部门开展分工及合作，积极主动，能承受一定的工作压力。 TBC福利： （1）有保障：全额缴纳五险一金； （2）有提升：专业e-learning学习平台，免费使用权，海量在线课程让你得到充分提高； （3）有发展：提供优越的职业发展平台，让你一路开花结果； （4）有周末：每月上班时间为21.75天，周末双休，想去哪玩去哪玩； （5）有补贴：公司提供工作日餐补贴、通讯补贴、交通补贴、电脑补贴； （6）有假期：10天春节年休假，带薪年假、婚假、国家规定节假日等等； （7）有节礼：各大传统节假日会提供节日礼品； （8）有人脉：在本公司上班会积累大批人脉； 注：时代光华属于互联网教育培训行业，属于朝阳产业，即将上市，公司提供行业具有挑战力的薪酬，同时提供完善晋升机制，通过自身的努力未来的发展前景一切掌握在自己手中！",2026-03-14
数据工程师,爱思特信息技术（上海）有限公司,上海-嘉定区,2.5-4.5万/月,上海-嘉定区 3-4年经验 本科 招1人 03-14发布,外资（欧美）,1000-5000人,"专业服务(咨询、人力资源、财会),汽车","国有汽车行业龙头企业大数据方向 人工智能 数据工程师 岗位职能： 1. 汇总、编纂 ECU埋点需求 2. 设计埋点的数据打包方案以及数据触发回收机制 3. 参与部门内外相关方沟通，解决数据传输以及回取相关问题 4. 负责大数据清洗，数据挖掘以及分析，数据可视化设计 5. 负责数据埋点软件、边缘计算算法的开发工作 6. 负责基于回收数据的模型开发及部署 岗位要求： 1. 精通 Matlab/Octave/Python/R等至少一项脚本语言编程能力 2. 精通经典统计学数据分析模型和算法（如回归算法，分/聚类 算法等，数据挖掘/人工智能项目竞赛人员优先） 3. 熟悉人工智能（机器学习）经典算法及常用软件包（sklearn, opencv）或深度学习框架（Tensorflow， Pytorch） 4. 具备数据可视化技能（如Matlab,Seaborn,ECharts） 5. 熟悉ADAS/智能驾驶的软件功能组成、软硬件架构 6. 了解汽车CAN、CanFD、车载以太网等通讯协议 7. 了解并行计算/异构计算，或有超算集群使用经验",2026-03-14
大数据开发工程师(J10083),天津安捷物联科技股份有限公司,天津-西青区,0.7-1.2万/月,天津-西青区 2年经验 本科 招1人 03-14发布,民营公司,500-1000人,"建筑/建材/工程,电气/电力/水利",1、负责产品需求调研及整理； 2、负责对业务数据进行梳理； 3、大数据模型代码实现； 4、参与产品前端控件设计等； 任职资格: 1、精通Java语言，使用过Python/Scala更佳； 2、具备Hadoop/spark/HBase/Hive实际开发经验，对分布式计算原理有深入的理解； 3、熟悉实时流处理技术Storm、Spark Streaming或Flink中的一种； 4、熟悉常用的数据结构和算法，熟悉Linux系统环境； 5、熟悉常用关系型数据库PostgreSQL、mysql、oracle等至少一种数据库产品，至少掌握一种NoSQL数据库； 6、熟悉一种ETL（数据清洗）开发工具；,2026-03-14
大数据开发主管,河南省隆庆祥商贸有限公司,郑州,0.8-1万/月,郑州 5-7年经验 本科 招1人 03-14发布,民营公司,1000-5000人,服装/纺织/皮革,1、搭建产品业务的分析思路，形成全面的指标诊断体系； 2、制作数据分析报告，为决策层提供数据支持； 3、深度挖掘用户的行为特点，用数据推动运营； 4、日常经营数据指标监控，诊断及分析出现的问题，并给出相应的建议； 5、参与BI数据分析系统的搭建和维护。 1、两年以上咨询产品经理数据分析经验，有企业增长相关经验尤佳，具备电信行业项目运营相关经验加分 ； 2、可熟练使用数据库语言sql，存储过程编写； 3、熟悉linux脚本和常用命令； 4、具有较强的写作能力（PPT，word，Excel）。,2026-03-14
大数据开发工程师,民航电信开发有限责任公司,北京-朝阳区,1-1.5万/月,北京-朝阳区 在校生/应届生 硕士 招2人 03-14发布,国企,150-500人,通信/电信运营、增值服务,1、参与数据原理研究、处理模型验证、相关数据挖掘算法、统计分析方法、数据处理应用开发工作,2026-03-14
初级数据工程师,安徽力瀚科技有限公司,合肥-庐阳区,0.6-1万/月,合肥-庐阳区 2年经验 本科 招1人 03-14发布,民营公司,150-500人,"计算机硬件,计算机服务(系统、数据服务、维修)","一、岗位职责 1、 负责大数据项目的数据治理、数据分析、数据建模、数据标准制定； 2、负责大数据计算框架的选型与计算流程的设计与开发； 3、参与数据服务的设计与开发； 4、负责对所选型的大数据组件部署、性能调优； 5、负责客户需求的对接，将客户需求转化成数据模型。 二、任职资格 1、沟通能力良好，业务和需求理解能力良好，能基于客户业务需求，构建数据化的模型； 2、熟练掌握SQL语言，并能基于传统数据库如Oracle,MySQL,SqlServer等数据分析； 3、熟练掌握Hadoop平台或者阿里大数据平台组件部署、调优、中间件的安装部署； 4、熟练掌握Hadoop、ODPS平台组件，如：Hive、Hbase、Spark、MapReduce、Kettle等大数据平台组件，能根据项目需要自主掌握新的数据处理工具； 5、熟练掌握一种或多种自动化数据处理脚本语言如：Python、JS等； 6、参与过数据治理、数据分析、数据建模、数据标准制定等项目者优先； 7、有担任数据工程师或相关岗位3年以上经验； 8、掌握或了解者阿里大数据平台组件者优先； 9、同等条件下中共党员优先录用。 三、福利待遇 1、薪酬：一经录用，公司提供富有竞争力的薪资待遇，每年不定期调薪机会； 2、福利：五险一金、商业保险、带薪休假、节日礼品、健康体检、公费培训、高温补助、差旅补贴、生日福利等； 3、津贴：午餐补贴、交通补贴、通讯补贴、满勤奖、年终奖金等； 4、员工活动：聚餐、足球、篮球、羽毛球、爬山、跑步、唱歌等。 四、培训方案 1、入职培训：企业文化、商务礼仪、规章制度、职业规划等； 2、在岗培训：业务培训、技能培训、素质培训、拓展训练等。 上班时间：上午8：30-12:00，下午1:30-5：30",2026-03-14
高级大数据开发工程师（ElasticStack方向）,北京中经惠众科技有限公司,北京-海淀区,3-4万/月,北京-海淀区 5-7年经验 本科 招1人 03-14发布,创业公司,50-150人,计算机软件,高级大数据开发工程师（ElasticStack方向） 职位描述: 1、 参与公司大数据平台的架构设计； 2、 参与开发面向大数据套件产品； 3、 参与需求调研与用户技术支持； 4、 追求极致，构建业内领先的数据平台产品。 职位要求: 1、 计算机相关专业，本科及以上学历，8年以上相关工作经验； 2、 精通Java/Scala/Python语言； 3、 精通Elastic Search平台； 4、 参与过大数据平台的设计； 5、 熟悉Spring架构和微服务架构； 6、 熟悉Linux开发环境，能进行shell脚本的编写 7、 熟悉Hadoop中HBase、Hive、Yarn、Spark等，能够解决数据分析过程中遇到的问题； 8、 良好的数据敏感度，能从数据中提炼核心结果，具备数据清洗、分析和建模经验； 9、 有图数据库开发经验者优先；,2026-03-14
运营数据分析师（呼叫中心）,金财互联数据服务有限公司,广州-番禺区,4.5-6千/月,广州-番禺区 1年经验 大专 招1人 03-14发布,上市公司,1000-5000人,计算机软件,岗位职责： 1、负责呼叫中心数据提取，统计，分析，可视化等数据分析处理工作； 2、负责数据分析，对业务问题进行深入分析，为业务的策略提供数据支持； 3、负责数据分析报告的撰写； 4、处理上级领导安排的其他工作。 任职要求： 1、大专及以上学历； 2、对Office工具精通，EXCEL、PPT能熟练运用； 3、对数据敏感，有较好的逻辑思维能力，能独立编写数据分析报告； 4、工作严谨、责任心强，能承受工作压力。 福利待遇： 1、购买五险一金； 2、上下班班车接送（班车站点：金山谷花园公交站、汉溪长隆地铁站）,2026-03-14
大数据开发工程师（广州办公）,广州市双照电子科技有限公司,深圳,1.2-1.7万/月,深圳 2年经验 本科 招3人 03-14发布,民营公司,50-150人,计算机软件,1、正确理解业务需求，对需求进行工作量评估； 2、参与项目相关的需求、设计、投产手册等文档的编写； 3、根据进度计划，完成所承担功能模块的设计、开发、单元测试、联调测试； 4、配合测试组修复代码缺陷，确保功能实现与代码质量； 5、负责所承担功能模块投产、部署，及上线后的日常维护； 6、完成项目经理或者架构师安排的其他工作。 1、本科以上学历，计算机相关专业，两年及以上大数据开发经验； 2、熟悉Linux 环境，掌握shell或python； 3、熟练使用hadoop，hive，HBase，YARN，kafka，spark等大数据开发组件； 4、精通 ETL，数据仓库的设计和开发； 熟练掌握sql，懂hql语句优化优先。 5、有大数据处理实战经验，熟悉整个大数据的完整处理流程，包括数据的采集、清洗、存储； 6、较强的动手能力和学习能力，良好的沟通能力、团队协调能力； 7、具有银行、金融行业从业背景者优先。 1、五天制（双休）； 2、五险一金； 3、员工体检； 4、带薪年假和国家法定节假日； 5、节日补贴，生日福利等； 6、丰富多彩的员工活动。,2026-03-14
大数据开发工程师,科博达技术股份有限公司,上海,16-23万/年,上海 3-4年经验 本科 招1人 03-14发布,上市公司,1000-5000人,"汽车,电子技术/半导体/集成电路",岗位职责： 1、负责公司大数据发展（数据驱动、数据中台）规划、技术发展路线 2、负责大数据平台的整体架构设计（包括应用、技术、物理和数据架构），核心代码开发，并对系统提供性能调优、架构优化重组，解决关键问题和技术难题等任务 3、负责项目对外技术沟通，根据项目要求编写相关技术文档 4、负责基于现有数据平台的数据ETL工作 5、负责基于Hadoop平台的数据仓库搭建与数据建模 6、负责基于BI工具的OLAP分析图表开发 岗位要求： 1、 大学本科或以上学历 2、 三年以上大数据相关开发经验 3、 对常规数据建模方法有一定了解，如星型建模或DataVault 2.0 4、 对于DW、ETL、OLAP等工具有一定了解 5、 至少熟悉python、java、c#常用编程语言中一种 6、 熟悉SqlServer 、Oracle数据库开发 7、 熟悉Hapdoop、Hive、Hbase、Impala、hue等平台应用 8、 熟悉制造型企业业务，有相关行业及技术平台经验者优先 9、 有团队合作精神，热爱技术工作，强烈的求知欲，责任心强，做事积极主动,2026-03-14
安全数据分析师,公安部第三研究所信息安全技术处,上海,1-1.5万/月,上海 3-4年经验 本科 招若干人 03-14发布,国企,150-500人,计算机软件,"岗位职责： 1、 参与项目调研，熟悉用户行业知识、用户公司业务及流程，继而实施项目分析，通过海量数据的挖掘和分析建立业务预警、预测模型； 2、 对项目进行数据需求支持，开展数据分析工作。通过数据分析、业务分析支持产品改进及新模式的探索； 3、 构建业务数据分析体系，帮助确定各项业务数据指标，运用图表有效表达分析观点； 4、 负责构建项目数据模型，挖掘用户喜好，为个性化产品推荐提供支持； 5、 在项目实施过程中跟踪诊断运营数据情况，优化和完善数据分析体系； 6、 团队内部进行数据分析专业知识培训，配合部门及上级完成相关工作任务。 任职要求： 2. 3年以上数据库分析、数据挖掘、数据统计等相关工作经验，有互联网行业数据分析/行分析经验者优先； 3. 良好的逻辑思维能力，有较强的数据敏感度； 4. 具备开放的团队合作心态，拼搏的工作状态和较强的抗压能力，工作细致耐心，有责任感,有较强的保密意识； 5. 具备良好的沟通能力和表达能力，能够独立开展业务调研、数据分析、报告编写工作； 6. 具有专业的业务研究、分析能力，根据业务数据变化及时发现问题的能力； 7. 能精通操作Excel、Powerpoint等软件； 8. 熟练使用SQL，熟练Java优先； 9. 熟练使用R/SPSS/Spark等专业统计分析工具。",2026-03-14
大数据开发工程师,广州金十信息科技有限公司,广州,1.5-3万/月,广州 3-4年经验 本科 招2人 03-14发布,民营公司,150-500人,互联网/电子商务,岗位职责： 1、对用户行为数据分析，推动产品优化； 2、参与并负责大数据架构的搭建、开发和维护监控； 3、完成产品经理对数据的各类提取需求； 4、从数据的角度，预测和量化运营活动效果； 岗位要求： 1、计算机相关专业，本科及以上学历，3 年以上工作经验； 2、熟练掌握Java开发语言； 3、熟悉海量数据处理以及性能优化； 4、熟悉Hadoop/Hive/Spark/Kylin/HBase/Flink/ElasticSearch等大数据相关技术； 5、操作系统、数据结构、算法等基础知识扎实，有很强的学习能力； 6、有责任心，具有良好的团队合作精神和沟通能力； 自我驱动能力强，踏实勤勉，对有挑战的问题充满激情； 8、熟悉Hadoop大数据处理系统的开发，搭建及部署者优先； 9、有数据仓库、知识图谱、用户画像等产品开发经验者优先。 公司福利： 1、 基本福利样样齐全，高于行业平均水平的高薪资，五险一金等等！ 2、 行业良心企业领头羊，让你年底无忧的全年13+薪！ 3、早9晚6上班制，创意园办公，轻松宽阔的工作环境让你灵感爆发！ 4、 充足的假期时间，周末双休、国家法定节假日、带薪年假等，根据节日气氛，还有各种小礼物小红包哦~ 5、 午餐无烦恼！公司自建饭堂提供自助餐式午饭、下午茶、晚餐，新鲜无添加好营养~ 6、 活动多多，每月生日会、每周打球活动，不定时户外活动~,2026-03-14
数据分析工程师,中国电子科技集团公司第十研究所,成都,,成都 硕士 招若干人 03-14发布,国企,,电子技术/半导体/集成电路,岗位职责： 1、针对不同的应用场景，构建分析模型，参与大数据产品的算法研究与实现； 2、根据产品定义，设计数据挖掘分析方案，指导团队开展数据挖掘分析工作 3、及时响应临时性、个性化的数据分析需求 任职要求： 1、计算机、统计、数学、信息技术专业，硕士及以上学历 2、较好的编程基础，熟练掌握Java、Python等编程语言； 3、熟悉人大规模数据挖掘、机器学习、文本挖掘、统计学的算法和技术，并具备3年以上的数据挖掘分析项目经验，熟练使用相关数据挖掘分析工具（R/SparkML等） 4、熟悉hadoop、mapreduce、hbase、hive、storm、spark等大数据技术原理并具备开发经验。 5、具有实时计算、图计算经验者优先。 6、具有较强的分析解决问题的能力，以及优秀的逻辑思维能力，对有挑战的问题充满激情 7、具有较强的沟通、协调、语言表达、理解等能力和团队合作能力,2026-03-14
数据工程师,号百信息服务有限公司,上海,,上海 硕士 招1人 03-14发布,国企,,通信/电信运营、增值服务,"工作地点: 专业要求 :通信工程，计算机，统计分析，数学 岗位职责 1、需求分析：对号百灰库产品逻辑和数据处理流程标准化、提出改进建议及其他需求分析工作。 2、方案设计： 明确所需数据及必要的特征、明确所需模型及技术实现步骤、进行方案设计的汇报等工作。 3、建模开发： 宽表开发及数据预处理、模型基线开发及训练、评估模型和标签上线发布、等开发工作。 4、试点验证：效果验证、试点汇报等工作处理 5、总结汇报：发布运营报告、收集需求迭代开发。 应聘资格要求 1.计算机、统计、数学、专业研究生及以上学历 2对大数据生态有较好认识，具备spark, hive, hadoop, kafka, sqoop, kylin, azkaban等大数据组件开发、调优经验。 3 良好的数据敏感度，为人耐心细致，工作认真，有求知欲，具敬业精神、沟通能力和团队合作精神 4 能运用Python等统计分析语言或其他工具者同等条件下优先",2026-03-14
数据开发工程师,深圳车友援信息技术有限公司,深圳-南山区,1.5-3万/月,深圳-南山区 5-7年经验 本科 招1人 03-14发布,民营公司,150-500人,"互联网/电子商务,计算机软件",岗位职责 1、根据业务部门的需求以及产品/系统的埋点需求，设计、定义出数据指标； 2、根据数据指标，构建数据模型，设计并实现技术方案，对业务系统中的大量数据进行近实时的清理、汇总、统计，以方便可视化的呈现； 3、基于已经整理汇总过的数据，给运营部门、产品组提供可视化的数据报表； 4、上级领导安排的其他事务。 岗位要求 1、至少4年以上的Java开发经历； 2、熟悉PostgreSQL或者Oracle中的一种，熟悉PostgreSQL或Greenplum的优先； 3、具有大数据处理经验，熟悉Hadoop生态，熟悉ElasticSearch。具有ElasticSearch开发、优化经验的优先； 4、熟悉Grafana； 5、具有influxDB的优先；,2026-03-14
高级数据分析师,匡衡软件（北京）有限公司,深圳-福田区,2-3万/月,深圳-福田区 3-4年经验 本科 招3人 03-14发布 计算机科学与技术 软件工程,民营公司,少于50人,计算机软件,岗位职责： 任职要求：,2026-03-14
数据分析师,广东红餐科技有限公司,广州-海珠区,6-8千/月,广州-海珠区 3-4年经验 本科 招2人 03-14发布,民营公司,50-150人,"互联网/电子商务,文字媒体/出版","岗位职责： 1、通过统计和数据挖掘算法优化经营效果,向决策层提供战略决策数据支持,规范化数据分析流程； 2、数据驱动运营，数据分析得到有价值的信息，为公司运营决策、产品方向、运营策略提供数据支持； 3、开发并持续完善公司各项业务数据的统计分析模型，确保其准确性、实用性及可衡量性。 5、完成公司业务相关数据挖掘、分析工作； 6、完成领导交代的其他工作； 任职要求： 1、 具备互联网数据分析经验者优先； 2、 能够熟练运用excel和ppt； 3、 具备较强的文字功底，通过图文结合方式清晰展现分析成果； 4、 对数据库具备一定基础知识，能够独自进行数据库SQL脚本的开发、测试和部署操作； 5、 需要具备良好的沟通、理解与语言表达能力。",2026-03-14
大数据架构师,深圳市思乐数据技术有限公司,深圳-南山区,0.8-1万/月,深圳-南山区 5-7年经验 本科 招若干人 03-14发布,民营公司,150-500人,"通信/电信运营、增值服务,计算机服务(系统、数据服务、维修)",工作地点： 岗位职责： 1、参与大数据平台整体架构规划，包括应用架构、技术架构、物理架构和数据架构等，为大数据应用团队提供技术支撑； 2、负责基于Hadoop体系下开源系统的大数据工具平台设计、开发、调优和维护； 3、大数据平台服务架构和开发，包括行为采集，数据接入，任务调度、资源分配、元数据管理、自动优化、监控报警、大数据ETL组件、可视化组件以及数据服务，实时数仓建设等等； 4、技术选型，提供技术方向，为产品开发选择提供数据依据； 5、团队成员的技术能力的提高、培训。 岗位要求： 1、 本科及以上学历，5年以上大数据平台研发经验，多项并发大型Java平台或大数据平台开发、构建、运维经验优先。 2、 具有扎实的编程功底，熟悉常用的算法和数据结构，精通Java/Python/Scala/Shell语言（至少三种），并具备丰富的实战经验。 3、 有大型分布式系统设计与开发经验，负责过海量数据平台上高可用、高性能分布式系统的架构开发。 4、 对大数据基础架构和平台有深刻理解和丰富编码经验，具备相关产品（Hadoop、Hive、HBase、Kafka、MapReduce、Spark、Pig、es等）大数据源代码研发经验，具备组件二次开发经验，能够解读大数据源代码； 5、 有PB级别大数据处理实战经验，包括数据的采集、清洗、预处理、存储、分析挖掘和数据可视化，以及架构设计、开发、部署和自动化运维等工作； 6、 优秀的业务理解和分析能力，能理解清楚业务并进行合理的代码架构设计与大数据组件开发。 7、 有关键技术攻关的决心和能力，工作态度积极主动、细致、有全局观，善于与他人合作，良好的团队合作意识。,2026-03-14
大数据开发工程师,南京中冠智能科技有限公司,南京-鼓楼区,1-1.5万/月,南京-鼓楼区 2年经验 大专 招3人 03-14发布,民营公司,50-150人,计算机软件,有三年以上的WEB前端开发工作经验； 精通Html、Javascript、CSS、AJAX等主流前端开发技术； 熟悉Echarts、D3、Threejs等可视化库； 熟悉Canvas与SVG绘图技术； 熟悉vue、node等主流前端开发框架； 熟悉W3C标准和各主流浏览器在前端开发中的差异； 良好的编码习惯，勇于承担工作压力，具备良好的责任心和团队合作能力； 有webgis与webgl开发经验者优先。,2026-03-14
数据分析师（可视化）,浙江坤德创新岩土工程有限公司成都分公司,成都,1-1.3万/月,成都 3-4年经验 本科 招2人 03-14发布,民营公司,150-500人,"建筑/建材/工程,计算机软件",负责大数据平台各可视化报表的开发及交付；挖掘数据价值，辅助决策支持及运营优化； 1.负责基于大数据平台的数据可视化研发工作如DashBoard、图表展现、数据门户、数据分析的页面交互； 2.研发通用数据可视化产品应用于数据分析、数据挖掘和快速的可视化过程，增强数据的可视化展现与分析能力 3.挖掘数据本身的价值，直观展现数据体现的信息，并能应用于应用实践或对外提供有价值的数据产品 4.开发数据可视化引擎及其相关工具和应用； 5.跟踪数据可视化领域的最新发展，调研相关技术，整理形成专业知识库。 技能要求： 1、熟练使用FineReport / Fine BI开发可视化分析报表; 2、熟悉PowerBI、Tableau、Excel等BI工具进行数据分析的优先; 3、熟悉mysql、SQL Service语法及基本使用； 4、熟悉Vue、Angular、React等至少一种前端框架； 5、掌握ECharts、D3.js、Highcharts等可视化框架优先； 6、了解Spark SQL / Hive SQL /并能进行数据开发的优先； 7、有数据分析、数据平台工作经验者优先； 任职要求： 对数据敏感，学习能力强，具有优秀的分析问题解决问题能力； 具备3年以上报表开发、数据分析或可视化大屏开发相关工作经验； 计算机、统计学、计量经济学或者数学等相关专业本科及以上学历； 诚实有信、有责任感、保密意识、团队合作精神；,2026-03-14
算法及数据分析工程师,湖南湘能智能电器股份有限公司,长沙,10-30万/年,长沙 3-4年经验 本科 招若干人 03-14发布 电气工程及其自动化 自动化,民营公司,150-500人,电气/电力/水利,岗位职责： (1） 从事电力系统相关系统数据分析工作，如输电网故障诊断系统故障数据分析、配电网故障诊断系统数据分析； （2） 从事行波技术的故障定位、故障类型识别、线路隐患预警算法仿真分析； （3） 完善并提出基于行波技术的故障定位、故障类型识别、线路隐患预警算法。 任职要求： 1）有三年以上的故障行波诊断软件开发经验； 2) 精通MATLAB、ATP_EMTP仿真软件，搭建电力系统仿真平台； 3) 精通行波理论、行波传输特性、行波定位算法; 4) 熟悉数据分析方法； 5) 具备较强的沟通及团队精神，动手能力强。 有从事线路故障行波定位开发者优先。 有从事过电缆故障或隐患预警开发者优先 。,2026-03-14
数据分析师,广汇汽车服务股份公司（汇通信诚）,上海-闵行区,1.5-2万/月,上海-闵行区 2年经验 本科 招若干人 03-14发布,上市公司,10000人以上,金融/投资/证券,职责描述： 任职要求：,2026-03-14
大数据开发工程师,北京尚博信科技有限公司,广州-天河区,1.2-2万/月,广州-天河区 3-4年经验 大专 招2人 03-14发布 计算机科学与技术 计算机应用,民营公司,500-1000人,计算机软件,"岗位职责： 1． 参与大数据平台的搭建和开发； 2． 负责大数据平台架构、核心模块设计； 3． 基于大数据平台进行应用场景开发； 4． 研究大数据领域技术并在项目中合理采用； 5． 掌握先进技术方向、产品版本的技术路线； 6． 指导和培训其他研发人员在大数据整体架构下开展开发。 任职要求： 1、全日制大学大专及以上学历，计算机及相关专业； 2、精通JAVA开发语言，有5年以上研发经验； 3、熟悉大数据技术包括sqoop、scala、Hadoop、Spark、Storm、Kafka、Hive、ElasticSearch、HBase、kylin、Zookeeper等，并具备3年以上实际的大数据开发经验，对分布式数据处理和数据存储设计有很强的理解和优化能力； 4、具备实时流数据处理的项目经验； 5、熟悉Linux操作系统，熟练使用Shell或Python完成相关工作； 6、具有优秀的学习能力、独立分析问题和解决问题能力； 7、如果具备以下经验之一，将优先考虑： (1) 具备大型hadoop集群的开发项目经验，大数据、云计算系统设计经验者优先； (2) 熟悉各种NoSql解决方案，包含但不限于Mongodb、Redis、HBase者等优先； (3) 拥有扎实的数学基础, 在数理统计、机器学习、模式识别、人工智能等方向有相关 专业背景和经验者优先； (4) 具有大数据可视化方面的经验者优先； (5) 具有大数据爬虫开发经验者优先。",2026-03-14
自控工程师（大数据方向）,美埃（中国）环境净化有限公司,南京-江宁区,0.8-1.2万/月,南京-江宁区 本科 招若干人 03-14发布,外资（非欧美）,500-1000人,"机械/设备/重工,环保",岗位职责： 1.负责公司IoT及其他相关产品选型等应用工具类软件开发，按公司目标及时间要求高效率推进开发进度； 2.与相关外包方顺畅沟通，澄清技术要求，接近相关技术疑难问题，达成公司项目开发目标； 3.快速学习公司技术研发所需的其他自控知识技能； 4.完成公司所需的其他相关自控技术工作。 任职资格： 1. 会使用CAD、办公软件； 2. 本科及以上学历，硕士优先，2年及以上相关工作经验，优秀应届毕业生亦可； 3. 理解C语言，VB编程并能满足日常行业交流，有初级编程经验及APP开发经验者优先； 4. 有进取心、主动性、团队意识及合作精神。,2026-03-14
数据分析师,上海志行合力网络技术有限公司,广州-天河区,0.6-1万/月,广州-天河区 3-4年经验 大专 招若干人 03-14发布,合资,1000-5000人,"通信/电信/网络设备,互联网/电子商务",1、负责数据报表的制作，做好预警通知和报表可视化。 2、计算业绩考核，对数据进行稽核，提升数据的准确性。 3、积极发现业务中的亮点和问题，撰写相关数据分析报告。 4、完善数据指标体系，提高数据产出效率。 5、认真执行领导交办的其他任务。 任职要求 1、熟练使用Excel分析处理大量复杂数据。 2、具备编写SQL查询数据库的实际应用能力。 3、熟练使用Python语言中Pandas数据分析包。 4、熟悉常用的数据分析方法。 5、制作专业数据分析报告的能力。 上班时间：周一至周五早9:00-晚18:00，周末双休,2026-03-14
高级数据分析师,上海软科教育信息咨询有限公司,上海-闵行区,1.5-3万/月,上海-闵行区 无需经验 博士 招2人 03-14发布,民营公司,50-150人,"专业服务(咨询、人力资源、财会),学术/科研",岗位职责： 1、负责大学/学科排名项目，包括方法设计、结果分析、报告撰写等； 2、组织、落实各类数据调查或采集计划； 3、研究市场需求、业务需求和行业动态，开发新排名； 4、参加各类会议和活动，进行主题演讲； 5、完成上级安排的其他工作任务。 岗位要求： 1、博士学位，有海外经验者优先考虑； 2、优秀的数据建模和分析能力，主导过指数研究工作者优先； 3、优秀的中文、英文报告撰写能力； 4、优秀的演讲、沟通能力； 5、认同创业文化，事业心强。,2026-03-14
数据分析师,上海魔拾科技有限公司,上海-长宁区,1-1.5万/月,上海-长宁区 2年经验 本科 招若干人 03-14发布 计算机科学与技术 信息与计算科学,民营公司,少于50人,"计算机软件,服装/纺织/皮革",岗位职责： 一、日常工作 1、负责录入数据库信息的清洗包括整理、检核、补充等，确保数据库录入信息的正常运转； 2、根据业务需求，对数据进行提取、查询、统计、分析等工作； 3、根据数据需求，提供数据模型、数据分析报告，对产品采购提供数据支持； 4、数据汇报：独立制作日/周/月报、 KPI分析报表等。 二、自动化数据报表建设 1、数据报表的设计和维护 2、业务数据指标体系自动化建设，通过监控分析及时发现业务问题 3、与技术开发团队沟通，确保数据运行逻辑的准确性 岗位要求： 1、本科及以上学历；数学、统计、计算机相关专业；2年以上数据统计分析工作经验； 2、熟练应用SQL语言； 3、对Office工具精通，EXECl、PPT能熟练运用，有过自动化BI报表开发经验优先考虑； 4、能独立分析问题，有较强的逻辑分析和沟通协调能力，对数据敏感，细致，并热爱数据分析和数据挖掘的工作，责任心强； 5、良好的沟通能力，能够与技术开发团队完成日常沟通工作。 6、能接受快速的工作节奏。,2026-03-14
地理空间研究中心-高级GIS大数据研发工程师,中煤航测遥感集团有限公司,西安-长安区,0.9-1.5万/月,西安-长安区 3-4年经验 本科 招若干人 03-14发布,国企,1000-5000人,"石油/化工/矿产/地质,计算机服务(系统、数据服务、维修)","1) 地理信息系统、计算机或测绘相关专业,本科以上学历，五年以上开发经验； 2) 熟练使用GIS相关软件，熟悉ArcGIS或Supermap等二次开发组件； 3) 有GeoServer、Openlayer/DeckGL、GeoTools等开源平台开发者优先；熟悉GeoMesa，GeoSpark等空间大数据平台者优先。 4) 有过大型GIS项目开发经验者优先；具有良好的开发文档编写能力； 5) 有ArcGIS Server GeoEvent和WebGIS开发经验者优先。 6) 熟悉空间大数据相关技术者优先。",2026-03-14
大数据系统架构师,中冶赛迪重庆信息技术有限公司,重庆,,重庆 本科 招5人 03-14发布 计算机科学与技术,民营公司,,计算机软件,工作职责： 1、参与大数据方案及架构技术选型，参与大数据平台建设、数据管理平台建设及基于平台的大数据分析解决方案的制定； 2、参与企业定制化大数据项目建设，负责数据采集、数据清洗、数据挖掘等相关技术开发。 任职资格： 1、本科及以上学历，计算机/统计学/应用数学等相关专业； 2、熟悉数据库、数据挖掘基础知识，具有数据分析、数据挖掘、数据仓库或大数据开发经验者优先； 3、了解hadoop、spark生态圈并有相关经验者优先； 4、具有较好的数据思维、分析能力、逻辑思维能力和解决问题的能力，至少掌握Python、Java等语言中的任意一种； 5、工作态度积极主动，具备良好的学习能力，有较强的沟通和理解能力及团队合作精神。,2026-03-14
大数据应用挖掘工程师,中国电信海南公司,海口,,海口 本科 招1人 03-14发布 英语熟练 信息与计算科学 统计学,国企,,通信/电信运营、增值服务,"工作地点 海口 学历要求 本科及以上 专业要求 统计学、数学或计算机类 岗位职责 1.负责承接集团大数据精准营销及服务及精确管理工作在省内的落地支撑工作。 2.负责利用省内大数据平台和传统经营分析数据的挖掘建模，支撑面向一线的应用需求。 3.随着5G时代的到来，承担基于5G数据的大数据应用场景开展工作。 4.进行大数据场景下的数据统计、数据挖掘、机器学习、深度学习，包括数据整理、模型建立、模型应用、评估优化等 应聘资格要求 1、研究生：硕士学位、外语CET6级425分以上；本科生：学士学位、外语CET4达425分以上，相应的计算机能力； 2、2020年应届全日制高校毕业生，综合素质优秀、在校表现及学绩良好、具有良好的团队合作精神； 3、专业基础扎实，思维敏捷，反应灵活，表达能力强；熟练掌握R/SAS/SPSS等至少一种数据挖掘工具，熟练使用Python等脚本语言；熟悉常用机器学习和数据挖掘算法，包括但不限于决策树，线性回归，系统过滤，支持向量机，神经网络等；Spark/Hadoop/HBase/Hive等大数据处理平台具备一定了解，有系统实际操作经验者优先； 4、品行端正，身体健康，无传染性疾病。 5、具有一定的创新思维及学习新知识的能力； 6、具有一定的语言文字表达能力、人际交往能力，具有良好的敬业精神和职业道德；责任心强、具备优秀的学习能力，能独立分析和解决问题，具有较强的沟通技巧和团队协作能力； 7、熟练操作计算机，会使用常用办公软件, 获得岗位相关资质证书者优先考虑。",2026-03-14
数据工程师,广州万孚生物技术股份有限公司,广州,,广州 本科 招若干人 03-14发布,民营公司,,医疗设备/器械,岗位职责： 1、负责业务部门的统计分析任务，开发实现数据自动化，为业务部门提供数据支持服务； 2、参与业务需求调研，根据需求及行业特点设计大数据解决方案并跟进具体项目的实施； 3、参与数据仓库建设，ETL过程的设计与实现，负责核心代码编写并保证数据质量； 4、设计并实现对BI分析、数据产品开发、算法开发的系统性支持，保障数据挖掘建模和工程化。 职位要求： 1、有数据仓库系统建设经验者优先； 2、了解Hadoop生态圈，包括但不限于Hive、Hbase、Spark、Storm等； 3、了解ETL相关技术，并熟练掌握数据可视化相关技术； 4、了解主流关系型与非关系型数据数据库，了解数据结构设计的合理性。,2026-03-14
大数据开发工程师,广州英赛特软件有限公司,广州-天河区,1.2-1.9万/月,广州-天河区 3-4年经验 大专 招若干人 03-14发布,民营公司,50-150人,计算机软件,"1. 进行大数据批量清洗，入库及处理相关 ETL 工作，并作线上维护； 2. 实现实时数据处理过程，提供可靠实时数据服务； 3. 对业务和数据进行梳理，设计大数据模型，构建应用主题集市； 4. 实现简单的数据挖掘及机器学习算法，支撑智能型项目数据相关模块的开发； 5. 对上线的数据指标及服务进行运营和维护；确保数据服务的质量； 任职要求： 1、3年以上工作经验，2年以上大数据相关工作经验； 2、熟悉主流数据仓库模型设计，有分布式计算平台（Hadoop,Hive，spark 等）实践经验； 3、熟悉Java／python／R编程中的一种，能熟练进行Storm、Spark和Hadoop之上的开发； 4、具备金融行业经验（证券、银行等）或者了解财务知识更佳； 5、有过业务分析或者需求分析的经验；",2026-03-14
大数据架构师,钰真（上海）信息技术有限公司,上海-浦东新区,3-4万/月,上海-浦东新区 5-7年经验 本科 招2人 03-14发布,民营公司,500-1000人,"互联网/电子商务,服装/纺织/皮革",1、负责大数据相关平台/应用系统的架构、开发、维护和持续优化； 2、负责对接业务团队，解决在业务发展中遇到的产品和平台架构问题； 3、负责分布式平台应用开发（Hadoop/Spark/Hive/Hbase等）； 4、负责搭建效果监控平台，数据质量监控平台，数据中心建设，算法模型平台化建设； 5、具体领域包括但不限于推荐算法开发、分布式存储、大规模分布式计算、实时计算、跨平台资源调度、大规模分布式算法平台等；。 任职要求： 1、本科及以上学历，计算机相关专业，具有5年及以上的大数据平台搭建、架构和研发经验； 2、熟悉大数据组件的开发、集成、维护以及调优； 3、熟练掌握Java或Python编程语言，熟悉大数据架构体系，对Hadoop、HDFS、Hive、HBase、Spark、Kafka等技术中的一个或者多个有深入理解，有海量数据处理经验； 4、熟悉HBase和Kafka，有海量日志采集和分析系统搭建经验； 5、有数据仓库开发经验/BI系统开发经验者优先； 6、有电商行业数据处理与分析平台开发经验者优先。,2026-03-14
大数据工程师 (MJ000075),上海商米科技集团股份有限公司,上海,3-5万/月,上海 5-7年经验 本科 招3人 03-14发布,民营公司,500-1000人,"互联网/电子商务,通信/电信运营、增值服务",这是一个为商业人工智能领域构建实时大数据分析平台的工作机会。我们希望您具备计算机科学或者相关专业领域的专业背景，并拥有构建分布式可扩展数据处理及大数据存储方面的丰富经验。您将担任跨职能的团队中的重要角色。我们希望您斗志昂扬，注重结果，积极主动，具备推动产品的增长和成功的成功经验。 工作职责 工作要求,2026-03-14
环境数据分析工程师,河南速创环保科技有限公司,郑州-高新区,4.5-6千/月,郑州-高新区 在校生/应届生 本科 招若干人 03-14发布 环境工程 化学,民营公司,少于50人,环保,1 负责空气质量监测数据的分析和污染防治方案编制，如汇报材料、微信、日报、周报、月报、季报、特殊污染事件、重污染过程分析及准备会议材料等； 2 数据整理、汇总和深度挖掘分析，编写各类分析报告； 3 对各类污染源信息进行统计分析，根据数据分析结果，指导日常污染源督查工作； 4 接受出差； 5 与客户保持良好沟通，及时与领导沟通和汇报，推进项目顺利开展； ６ 能够及时有效完成安排的各项工作事宜。 任职要求： 1 本科以上学历，研究生优先考虑，环境、大气科学、化学等相关专业，有良好的学习能力； 2 熟练使用office办公软件； 3 具有良好的沟通、协调能力，责任心强，有良好的语言组织能力和表达能力； 4 有环保、污染防治等专业项目基础和相关经验者优先考虑。,2026-03-14
双休底薪8K聘数据分析师操盘手不加班,西安嘉恒玖富网络科技有限公司,西安-未央区,6-8千/月,西安-未央区 在校生/应届生 高中 招12人 03-14发布 普通话良好,外资（欧美）,少于50人,"金融/投资/证券,互联网/电子商务","一、岗位要求： 1、18-35周岁,学历不限、性别不限、专业不限； 2、性格开朗，诚实守信、踏实勤奋，工作积极主动； 3、沟通表达能力强，较强的团队意识和协作精神； 4、有强烈的上进心。 二、工作内容： 1、对金融行业有较强的兴趣，立志成为交易市场内的一员。 2、有较强的学习能力、风险控制能力。 3、对数字及图形有较强的反应。 4、有较强的执行力和责任心。薪资待遇：（零基础面试通过公司组织免费培训） 福利待遇： 1、每月享有带薪病假，休息时也会有工资拿； 2、弹性的工作时间，让你工作自由安排； 3、各种高端大气上档次的团队建设； 4、最重要的是来到这里，你将拥有***阔的职业发展空间，最充足的资源支持，最人性化的管理； 工作时间：上午9：30—12：00 下午1：30—6：30周末双休 法定节假日正常休息 联系人：王经理 电话：18192251165 地址：西安市未央区凤城二路市图书馆地铁口A口出经发大厦B座802",2026-03-14
大数据开发工程师,福建通力达实业有限公司,福州,0.8-1.2万/月,福州 2年经验 本科 招1人 03-14发布,民营公司,50-150人,"计算机软件,通信/电信运营、增值服务",（一）岗位职责： 1. 负责电力行业相关的大数据数据的设计与开发，解决海量数据面临的挑战； 2. 负责开源大数据平台与产品和相关技术的追踪及研究； 3. 大数据技术难点攻关及新技术调研。 （二）任职要求： 1.本科及以上计算机相关专业毕业； 2.熟悉java或者python语言，有丰富的使用经验； 3.熟悉Hadoop/HBase/Spark/Storm/Hive，熟悉数据挖掘相关策略； 4.善于发现问题、解决问题； 5.良好的沟通能力和团队协作能力。,2026-03-14
大数据开发工程师,深圳市博悦科创科技有限公司,深圳-福田区,1.2-1.7万/月,深圳-福田区 3-4年经验 本科 招6人 03-14发布,民营公司,500-1000人,"计算机软件,互联网/电子商务",岗位要求： 1、本科以上学历，相关开发经验2年以上； 2、熟悉hdfs、hive、sqoop、oracle、mysql，以及sql性能调优; 3、有较强的编程能力，熟悉掌握shell、java或python开发; 4.熟悉数据仓库、数据集市模型设计方法论，并有实际模型设计及ETL数据治理开发经验; 4.熟悉impala、hbase、spark、elasticsearch、redis等数据框架; 5.熟悉git、jira、confluence工具的使用。,2026-03-14
数据分析师,喜沃商品（中国）有限公司,杭州,0.6-1.5万/月,杭州 1年经验 本科 招2人 03-14发布 英语熟练,合资,50-150人,"互联网/电子商务,批发/零售","负责公司各项运营相关数据分析，对销售数据、管理数据进行分析 分析品牌消费者行为数据、品牌营销数据,熟悉国外主流社交媒体（Facebook,Youtube,,Twitter, Pinterest,Instagram...） 紧跟业务变化，在关键节点进行深入分析，为业务策略制定、效果评估和策略优化提供洞见； 对数据敏感，具有缜密的逻辑思维能力、数据洞察能力和沟通协调能力,能从海量数据提炼核心结果； 具有探索精神，从数据中发现问题和机会点以支持经营决策； 责任心强，细致认真，能承受较强的工作压力，热爱数据分析工作； 有海外留学，工作经验优先！",2026-03-14
高级建模数据分析师,翊劢（上海）企业管理咨询有限公司,上海-静安区,1.2-2万/月,上海-静安区 3-4年经验 本科 招1人 03-14发布 英语熟练,民营公司,少于50人,专业服务(咨询、人力资源、财会),"岗位职责: 1、 负责项目相关数据报表的建立，根据经营需求整理、规范、优化分析报告； 2、 建立月度等周期性报告，及时监控指标运行情况，以保障绩效目标的顺利达成； 3、 研究数据分析的方法，做到报表制作简单、方便、实用，以方便业务部门理解与使用； 4、 通过数据分析，挖掘业务问题，并提出合理改善建议，以促进业务操作的持续优化； 5、 有良好的多部门沟通协作能力。 任职资格: 1、 本科以上学历,相关咨询行业背景优先考虑； 2、 工具使用，熟练使用图表及函数功能者优先； 3、 了解基础的数据分析方法，包含：描述性分析、回归分析、方差分析； 4、 有相关数据可视化工作经验、自动化报表开发工作经验及具备互联网背景者优先考虑。",2026-03-14
数据仓库工程师,深圳筑龙信息技术有限责任公司,深圳-福田区,1-2万/月,深圳-福田区 3-4年经验 本科 招1人 03-14发布,民营公司,150-500人,"计算机软件,互联网/电子商务","职责： 1 维护公司已有大数据系统，数据库系统，文件系统，和其他传统IT系统。并根据新需求部署和开发新服务。 2 把控数据流，编写ETL 程序，调试和维护各类算法程序，保证程序稳定、运行 流畅 3 参与数仓的设计，模型优化和后续扩展，对工程技术方案落地给出建议和指导。 4 积极配合领导、同事的其它综合需求，及时给出方案和实现（比如临时BI 自动化脚本 服务器搭建等） 要求： 1 、计算机、信息、数学相关专业优先，三年以上大数据、数据库相关领域工作经验。 2 、数量掌握 python \bash ，对python的要求为，掌握python数据分析、自动运维、网页解析等相关主流package ，拥有大量实践。 3、熟悉主流关系型数据库，包括（postgresql \mysql \oracle\sqlserver)，及常见其他非关系型数据库如 redis neo4j mongodb 等。 要求 熟练使用复杂sql语法，熟悉数据库开发如自定义函数、存储过程、触发器，熟悉数据库维护如备份恢复、权限管理、主从配置，性能调优. 特别，对mpp分布数据库掌握者优先，如greenplum mycat 等 4、熟练掌握linux, bash脚本熟练，会部署和维护常见IT服务，如 Web 服务器，ftp，数据库服务, nfs ,dns,和其他传统IT服务。 5 、熟悉大数据生态，有 CDH HDP等平台 开发经验，熟悉常见hadoop组件，包括不限于 hdfs sqoop hive yarn spark oozie等， 各类sql引擎，各类计算框架。",2026-03-14
国际金融数据分析师,常州盛百正商务咨询有限公司,常州-新北区,1-1.5万/月,常州-新北区 1年经验 本科 招2人 03-14发布 金融学 财政金融,民营公司,150-500人,金融/投资/证券,"1、经验丰富的本科学历者可考虑，金融、证券、经济等相关专业背景 2、熟悉金融市场，有金融类投资分析师资格证和金融公司从业经历优先 3、掌握各类经济分析理论和工具，对金融市场规律有深刻理解，对宏观经济层面有独到的分析能力 4、具备较强的信息收集、热点捕捉和文字写作能力，以及独立的行情研究与判断的能力并能及时进行相关性分析及讲解 5、 通过公司交易模型，对数据做比较、分析，做修正 6、对基本面、技术面进行分析研究，给出行情走势分析和判断，撰写研究报告上交公司； 7、分析行情走势，为相关部门提供有价值的行情信息； 8、丰富市场分析能力，做出每日分析计划，熟练掌握各种分析技术； 9、每周对各国经济数据做分析（GDP,CPI,PPI等），公司提供专业数据源。 工作时间： 9:00--17:30 双休 工作时间拨打 联系电话：18151733387 工作地址：常州市新北区现代传媒中心1号楼2422-2423室",2026-03-14
大数据开发工程师,昆明百盛,异地招聘,0.8-1万/月,昆明 2年经验 本科 招若干人 03-14发布,外资（非欧美）,500-1000人,"批发/零售,快速消费品(食品、饮料、化妆品)",1.负责公司大数据平台的开发; 根据业务场景， 对数据数据分析、加工、清理； 2.负责基于大数据平台的BI设计、开发、测试 和维护； 3.负责基于大数据平台的ETL设计、开发及测 试； 4.协助进行机器学习模型构建、用户画像建设、 用户精细化分析等操作。 任职资格 1.计算机相关专业，3年以上相关工作经验，本科 及以上学历； 2.熟练使用SQL语言，掌握Oracle、ProgreSQL、 MySQL、Hive等一种或多种数据库系统的使用，有 较好的SQL性能调优经验； 3.对大数据平台、数据仓库有基本的理解，了解维 度建模基本思想； 4.有数据仓库、ETL、大数据相关的开发实施经验； 5.熟悉Shell、Java、Python等其中至少一门开发语 言； 6.熟悉Hadoop、Hive，Hbase，Kafka，Spark， Storm等大数据技术栈优先； 7.了解基本的ETL体系和算法，熟悉Datastage、 Kettle、Sqoop、Flume等其中至少一种ETL工具优先； 8.有Hive数据仓库开发经验者优先考虑。 工作地点：昆明市五华区三市街6号百盛柏联店 联系电话：0871-63644883,2026-03-14
ETL Developer 数据开发,东方易城网络科技有限公司,上海-静安区,1.9-2.3万/月,上海-静安区 5-7年经验 大专 招1人 03-14发布,合资,50-150人,"计算机服务(系统、数据服务、维修),互联网/电子商务",岗位职责： 1. 根据业务提交的开发需求，从SAP、Oracle提取数据，能够独立完成ETL过程设计、优化及开发； 2. 协助前端展示报表的设计及开发工作（Tableau /Business Object）。 岗位要求： 1、5年以上BI系统实施或运维经验，有制药行业BI经验者为佳；能够熟练进行数据仓库项目的开发和维护工作； 2、 熟练使用Informatica，熟悉Oracle； 3、 具备较强的稳定性，工作积极性高； 4、 工作认真仔细、虚心好学、责任心强； 5、 具有良好的客户服务意识与服务导向，遵循客户至上原则； 6、 具有一定的英语读写能力。,2026-03-14
中级数据工程师（报表）,广州安正软件股份有限公司,上海,0.8-1.2万/月,上海 在校生/应届生 本科 招3人 03-14发布 计算机科学与技术 软件工程,民营公司,150-500人,计算机软件,1、 与客户沟通报表需求并编写需求文档； 2、 与项目经理及现场用户进行沟通协调，独立完成报表开发任务及相关数据测试工作； 3、 负责项目报表逻辑层设计、报表详细设计、开发、部署工作； 4、 负责数据仓库项目上线后的报表维护与支持； 5、 支持、指导初级报表工程师完成开发工作。 岗位要求 1、 全日制本科及以上学历，数学、计算机相关专业毕业优先，1年以上工作经验； 2、 掌握数据仓库基础理论知识； 3、 熟悉DB2、oracle、sql server 等主流数据库其中之一，具有良好的SQL语言开发技能； 4、 了解报表工具通用设计思路，熟悉BO、MSTR、Cognos等主流报表工具其中之一，或Smartbi、FineReport等国产报表工具，进行过Dashboard报表的开发； 5、 思路清晰，善于思考，能独立分析和解决问题； 6、 责任心强，具有良好的沟通能力、团队合作能力、快速学习能力、文档编写能力和承受压力的能力； 7、 有基金行业BI项目参与经验者优先考虑。 公司福利,2026-03-14
GIS数据工程师,温州市勘察测绘研究院,温州,0.9-1.2万/月,温州 本科 招2人 03-14发布,国企,150-500人,"建筑/建材/工程,计算机软件",岗位职责 1、进行GIS数据建库和数据处理方案的设计和实现； 2、运用相关GIS软件进行数据空间化处理建库； 3、进行影像识别及处理； 4、进行空间数据统计分析。 任职要求 1、地理信息、遥感、测绘工程等相关专业，本科及以上学历； 2、了解ArcGis、SuperMap、AutoCAD等常用的国内外GIS软件； 3、熟悉GIS常见文件格式；熟悉常见空间数据库产品和空间数据库建库流程者优先； 4、善于沟通，有较好的团队合作精神，勤奋努力，有强烈的责任感； 5、敢于创新，自我学习能力强，工作积极热情，抗压能力强； 6、在读学生和应届毕业生实习结束可考虑就业； 7、考试合格者可入国企编制。 备注： 1、工作地点在温州，请不符合要求的不要投递简历，谢谢！ 2、 如有意向，请先把简历投到邮箱87791386@qq.com，之后再约面试。 3.咨询联系人：何***，联系电话：0577-88341677,2026-03-14
数据工程师,北京易伟航科技有限公司,北京-海淀区,0.6-1.2万/月,北京-海淀区 2年经验 大专 招6人 03-14发布,民营公司,少于50人,"计算机软件,互联网/电子商务",1、熟练运用ArcGIS、Mapinfo等国内外主流的制图软件，有较强的数据分析能力； 2、有DOM、DEM、航测、无人机数据处理经验者优先； 3、热爱地图编制工作，有相关互联网地图或电子地图产品从业经验者优先； 4、可以独立使用Erdas、Envi或其它遥感处理软件进行无人机、卫片处理的优先； 5、测绘、制图、地理信息系统相关专业优先； 6、能适应短期出差；,2026-03-14
南方创新研发中心-大数据开发工程师,中华联合财产保险股份有限公司,杭州,,杭州 本科 招10人 03-14发布,国企,,保险,任职资格: 1. 国家一本院校本科及以上学历，计算机、应用数学、统计分析或电力系统相关专业，硕士研究生优先； 2. 有一定的Hadoop/Spark，以及kafka、flume、hbase、hive、zookeeper等大数据生态圈知识和开发经验。了解Hadoop/Spark生态圈产品的工作原理及应用场景； 3. java/python基础扎实，了解jvm； 4. 熟悉Linux系统，了解shell编程，熟悉常用软件的安装与调试； 5. 具备较强的数据分析，问题分析，逻辑思维能力，良好的沟通，团队协作能力，掌握常用的团队协作工具svn、git等工具；,2026-03-14
数据分析师（语义分析）,东莞市乐其网络科技有限公司广州分公司,广州-天河区,1-1.5万/月,广州-天河区 1年经验 大专 招1人 03-14发布,民营公司,1000-5000人,互联网/电子商务,岗位职责： 1、负责自然语言处理（NLP）相关工作，包括文本分类与聚类、中文分词、关键词抽取、热点发现及词性分析等； 2、负责NLP核心算法的API封装； 3、对数据分析感兴趣，与团队一起完成文本分析类报告。 任职要求： 1、计算机、统计、数学等相关专业，本科及以上学历； 2、熟悉掌握自然语言处理领域，如分词、词性标注、实体识别、情感分析，并有2年以上的相关工作经验； 3、精通C/C++，Java，Python等编程语言的一种或多种，具备良好的编码能力； 4、思维严谨、突出的分析和归纳能力，优秀的沟通与团队协作能力。 找你不容易，必有大福利： ★Leqee标配福利，人有我优： 1、每天7.5小时工作制，周末双休，只是标配； 2、五险一金保障全，入职购买，无后顾之忧； 3、试用期工资不打折，生活质量有保证。 4、带薪休假任性耍，转正即享有带薪年假，法定假期、婚假、产假以及陪产假样样齐全； 5、元旦、端午节、中秋节、圣诞节各种节日福利，花样年年变，等你来体验 ★Leqee贴心内部福利，人无我有： 1、弹性工作制，生活工作不失衡； 2、低价内购买买买，清空购物车不是梦； 3、部门团建尽情浪，公司拓展玩不停，等你一起来建立无坚不摧的革命友谊。 ★Leqee大咖带你玩转电商开拓眼界： 1、不定期内部专业培训，电商老司机分享经验，小白秒变大咖； 2、扁平办公，领导nice没架子，点对点沟通，畅通无阻； 3、团队年轻好相处，代沟？不存在的~ 更多惊喜，等你发现，Leqee欢迎你~,2026-03-14
GIS数据工程师,上海杰狮信息技术有限公司,重庆,6-8千/月,重庆 1年经验 本科 招1人 03-14发布,民营公司,150-500人,计算机软件,1、负责项目数据的收集、整理、分析工作 ; 2、负责数据结构的详细设计工作 ; 3、负责大数据批量转换、处理工作 ; 4、负责项目中程序员的技术支持工作，包括简单sql语句、数据库相关对象的创建、相关服务的发布等 ; 5、负责客户现场数据的部署、发布、测试等工作 ; 6、积极完成项目团队中的其他技术支持工作; 7、1-2年的GIS数据处理工作经验。 岗位要求： 1、测绘、地理信息系统相关专业毕业，本科以上学历 ； 2、熟悉国内外GIS平台，如ArcGIS、SkyLine、MapGIS、CAD、MapINFO等 ； 3、熟悉关系型数据库的操作，如Access、Oracle、SqlServer等，有基本SQL语句编写能力 ； 4、有一定的文档编写能力，能完成数据说明书、数据处理报告等文档的编写 ； 5、具有良好的沟通能力、学习能力和团队合作意识、良好的职业素养和责任心，工作严谨 ； 6、能适应短期出差 ； 7、具有地理信息系统从业经验或有国土、水利、管线行业从业经验者优先。,2026-03-14
知名互联网媒体大数据/云计算工程师,西安柏诚国际货运代理有限公司,西安,1.5-2万/月,西安 5-7年经验 本科 招5人 03-14发布,民营公司,少于50人,交通/运输/物流,： 1、负责公司大数据平台技术团队组建，负责公司大数据平台规划与建设、管理、运营，从数据中挖掘潜在的问题和运营价值； 2、实现各项数据接入、数据挖掘分析、数据建模及数据可视化，输出相关数据报告，现公司产品部门、技术部分配合，完成数据分析，解决数据资源产品化； 3、根据各业务部门的实际业务要求完成较深入的专项数据分析及相关研究； 4、通过数据研究，提出改善运营质量的方法和建议，搭建数据分析体系，为业务决策提供支持。 1、本科及以上学历，计算机应用、软件工程、应用数学、统计学等相关专业； 2、三年以上互联网行业数据分析经验或大数据相关工作经验，对盈利性分析、运营分析有深刻见解； 3、精通SQL、Python编程，精通大数据分析手段Hive、Spark等； 4、具有深厚的统计学、数学、数据挖掘知识，具有缜密的逻辑思维，擅长分析，注重细节； 5、精通技术、精通运营、精通数据挖掘与分析； 6、良好的沟通能力有团队合作精神，善于协同各业务部门推进工作； 7、有带团队经验优先考虑。 ： 1、负责公司云计算平台战略规划的需求调研、规划、设计与建设工作，组织推进公司云项目的部署、交付和发展； 2、负责跟踪技术发展趋势、技术预研并逐步引入云产品‘ 3、负责公司云计算平台优化、管理流程建立、运行数据监控、采集、维护、平台报表分析，保证平台稳定运行、资源调优等； 4、负责监控管理公司云计算平台管辖的服务器、存储和网络安全等基础设施； 5、与公司产品部门配合，负责公司云平台相关的AI、边缘云、云网融合产品等云产品技术方案设计、架构设计和功能研发，完善各层产品和服务能力。 1、本科及以上学历，计算机、软件工程等相关专业，3年以上云计算相关的工作经验； 2、熟悉Openstack/VMware云平台产品和相关管理工具，了解KVM/Xen等虚拟化技术； 3、对主流厂商的服务器、存储等IT设备有一定的使用管理经验，对分布式架构、SDN等技术有一定了解和认识； 4、熟悉Linux系统，掌握linux常规命令与工具； 5、熟悉网络安全相关技术，有云环境下网络安全建设管理经验或大型互联网公司、云计算公司成功管理工作经验者优先；,2026-03-14
高级数据分析师,杭州莅盟科技有限公司,杭州-余杭区,1.5-2万/月,杭州-余杭区 3-4年经验 本科 招1人 03-14发布,创业公司,50-150人,互联网/电子商务,1、 推进用户数据化运营包括但不限于基于数据分析的行业研究、全业务生命周期的数据分析、 运营效果的数据化分析等，进而有效提升业务策略的合理性、有效提升运营效率、改善用户体验，改善业务运营效果。 2、 通过分析/挖掘数据，探索业务机会点并能形成自己对业务的独特见解； 3、 同时善于沟通，能够深入了解业务挖掘业务问题&痛点，通过商业分析为公司运营决策、产品方向、营销策略提供数据支持； 4、 探索数据在业务中的应用，探索数据产品化的机会，让数据在业务中发挥更大的价值； 岗位要求： 1、计算机、统计、数学、信息技术等专业本科及以上学历，有互联网相关数据分析工作经历 2、具备大数据分析能力，掌握SQL等相关数据提取工具，熟练操作excel、PPT等工具 3、良好的数据敏感度，能从海量数据提炼核心结果，有丰富的数据统计、分析经验 4、熟练独立编写商业数据分析报告，及时发现和分析其中隐含的变化和问题，具备良好的业务敏感度和创新意识，快速识别业务问题和机会 5、具备良好的抗压能力、沟通能力和团队精神，有独立开展分析研究项目经验 6、具有良好的学习能力，能通过快速学习掌握数据工具使用方法，协助业务建立数据报表。 7、有社交电商经验或电商经验。,2026-03-14
水运大数据及智能航运方向 主任工程师,中设设计集团股份有限公司,南京,20-60万/年,南京 5-7年经验 本科 招若干人 03-14发布,上市公司,1000-5000人,"交通/运输/物流,建筑/建材/工程",招聘人数：1名 岗位要求 1、具有5年以上大数据分析、交通模型专业工作经验； 2、具有2年以上技术管理经验，能够带领团队开展大数据信息处理、分析、挖掘等工作； 3、具有较强的编程和数学基础，熟悉数据库使用以及数据分析和交通建模； 4、曾在知名智能交通设计公司从事交通规划、顶层设计、咨询服务等工作，并参与智慧城市规划、智能交通发展规划、智能交通解决方案架构设计工作经验者优先；,2026-03-14
数据开发工程师,广东赛百威信息科技有限公司,佛山-顺德区,1-1.5万/月,佛山-顺德区 3-4年经验 本科 招2人 03-14发布,民营公司,150-500人,"计算机软件,互联网/电子商务",1.负责数据库日常需求开发与设计 2.负责维护数据仓库体系架构 3.对项目数据的提取、分析、建模等 3.负责PLSQL存储及sql优化 4.负责Kettle的设计、优化等 岗位要求： 1.有数据仓库项目经验、熟识数据仓库体系架构 2.能编写复杂的SQL与熟悉Oracle数据库，如各种分析函数的使用 PLsql存储过程及sql优化 3.熟悉ETL工具，如kettle的设计和优化，建模能力 4.具备架构能力，有过对接营销、ERP系统，能独立进行数据探查和分析能力,2026-03-14
大数据开发工程师,上海中科软科技有限公司,上海-浦东新区,1-1.5万/月,上海-浦东新区 2年经验 本科 招4人 03-14发布,国企,10000人以上,计算机软件,职责： 1、从事Hadoop、Spark、Hbase、hive等分布式大数据产品的设计和开发; 2、依据需求分析文档、设计文档在数据库/大数据平台进行数据开发 3、分析异常数据，提出修复方案，确定并执行数据修复方案; 4、参与大数据管理平台的开发及维护; 5、负责大数据平台数据及相关的应用开发，调优及维护; 6、为项目相关开发人员提供大数据技术指导及解决大数据平台应用中遇到的技术难题; 7、良好的团队合作与沟通能力。 任职要求： 1、本科及以上学历，计算机等相关类专业毕业，2年以上大数据应用开发/数据库经验; 2、了解泛Hadoop大数据生态圈，熟悉HDFS/Hive/Flink/Hbase/Spark/Kafka其中两种以上技术，并有实际的项目开发经验，有相关源码研究者优先; 3、具备ETL开发与运维能力，有Flume、kettle经验优先; 4、熟悉大数据平台的搭建过程，熟悉数据处理流程，有TB级以上数据处理经验优先，有实时数据处理经验者优先; 5、熟悉离线和实时数据处理流程，熟练使用Spark，Flink处理TB级数据优先; 6、熟悉Linux系统环境，有shell等脚本编写经验，熟悉Mysql、PostgreSql、Oracle等常用关系数据库，熟练编写SQL语句; 7、有保险项目开发经验,2026-03-14
Data Scientist(数据科学家),普华永道信息技术（上海）有限公司,上海-浦东新区,2.5-3万/月,上海-浦东新区 硕士 招2人 03-14发布 英语熟练,外资（欧美）,500-1000人,"计算机软件,计算机服务(系统、数据服务、维修)","Essential Duties and Responsibilities of a Data Scientist ?Responsible for the architecture design of models / strategies / algorithms for the innovative applications, including but not limited to predictive analysis, natural language processing etc. ?Identifies unique opportunities to collect new data. ?Designs new processes and builds large, complex data sets. ?Strategizes new uses for data and its interaction with data design. ?Locates new data sources, analyzes statistics and implements quality procedures. ?Performs data studies of new and diverse data sources. ?Finds new uses for existing data sources. ?Conducts statistical modeling and experiment design. ?Discovers “stories” told by the data and presents them to other scientists and business managers. ?Tests and validates predictive models. ?Builds web prototypes and performs data visualization. ?Conducts scalable data research on and off the cloud. ?Implements automated processes for efficiently producing scale models. ?Designs, modifies and builds new data processes. ?Generates algorithms and creates computer models. ?Collaborates with database engineers and other scientists. ?Implements new or enhanced software designed to access and handle data more efficiently. ?Trains the data management team on new or updated procedures. ?Stays up to date and educates the team on the cutting edge of analytic applications. Required Knowledge, Skills and Abilities ?Possesses a working knowledge of statistics, programming and predictive modeling. ?Demonstrates excellent code writing abilities. ?Has strong critical thinking skills and the ability to relate them to the products or services the company is producing. ?Proficient programming in Python, R, and SQL (Structured Query Language). ?Hadoop, NoSQL, Java are strong plus. ?Programming on scalable/Big Data language such as Scala/Spark is a plus. ?Shows strong knowledge of basic and advanced prediction models. ?Possesses a combination of creative abilities and business knowledge. ?Has data mining knowledge that spans a range of disciplines. ?Displays superior technical coding abilities. ?Possesses strong exploratory analysis skills. ?Demonstrates excellent verbal and written communication skills as well as the ability to bridge the gap between data science and business management. ?Has the ability to think and research creatively. ?Displays exceptional organizational skills and is detail oriented. ?Possesses a mastery of statistics, machine learning, algorithms and advanced mathematics. ?Strong English communication in paper and oral. ?Shows a high level of skills in acquisition and application of vast knowledge areas over a short period of time and requires a strong sense of personal responsibility. Education and Experience ?Master degree or PhD degree on mathematical, computer science or similar field of study, with at least 3-5 years of relevant experience. ?Previous experience working in data mining or natural language processing.",2026-03-14
数据分析师,武汉新东方学校,武汉-武昌区,5-8千/月,武汉-武昌区 2年经验 本科 招1人 03-14发布,上市公司,1000-5000人,教育/培训/院校,1、定期提供运营报表：对业务部门和其他内部运营健康指标的数据需求进行整理、分析，提供定期运营报表； 2、专项分析报告：为公司各部门的运营管理提供数据支持，提出优化建议，制定数据分析工作流程及方法优化方案； 3、高阶分析报告：针对业务问题/需求，分析产品、机构、客户等数据，建立统计。 1、本科及以上学历，统计、数学、计算机等专业背景优先； 2、熟悉各种数据处理软件和分析工具，掌握2种及以上数据分析工具； 4、良好的逻辑思维与业务分析能力； 5、良好的团队内外沟通能力、陈述表达能力； 6、适应团队合作，责任心强； 7、从事数据分析相关工作经验一年以上。 1、公司缴纳五险一金（入职试用期内即开始办理养老、医疗、失业、工伤、生育保险及住房公积金），补充商业保险； 2、可享受5-20天带薪年假，国家法定节假日休假，员工生日假、婚假、产假、陪护假、哺乳假； 3、节日礼品、礼金（春节、端午节、教师节、中秋节等） 、生日、结婚及生育礼金，儿童节子女礼品，高温补贴； 4、年度体检，年度旅游（迪拜、泰国、中国台湾、日本、韩国等线路）； 5、员工及子女免费报班； 6、公司提供良好的职业培训和职业发展平台以及美国、英国等国学习、游学机会。,2026-03-14
IT数据分析师,立邦投资有限公司,上海-浦东新区,2-2.5万/月,上海-浦东新区 5-7年经验 本科 招1人 03-14发布,外资（非欧美）,5000-10000人,"建筑/建材/工程,石油/化工/矿产/地质",2. 承担PM+BA的角色，负责业务部门相关项目的数据分析需求调研，成为与业务部门在数据分析方面的沟通桥梁，负责数据报表展示平台的规划设计，参与算法建立与优化，管理项目组，推动数据分析平台推广。 3. 根据公司的实际业务要求，利用系统工具或管理供应商第三方团队完成专项数据分析，并协助业务部门的运营决策和数据化运营项目落地。 4. 和IT其它部门合作，确保业务数据的及时，准确，一致，相关系统正常运行。 5. 参与团队其它系统项目的相关工作。 1. 有 年以上工作经验，包含企业内部 年以上业务分析、数据分析、数据挖掘应用经验，若同时熟悉Tableau等其它数据分析工具者更佳。 2. 熟悉数据分析与数据挖掘理论；有业务层面较大规模数据量分析经验；熟练使用SQL；有企业多数据源整合分析经验。 3. 具备良好的沟通能力和表达能力，能够独立开展业务调研、流程分析、数据分析、汇总报告等工作。 4. 如有1年第三方技术团队的管理经验则为加分项，如有智能算法经验为加分项。 5. 有较强的数据敏感度，良好的事务协调能力，能承受一定的工作压力。 6. 计算机、信息管理、数学、统计等相关专业，大学本科学历。,2026-03-14
大数据开发工程师（外企德科）,华为技术有限公司,南京-雨花台区,1.5-2万/月,南京-雨花台区 无需经验 本科 招10人 03-14发布 英语良好,民营公司,10000人以上,"通信/电信运营、增值服务,通信/电信/网络设备",华为在数据通信领域有超过20年的专业积累，解决方案致力于聚焦为客户创造价值，打造数据通信领域端到端整体客户化解决方案，持续在智简网络、电信云承载、5G综合承载、云网融合专线业务领域内深入耕耘，构建无处不在的极致连接体验，助力客户加速迈入万物互联的智能世界； 当前华为启动新的合作模式，入职外资企业，但和华为员工做相同的技术项目，同工同酬，华为负责员工的培养和发展，在华为大平台上共同进步和成长； 欢迎具有数据开发的人才一起奋斗 职责描述： 1、 提供数据监控报表及监控建议。 2、 从事互联网海量数据挖掘分析系统的开发 3、完成海量数据挖掘分析工作，并能快速获取有效数据进行异常数据排查 招聘条件 1、工作年限不限 2、诚实守信、工作履历及学历无任何虚报、工作态度积极、可以跟上公司的节奏 3、本科以上学历 4、有大数据、人工智能、安卓图形相关功能经验者优先 5、良好的的团队协作和沟通能力，表达及抗压能力 6、良好的责任心和事业心 工作地点： 南京-雨花台区-南京华为研究所,2026-03-14
大数据开发高级工程师,交通银行信用卡中心,上海,0.8-1万/月,上海 3-4年经验 本科 招2人 03-14发布,合资,10000人以上,"银行,金融/投资/证券","岗位职责: 1. 参与大数据基础平台、数据存储/分布式平台、数据分析平台设计和研发； 2. 参与数据收集和传输系统设计和开发； 3. 参与大数据平台的监控、性能调优； 4. 参与基于大数据平台的功能应用的开发； 5. 参与人工智能系统和应用的开发。 任职资格: 1. 本科及以上学历，具有两年以上大数据平台相关，数据处理分析BI项目开发经验； 2. 丰富的ResulfulAPI接口设计经验。熟悉常见API接口用户验证和保护常用做法； 3. 精通Flask,gunicorn和FastAPI框架或其他webservice框架； 4. 掌握Python高级特性，能熟练使用yield和decorator等。理解Python线程模型及其限制，gevent轻量化协程概念； 5. 熟悉Python科学计算和机器学习算法者优先； 6. 熟悉并掌握Python的数据处理和数据分析方法者优先。",2026-03-14
高级数据分析师,广州花美时化妆品有限公司,广州-白云区,2-2.5万/月,广州-白云区 招1人 03-14发布,民营公司,150-500人,快速消费品(食品、饮料、化妆品),岗位职责： 1、构建数据挖掘、数据分析体系，负责大数据的分类汇总、分析研究和数据建模； 2、负责对数据库信息进行深度挖掘和有效利用，充分实现数据的业务价值； 3、编写计算分析报告或统计分析报告，提供业务分析及数据支持； 4、制定数据分析策略，通过机器学习/深度学习、统计分析或者最优化方法，从数据中挖掘***的价值； 5、开发数据可视化报表及商业智能仪表盘，以协助管理层制定商业决策； 6、持续学习研究机器学习及人工智能的前沿技术，并应用到实际工作中； 任职资格 1、本科或以上学历，博士、硕士优先，统计学、数学、计算机等相关专业； 2、2年以上数据挖掘、分析相关工作经验 3、熟悉数据挖掘基本算法和数学模型，有数据搜集、整理分析与推断预测的经验； 4、熟练掌握机器学习和数据挖掘的常用算法，能够根据实际应用需求进行独立建模，算法调优及模型验证； 5、精通Java、C++、Python、R、Matlab等的一种或几种开发语言；精通hadoop/hive/mahout/MPI/spark等一个或多个分布式计算框架/算法平台； 6、算法基础扎实，熟悉常见的数据结构，熟练掌握常规的机器学习算法：降维(PCA、SVD)、SVM、逻辑回归(Logistics Regression)、决策树(GBDT、RandomForest)、关联规则(Apriori、FP-Growth)、聚类(K-Means)等，深入理解机器学习原理； 7、具有丰富的海量数据处理经验，熟练使用hadoop stack开源大数据技术栈里的各个组件； 福利待遇： 1、每年一次的旅游活动，让你感受祖国山河的美好； 2、多元化活动（生日会、BBQ、K歌、别墅轰趴)，让你享受到家的温暖； 3、每周下午茶，让你轻松享受休闲时刻 4、不定期的公司产品福利，让你不再为选择化妆品而烦恼； 5、享受带薪假期（法定假日、病假、年假、产假）让你充分享受与家人的团圆时刻； 6、每逢假日发放节目礼品，让你感受无微不至的关怀； 7、提供餐费补助+办公室配置无人货架，让吃货不再烦恼； 8、每月额外增加绩效奖金，能者居之，丰厚奖金等你拿。,2026-03-14
金融数据分析师（高佣金+盈利分红）,广东兆丰恒业控股集团有限公司,广州-天河区,0.8-1.2万/月,广州-天河区 1年经验 本科 招5人 03-14发布,合资,150-500人,"金融/投资/证券,互联网/电子商务",公司致力于为年轻人提供一个实现自我提升的平台 在这里，你要对自己的能力有足够的自信， 在这里，你要相信凭借自己的努力可以获得自己想要的未来！ 在这里，只要你认为自己够优秀，只要你有梦想，有野心，欢迎你加入我们的团队！ 在这里，你不会感觉怀才不遇。 在这里，若你是千里马，我们便是你的伯乐！ 在这里，学历决定你在求学阶段的高度，能力决定你在求职阶段的高度。 在这里，你是新人我们将给你系统全面的培训和学习。 现在就请加入我们，一起开创属于你的梦想新时代！ 【工作职责】 1、负责为公司处理客户的相关工作，并协助经理的工作事务 2、负责为客户提供外汇理财咨询、建议服务， 制定相应的投资组合和策略 3、负责保持与客户沟通联系，为客户提供金融分析软件以及售后工作 4、负责为客户提供完善的理财计划及信息咨询 5、负责根据客户的委托，帮助客户实施理财计划 6、学习跟踪宏观经济发展动态，研究国际金融业的发展趋势及走向 7、有数据分析、统计的细心和耐心，思维敏锐，对数字敏感 【任职资格】 1、年龄20-30岁，本科以上学历，有管理能力者/优秀应届毕业生/有行业经验者优先 2、敢想，敢做，有野心挑战高薪的你欢迎加入 3、热爱互联网金融，对金融行业未来前景有清晰的认识，并愿意扎根下去 4、公司提供全方位培训，提供无限晋升发展舞台 5、良好的工作态度、良好的团队协作能力，能承受一定的工作压力 【薪酬待遇】 1、一经录用，公司将提供全套完善的金融专业知识及技能培训，并提供畅通公平的晋升空间； 2、上班时间：周一至周五，早上9：00-12:00下午14:00-18：00；周末双休；享受国家公共假期。 3、底薪+高提成+奖金+利润分红 职业前景：每名雇员都会得到重视，通过不断的学习和努力，每个人都将拥有广阔的职业发展空间。 个人与职业道德：我们希望所有雇员都要遵守高度的个人与职业道德。 工作环境：舒适的办公环境，良好的工作氛围，互帮互助的学习热潮，公司有冰箱，微波炉，方便我们的同仁。 职位培训：优秀的导师，资深的专业人士，定期提供给您多种技术培训，助您自我提高实战投资技能。 薪酬福利：具有业界竞争力的薪酬和各种福利。底薪＋高佣金+丰厚奖金＋职位晋升＋季度旅游＋年终业绩分红。优秀员工可直接派 往各分公司担任高管，负责分公司全面工作，工作优异的员工或管理人员将会享有派往华尔街总部学习进修的机会。 晋升机制：我们提供规范的员工晋升机制，以及人才选拔和培养机制。 ※特别声明： 1、请求职人员认真阅读本公司招聘介绍，如本公司职位与您的职业生涯规划相符，欢迎应聘。 2、聘用职位性别不限，一经录用，公司将提供免费岗前培训及晋升机会。 3、请勿重复投简历，否则将会对你的录用带来不便。,2026-03-14
数据分析师,浙江怡联网络科技股份有限公司,温州,0.5-1万/月,温州 1年经验 本科 招3人 03-14发布,民营公司,50-150人,计算机软件,1.使用Oracle、MySQL、Sql Server等关系型数据库处理大量的数据、优化数据库； 2.运用数据挖掘/统计学习的理论和方法，深入挖掘和分析业务数据； 3.根据业务逻辑，进行数据清洗，优化管理相应的数据库相应表、结构、数据； 7.有计算机审计相关工作经验者优先。,2026-03-14
大数据开发工程师,蜜源（广州）新媒体科技有限公司,广州-海珠区,1.5-2.5万/月,广州-海珠区 5-7年经验 大专 招1人 03-14发布,民营公司,150-500人,"互联网/电子商务,计算机服务(系统、数据服务、维修)","【岗位职责】 1、负责公司大数据平台建设、开发：包括跨平台的数据埋点SDK，BI表报系统，用户标签系统等； 2、依据业务需求，进行数据产品的规划和设计开发，为数据分析和运营等人员搭建友好高效的数据产品，如报表、BI系统等； 3、负责埋点数据采集，数据清洗，提升数据质量，数据分布式存储； 4、分析用户行为数据，搭建个性化推荐系统，提升订单交易量； 5、算法优化，对业务数据各维度的统计分析，根据产品规则进行客户标签开发落地； 6、负责大数据方面技术发展趋势分析和竞争分析以及新技术的预研、规划和分析； 【任职要求】 1、本科以上学历，计算机软件或数学、统计学相关专业，3年以上Java开发经验，有3年以上独立系统设计和研发经验；掌握一门额外的编程语言(Python,Erlang,Scala,Haskell,Lisp,C/C++等)优先； 2、熟悉Hadoop或Hadoop生态圈相关技术，如Hive、Spark等或Kafka,Storm,Spark,Flink，熟悉大数据云服务技术，良好的算法/数据结构基础； 3、对业务有敏锐的洞察力，有较强的业务理解与分析能力；良好的逻辑分析能力,分析问题和解决问题的能力,对数据敏感； 4、具有电商领域大数据开发、数据埋点开发、推荐系统研发经验的优先考虑； 5、精通SQL,有较好的SQL性能调优经验者优先，精通分布式,缓存,消息,NoSQL等机制,熟悉Redis,Mongodb等NoSQL数据库者优先 6、熟悉BI开发流程,参与过大型数据仓库类项目者优先； 7、具备良好的团队合作精神，有较好的沟通交流能力，善于主动思考和行动，乐于解决具有挑战性的问题；",2026-03-14
数据分析师,南京圣迪奥时装有限公司,南京-江宁区,0.8-1.2万/月,南京-江宁区 2年经验 本科 招1人 03-14发布,民营公司,5000-10000人,服装/纺织/皮革,岗位职责： 1、负责日常业务运营数据支撑，并针对业务运营机会点深入分析； 2、负责数据挖掘与建模以及数据型项目与系统对接； 3、对精准营销活动的指标分解、信息触达、应急预案、活动评估及活动后复购再提升 4、不断迭代、优化会员生命周期管理中的模型、活动方案。 任职要求： 1、本科以上学历，2年以上同岗位工作经验； 2、具有数据分析经验，能力独立编写较为专业的数据分析报告、熟练sql脚本语言，熟练操作Excel、PPT等办公工具； 3、具备大数据处理能力，掌握hive、presto等相关数据提取工具； 4、逻辑清楚，抗压，敢于挑战自我且很强的创新和执行力，有团队合作精神。,2026-03-14
大数据开发可实习6K起+住宿,青岛小笨象电影科技有限公司,青岛-市北区,6-8千/月,青岛-市北区 无需经验 大专 招3人 03-14发布,民营公司,150-500人,"计算机软件,影视/媒体/艺术/文化传播",岗位职责：1.负责公司大数据分析系统的数据采集，处理，设计，开发与测试； 2.研究大数据行业新技术、优化系统结构、提升系统效果。 任职资格：1.计算机相关专业专科以上学历，有良好的数据结构与算法功底； 2.有相关的工作经验优先考虑 3.熟悉Hadoop、HBase、Kafka、Spark、ElasticSearch等主流的大数据技术； 4.熟悉Java、shell、python等大数据开发语言； 5.熟悉linux系统，熟练掌握至少一门脚本语言 6.精通oracle、mysqi等关系型数据库 7.接受应届生，实习生 工作时间：周末双休、法定节假日正常休息、早九晚六、定期团建、五险一金、公司氛围年轻,2026-03-14
数据分析师,深圳市奇洛普科技有限公司,深圳-龙岗区,4-8千/月,深圳-龙岗区 1年经验 本科 招1人 03-14发布,民营公司,150-500人,互联网/电子商务,岗位职责： 1、负责数据化运营，分析数据报表， 为运营提供决策性数据，帮助运营达成销售目标； 2、分析用户来源、行为路径、转化率、留存等市场运营核心数据，给运营提供数据反馈和建议； 3、通过数据分析，对流程优化、产品改进等工作予以数据支持； 4、负责收集、整理销售运营数据，同时，整合多渠道的业务数据，编写运营数据分析报告。 职位要求： 1、大专以上学历，统计/数学/财务/物理等相关专业； 2、数据处理能力强，熟练使用主流数据分析工具，熟练掌握EXCEL、SQL等； 3、可以独立分析问题，有较强的逻辑思维能力和问题解决能力，对数据敏感； 4、具备良好的沟通能力和团队协作精神，有较强的职业责任心； 5、优秀应届大学生亦可考虑。 1、 保险保障：公司为每位员工购买五险，全勤奖，年终奖； 2、 团队建设：每季度组织文体活动/聚餐，每年一次国内旅游；每月生日party等； 3、 生活保障：公司配备微波炉和冰箱，方便自带餐，每周提供下午茶，提供住宿； 4、 有薪假期：法定节假日、年休假、婚假、产假、病假、公假； 5、 发展空间：灵活的加薪/晋升机会，管理职位空缺优先考虑内部提拔。,2026-03-14
Java开发工程师（大数据研发）,爱普（福建）科技有限公司,福州-闽侯县,0.6-1万/月,福州-闽侯县 1年经验 本科 招1人 03-14发布,民营公司,50-150人,"计算机软件,计算机服务(系统、数据服务、维修)",岗位职责： 1、负责公司大数据平台新产品的开发。实现数据共享、数据分析、后端业务逻辑处理的组态开发。 2、负责内外部API接口设计及研发工作。 3、独立完成多个模块/组件的软件需求分析、软件设计、代码编写、静态检查等工作。 4、负责对接特定项目定制化开发需求，特定行业特定业务功能的通用微服务开发工作。 5、对实施中的项目进行支持，包括处理需求变更带来的代码修改和测试等。,2026-03-14
大数据开发工程师,南京牧信科技有限公司,南京-江宁区,6-8千/月,南京-江宁区 2年经验 本科 招若干人 03-14发布,民营公司,50-150人,"通信/电信/网络设备,通信/电信运营、增值服务","【1】负责全国职业院校技能大赛大数据技术赛项技术支持； 【2】负责新华三大数据软硬件产品的技术答疑； 任职要求： 1.学历：本科及以上 2.专业：计算机专业或软件相关专业 3.年龄：不限 4.经验要求：大数据相关工作2年以上经验 5.专业技能要求：熟悉大数据HDFS, HBase, Hive, Solr, Kafka, MR, YARN, Spark, Flume, Loader, Oozie, Redis, Storm等组件及开发应用；熟悉Hadoop、hive、spark、HBASE、flum、kafka等技术 6.证书要求：无 7.关键能力要求：具备Java/Python编写爬虫程序的能力；熟悉scrapy； 8.其他能力要求：无",2026-03-14
大数据工程师（数据仓库ETL）,康成投资（中国）有限公司----大润发总部,上海-静安区,1.5-2万/月,上海-静安区 2年经验 本科 招1人 03-14发布,外资（非欧美）,10000人以上,批发/零售,"工作职责: 1.深入理解公司业务与技术架构，参与建设新零售全渠道数据中台，包括数据仓库架构、数据模型设计、ETL开发、数据运维等； 2.熟悉大数据平台开发流程和规范，完成数据建模落地，包括从DWD、DWS、DM等数仓各层的建设，产品对应的业务指标开发等； 3.熟悉数据仓库领域知识，具有互联网、零售等行业的数据仓库实施经验，能够参与企业级数据仓库全作业链开发、优化，包括数据集成、数据建模、元数据管理、数据质量、主数据管理、性能优化和调优等； 4.持续迭代优化数据模型，快速响应公司业务上的变化； 5.参与需求讨论与业务源探索，分解和优化业务需求方案，迭代开发数据模型，并考虑上下游数据影响； 6.设计开发数据报表集市模型，通过可视化BI工具，快速满足决策层的数据需求； 7.协助分析师将数据分析逻辑和数据运营场景固化，参与应用级数据产品的设计，开发和实施； 8.保障数据仓库数据质量、稳定运维，促进良好的数据治理，促进企业数据资产化。 任职资格: 1.电商行业、互联网、金融或零售等行业数据平台建设经验（包含数据仓库建模，ETL开发，BI报表开发等一种或多种开发经验）。 2.熟悉大数据相关技术能力（Hadoop/MapReduce/Hive/Hbase等）。 3.具备较强的数据敏感度以及数据抽象能力。 4.熟悉数据仓库和数据建模的相关技术细节，了解各种数据建设模型和ETL开发规范。 5.具备良好的coding素养和习惯 熟悉Java/Python/Shell中的一种或多种。 6.熟练掌握Oracle, Mysql, Vertica等数据库，精通SQL，具备海量数据处理能力。 7.2年以上分布式数据仓库建设经验 优秀的逻辑思维能力和业务需求分析能力。 8.较好的沟通交流能力，学习能力强，有强烈的责任心。",2026-03-14
数据分析员/数据分析师,联信集团,青岛-市南区,5-7千/月,青岛-市南区 2年经验 本科 招2人 03-14发布,合资,5000-10000人,金融/投资/证券,2、较强的数据统计与分析能力，工作认真、严谨、负责； 我们的薪酬福利： - 无责任底薪+五险一金+绩效奖金+年终奖+加班费； - 周末双休，依法享受国家法定节假日以及婚假、产假等带薪假； - 定期安排丰富的员工活动，如旅游、生日福利等； - 完善的在职培训，良好的晋升机会； - 愉悦的办公环境，扁平化的管理体系，广泛的人脉圈子。 不论资排辈，你的晋升完全取决于你的努力； 不勾心斗角，你可以做自己善于或乐于做的事情； 不安排酒局，我们的业绩完全靠自身实力； 这里所有的同事都是你成长的伙伴，帮助你学习、提高、完善自我。 公司一直致力于为员工营造良好的工作环境，并优化员工的工作体验。我们的工作时间是每周5天*7.5小时，且每天下午3：00-3:15为下午茶休息时间。希望大家都能在这里开心工作，快乐生活！,2026-03-14
数据分析师,杭州盛锋企业管理咨询有限公司,杭州-拱墅区,6-9千/月,杭州-拱墅区 1年经验 本科 招4人 03-14发布,民营公司,50-150人,专业服务(咨询、人力资源、财会),主要职能： 1、项目数据的复核、统计； 2、项目报告的撰写； 3、统计流程、报表的设计与优化。 任职基本要求： 1、全日制普通本科学历；年龄24-35周岁， 2、1年以上数据统计分析/报表开发相关工作经历； 3、统计学相关专业优先；逻辑思维能力；沟通能力；执行力。 专项技能要求 4、 Excel熟练掌握常用函数，熟悉数据透视表、图表；PPT操作熟练；熟练掌握SQL和帆软/PowerBI/Tableau等常见BI软件。,2026-03-14
大数据开发工程师,青岛工业软件研究所,青岛-高新区,0.6-1万/月,青岛-高新区 2年经验 本科 招若干人 03-14发布,事业单位,少于50人,计算机软件,1、参与海量数据批处理平台、实时数据处理平台等系统开发； 2、负责业务数据体系的设计、数据统计、分析及数据建模; 3、负责大数据计算框架的选型与计算流程的设计、开发和过程优化; 4、独立完成产品(项目)核心模块代码开发、业务代码开发、系统性能调优等工作; 5、参与产品(项目)相关系统需求分析以及撰写相关系统设计文档。 1、计算机及其相关专业，大专及以上学历。两年以上大数据应用经验; 2、具备实时处理框架的设计和开发能力，熟练掌握Storm、Spark streaming等大数据实时处理框架中的一种，熟悉Spark 、R、Hadoop、Hbase、Hive、Elastic Search/Solr等相关技术; 3、熟悉分布式系统概念、架构，有大规模分布式系统设计、实现、部署等经验; 4、了解J2EE技术平台及主流框架，具有SpingMVC、SpringBoot、Spring cloud、Mybatis、Redis等框架开发经验;熟悉Linux开发环境，能进行shell脚本的编写，熟悉MATLAB、Python等技术优先；,2026-03-14
大数据开发工程师,云南昆船数码科技有限公司,昆明-五华区,0.6-1万/月,昆明-五华区 2年经验 本科 招2人 03-14发布,国企,少于50人,"计算机服务(系统、数据服务、维修),计算机软件",1、利用数据分析手段，对多种数据源进行深度诊断性组合分析、挖掘、深度分析，并通过分析给出潜在业务机会给出建议； 2、应用机器学习、数据挖掘等技术，对海量数据进行挖掘，发现潜在关系，研发符合客户的大数据产品； 3、配合业务同事给予数据支持，帮助业务部门优化运营服务，设计符合用户个性化需求的产品； 4、通过大数据挖掘用户群体行为和属性特征，帮助业务人员更好的理解客户需求。 1、计算机或相关专业本科及以上学历，对数据处理、数据建模、数据分析等有深刻认识和实战经验； 2、熟悉Hadoop/Spark/Hive/HBase等大数据工具。 3、精通SQL，熟悉常用的关系型数据库、非关系性数据库和数据仓库，具有SQL性能优化经验； 4、了解微服务开发理念、实现技术，熟悉常见设计模式，熟练掌握SSH开发框架，熟练进行Java、Python代码编写，熟悉多线程编程； 5、具备良好的抗压能力、沟通能力、逻辑思维能力，思维敏捷，对新技术敏感，有较强的钻研学习能力； 1、晋升机会 2、丰厚年终奖 3、员工股权 4、五险一金 5、员工体检 6、电影卡、蛋糕券 7、工会党支部健全 8、节日礼品、过节费,2026-03-14
大数据开发工程师（JAVA方向）,山东辰华科技信息有限公司,济南-历下区,6-8千/月,济南-历下区 3-4年经验 大专 招2人 03-14发布,民营公司,50-150人,"专业服务(咨询、人力资源、财会),计算机软件",岗位职责： 1、负责业务系统与大数据处理，数据流向及存储解决方案； 2、负责数据在线、离线数据处理； 3、负责业务系统到大数据处理，到业务系统展示整个大数据架构及环境运维； 4、负责相关开发工作与实现，对接相关算法； 5、按要求完成任务，提交前瞻性技术方案。 任职要求： 1、了解大数据整体流程架构解决方案； 2、按要求完成工作任务，具有较强团队意识及协作能力； 3、关注新技术，热衷技术开发，熟悉多种开发语言； 4、熟悉Hadoop、HBase、Kafka、Hive、Spark等组件的工作原理，并有2年以上维护经验，实际开发经验4年以上； 5、搭建、调优并维护过至少3个节点以上的Hadoop、HBase、Spark集群； 6、熟悉spark Streaming、storm流式处理，有相关开发经验或JAVA应用系统开发经验者优先。,2026-03-14
大数据开发工程师,深圳市麦谷科技有限公司,深圳-南山区,1.6-2.4万/月,深圳-南山区 3-4年经验 本科 招若干人 03-14发布,民营公司,50-150人,"计算机服务(系统、数据服务、维修),通信/电信运营、增值服务","岗位职责： 1、参与大数据中台系统建设； 2、对海量业务数据、用户数据进行分析挖掘，为公司在车联网行业精准营销、运营及决策提供业务分析及数据支持； 3、根据研究成果及业务需求，形成解决方案，实施应用项目； 4、开发出独立知识产权算法及知识库，固化成数据产品； 任职要求： 1、本科及以上学历，计算机、应用数学、统计学、交通等相关专业 2、熟练Scala、Java、Python、Go、C/C++等服务端编程，有良好的编码习惯 3、具有3年以上数据挖掘/数学建模相关工作经验, 具有深厚的统计学、数学、人工智能和数据挖掘知识基础，具备数理统计理论基础 4、掌握深度学习/机器学习框架;有NLP(文本分类,FastText、PyText、BERT等经验)、评分模型、kaggle比赛获奖者优先 5、深入理解HADOOP生态各种组件框架、查询引擎、存储引擎,熟练使用Hadoop、Spark、Hbase、Phonix、Presto、GreenPlum、图数据库等.有CDH运维经验优先 6、熟练使用Spark进行流式计算和离线计算,有Carbondata使用经验优先 7、熟练使用MYSQL关系型数据库,扎实的SQL编写/优化功底 8、具有高度的责任感、良好的敬业精神和团队合作精神；能够主动获取新知识，具有较强领悟力，有系统性思考解决问题能力 9、有车辆网海量数据处理经验者优先； 10、在华为、中兴、BAT等从事过相关经验者优先考虑； 11、有相关从业经验研究生学历/数学专业优先考虑。",2026-03-14
数据分析师,深圳宝龙达信息技术股份有限公司,深圳,1.2-2万/月,深圳 2年经验 本科 招1人 03-14发布 统计学 数学与应用数学,民营公司,1000-5000人,"计算机硬件,通信/电信/网络设备",岗位职责： 1. 收集分析和编写数据分析报告，对业务改进提供数据支持； 2. 对接业务需求，规划业务指标体系和报表模型； 3. 支撑领导、部门决策的专题分析及业务方向探索； 4. 用tableau对需要分析的数据进行可视化展现。 任职要求： 1. 2年以上数据分析工作经验，应用数学、统计学或计算机专业毕业； 2. 具备优秀的数据敏感度，掌握常用的数据分析算法； 3. 能独立使用SQL，Python等数据分析工具进行数据分析工作； 4. 对Oracle EBS系统架构有全面了解，熟悉Oracle EBS系统模块各模块功能者优先； 5. 有tableau或其他BI软件经验优先。,2026-03-14
数据分析师,大连新东方培训学校,大连,0.6-1万/月,大连 3-4年经验 本科 招1人 03-14发布,民营公司,150-500人,教育/培训/院校,岗位职责： ◆ 定期分析报告：对全校的产品、客户、收入等内部数据的整理、分析， 提供定期运营分析报告； ◆ 专项分析报告：为各业务部门、项目的运营管理提供数据支持，提出优化建 议，制定数据分析工作流程及方法优化方案； ◆ 高阶数据模型：针对业务发展与需求，研发并建立数据分析模型。 任职要求： 1、本科及以上学历，统计、数学等专业背景优先； 2、熟练操作EXCEL，良好的SQL运用能力，VBA/R/SAS/PYTHON/MATLAB等工具有一定了解； 3、从事数据分析相关工作经验两年以上，对企业有较高的忠诚度； 4、良好的逻辑思维与业务分析能力； 5、工作态度积极乐观，脚踏实地细致耐心；具有较强的事业心和抗压能力，能接受加班； 6、热爱教育行业，认同新东方文化。,2026-03-14
算法工程师/用户数据挖掘工程师,广州华购计算机科技有限公司,广州-番禺区,1.5-3万/月,广州-番禺区 2年经验 本科 招1人 03-14发布,民营公司,50-150人,互联网/电子商务,1、负责用户数据体系的构建； 2、运用数据挖掘机器学习技术，构建用户画像； 3、为客户推荐个性化内容，提成客户满意度。 1.计算机、技术等相关专业，本科以上学历； 2.精通Python语言，熟悉 Java，Linux/Shell等应用场景； 3.熟练使用Hadoop、Hive、Spark等大数据平台工具； 4. 熟悉深度学习框架，如Keras、Caffe、Tensorflow等，有过深度学习调参经验者优先； 5.精通机器学习常用算法：如决策树、随机森林、协同过滤、SVM、 回归算法、AdaBoost等等； 【1】公司氛围优秀（90后团队，各类活动，不用穿正装！） 【2】福利超赞（五险一金，餐费补贴，等等各种福利） 【3】交通便利（万博地铁口，步行10分钟即到） 【4】周末双休，节假日按法定放假,2026-03-14
数据分析师,亚信科技OBC,重庆-渝北区,2-3千/月,重庆-渝北区 在校生/应届生 本科 招4人 03-14发布 英语一般 计算机应用 统计学,民营公司,10000人以上,计算机软件,工作职责： 1、数据统计及分析相关的sql编写； 2、数据报表处理； 3、数据统计分析及分析报告编写（少量）。 综合素质： 1、精通sql语法； 2、熟悉操作excel进行数据处理； 3、责任心强，积极主动，有契约精神，较强数据安全意识； 4、能接受一定程度加班，实习期至少保证6个月。 教育程度： 1、计算机相关专业优先； 2、全日制本科生及以上,2026-03-14
科研开发岗（大数据、人工智能方向）,广东省现代农业装备研究所,广州,,广州 硕士 招2人 03-14发布,事业单位,,农/林/牧/渔,1、展开一系列的市场、科研、统筹等工作。 2、具备人工智能、大数据应用、区块链、算法、轨交等领域背景知识与学习能力者优先； 3、知识结构较全面，具有丰富的管理经验，了解法律及AI行业方面的知识，能够迅速掌握与公司业务有关的各种知识； 4、有较强的组织、协调、沟通、领导能力及人际交往能力以及敏锐的洞察力，具有很强的判断与决策能力，计划和执行能力。,2026-03-14
数据分析师,深圳市网联安瑞网络科技有限公司,深圳-福田区,1.8-2.5万/月,深圳-福田区 3-4年经验 硕士 招5人 03-14发布,国企,,"计算机软件,互联网/电子商务","岗位职责： 1、负责用户大数据的挖掘，分析，建模； 2、研究数据挖掘或统计学习领域的前沿技术,并用于实际问题的解决和优化； 3、通过对数据的敏锐洞察,深入挖掘产品潜在价值和需求,进而提供更有价值的产品和服务,通过技术创新推动产品成长； 4、熟练掌握至少一种数据分析方法，如：分类、聚类、线性回归、逻辑回归等算法，根据业务特点选择最合适的数据挖掘算法，进行数据建模、分析和挖掘等工作； 任职要求： 1、硕士及以上学历，对技术研究和应用抱有浓厚的兴趣，有强烈的上进心和求知欲，善于学习和运用新知识； 2、至少熟练掌握Java/Python/C++中一门编程语言； 3、良好的逻辑思维能力，对数据敏感，能够发现关键数据、抓住核心问题； 4、较强的沟通能力和逻辑表达能力，具备良好的团队合作精神和主动沟通意识； 5、有海量数据处理相关项目经验者优先；",2026-03-14
数据分析师,上海细微信息咨询有限公司,南京-雨花台区,1-1.5万/月,南京-雨花台区 2年经验 本科 招1人 03-14发布,民营公司,1000-5000人,"互联网/电子商务,交通/运输/物流",职位描述： 1. 负责构建公司数据分析平台，支撑业务专题分析和科学决策； 2. 与运营管理团队紧密协作，应用数据挖掘技术，把业务问题转化为数据模型，分析和挖掘业务机会和问题，支撑产品运营决策。包括不限于：用户聚类分析、Growth hacking分析、获客渠道效率分析、用户留存和激活分析，用户Cohort分析，用户CLV价值分析，运营人效分析、供需与运价预测、订单分发策略分析、交易诚信风控分析等等业务分析专题； 3. 研究大数据领域前沿的数据挖掘技术，并应用到业务分析实践中。 任职要求 1. 统计学、应用数学、计算机本科及以上学历，1-2年以上互联网行业、金融保险等行业的数据挖掘工作经验； 2. 扎实的机器学习和数据挖掘的理论基础和实践经验，熟悉hadoop、spark等分布式计算平台，有大规模数据处理和数据分析挖掘经验；熟练掌握SQL、R、SPSS、SAS、Python等数据处理和分析工具； 3. 对数据敏感，逻辑严谨，能快速理解业务，发掘业务场景和数据之间的联系； 4. 有较强的沟通能力，积极乐观、诚信、有责任心，具备强烈的进取心、求知欲及团队合作精神。,2026-03-14
大数据分析师,广东国地规划科技股份有限公司,广州,,广州 硕士 招5人 03-14发布,民营公司,,建筑/建材/工程,岗位职责： 岗位要求： 1、城乡规划、人文地理、区域经济、遥感与地理信息等专业，硕士研究生及以上学历； 2、敏锐的城市洞察与研究能力； 3、较强的数理统计及地理空间分析能力，精通ArcGIS等GIS软件及Tableau、Gephi、Echarts等可视化软件等相关操作； 4、较强的文字表达及报告撰写能力、沟通汇报能力； 5、有相关工作经验者优先。,2026-03-14
大数据开发工程师,广州趣丸网络科技有限公司,广州-天河区,1.5-2.5万/月,广州-天河区 5-7年经验 本科 招1人 03-14发布,民营公司,150-500人,"互联网/电子商务,网络游戏",1. Hadoop生态圈分布式大数据系统开发、计算性能调优、高性能服务框架设计与开发； 2. 数据处理、跟踪，协助数据分析，满足业务需求； 岗位要求： 1. 本科及以上学历，计算机科学与技术类相关专业，3-5年大数据项目经验。 2. 熟练掌握Hadoop技术体系，有Hadoop计算集群在实际项目上的开发和维护经验，熟悉大数据处理流程和分析优化； 3. 熟悉Java、Scala等语言，熟悉Linux 操作系统，熟练使用Python、Shell脚本语言； 4. 了解数理统计、数据分析及挖掘，熟知常用算法，有数据仓库和建模理论基础或实际经验。 5. 对新技术充满热情，具有良好的学习能力、团队协作能力和沟通能力。 6. 有过海量数据的机器学习算法实践经验优先,2026-03-14
大数据研发工程师,北京云杉世界信息技术有限公司,北京,,北京 本科 招10人 03-14发布,民营公司,,计算机软件,"岗位描述： 1.参与公司Hadoop/Spark/Flink/HBase等大数据基础设施的研发与运维，提升运行效率、稳定性和可用性； 2.参与大数据工具平台的研发和改进。 岗位要求： 1.2020届应届毕业生，本科及以上学历，国际知名高校、国内211、985、双一流高校优先，计算机相关专业； 2.算法基础扎实，熟悉常用数据结构和算法； 3.精通Java, 能够独立完成后端系统的设计开发, 对Spring、Mybatis等开发框架有较好的理解；",2026-03-14
数据分析师,浙江众喜通信科技有限公司,舟山,4.5-6千/月,舟山 1年经验 大专 招10人 03-14发布,民营公司,50-150人,"计算机软件,计算机服务(系统、数据服务、维修)",2、具备良好的沟通能力和团队合作精神、能承受较大工作压力,2026-03-14
大数据开发工程师,浙江浙大中控信息技术有限公司,杭州-滨江区,1-2万/月,杭州-滨江区 3-4年经验 本科 招1人 03-14发布,民营公司,500-1000人,"计算机服务(系统、数据服务、维修),计算机软件","1.参与项目需求的分析和设计工作； 2.完成软件系统代码的实现，编写代码注释和开发文档； 3.辅助进行系统的功能定义,程序设计； 4.根据设计文档或需求说明完成代码编写，调试，测试和维护； 5.分析并解决软件开发过程中的问题； 6.协助测试工程师制定测试计划，定位发现的问题； 7.完成大数据平台及产品的开发工作。 任职要求： 1、计算机相关专业统招本科（含）以上学历，两年以上大数据经验优先； 2、熟悉Linux操作系统底层架构； 3、精通 Java，Scala编程语言；熟悉Python，Shell编程语言优先； 4、精通包含但不限于；Hadoop/Spark/HBase/Hive/Storm/Impala等开源大数据技术； 5、熟悉大数据ETL处理过程，具有大数据ETL应用开发经验； 6、熟悉Flume+Kafka日志实时采集、数据共享实施经验或具有日志索引分词及搜索实施经验； 7、熟悉大数据可视化，具有大数据可视化应用开发经验； 8、熟悉K8S、Docker、Golang优先； 9、个性开朗，对技术钻研好学、逻辑思维能力强，沟通能力优秀，有团队合作精神。",2026-03-14
大数据开发工程师-合肥（MJ000393）,京北方信息技术股份有限公司,合肥,1.2-1.8万/月,合肥 3-4年经验 大专 招5人 03-14发布,民营公司,10000人以上,"外包服务,计算机软件",岗位职责 1.负责公司的大数据处理框架的研发设计工作； 2. 对现有系统的不足进行分析，难点攻关，找到目前系统的瓶颈，改进系统架构设计，提高系统性能； 3. 根据用户行为分析，挖掘有价值的信息，指导公司运营和决策； 4.参与小组的产品设计讨论，共同讨论和设计产品。 任职条件 1、大专及以上学历，3年以上大数据开发经验； 2、精通Hadoop、Storm、Hbase、Hive、Spark其中的一种或几种； 3、精通JAVA编程语言，精通面向对象和设计模式，熟悉Linux平台，可以编写代码编程使用Hadoop和基于Hadoop开发大数据处理系统； 4、拥有实际大数据项目经验，有金融类项目经验优先。 5、善于沟通与分享，具备良好的团队合作精神，具备较强的学习能力和独立解决问题的能力。,2026-03-14
高薪数据分析师（6000+）,青岛艾尔法投资有限公司,青岛-市南区,0.8-1万/月,青岛-市南区 无需经验 大专 招13人 03-14发布,外资（非欧美）,150-500人,金融/投资/证券,交易员就业前景： 公司：交易员-交易部经理-交易部总监 一、 1、负责公司提供的大账户的资金运作。 2、把握市场机会，实时交易，使账户达到稳定盈 利。 3、专业不限，（金融专业优先）。 4、 人品端正，谦虚好学，自信果敢。 5、对金融市场有浓厚的兴趣，有股票、期货等投资 经验者优先。 对金融或投资领域有兴趣者，应届毕业生也可以有机 会 6、有其他工作经历，但不满足于现状，想对金融投 资做尝试和了解者; 7、有投资经历，但困惑却无解决之道，愿意来公司 沟通互补交流者; 8、对于金融如股票、期货、贵金属、外汇感兴趣， 敢于迎接挑战，有一定的自控力，承受能力者。 二、转正薪资待遇 初级：底薪6K+20%提成或***提成30% 中级：底薪8K+30%提成或***提成40% 高级：底薪12K+40%提成或***提成50% 三、工作内容: 1.管理和运作公司内部自有资金账户。 2.有效进行风险控制，通过在全球外汇市场中进行实盘交易来获得利润。 3.关注公司账户操作品种价格的变动以及国际相关资 讯，上传下达。 四、任职要求: 1.良好的逻辑思路能力，期间参与过金融市场调研或 者参加过相关的如外汇、股票、期货等金融产品培训 机构者优先考虑; 2.国际金融专业及有实盘操作经验者优先考虑; 3.自我管理能力强，严格按照公司规定流程执行; 专业不限，金融专业优先。 4.人品端正，谦虚好学，自信果敢。,2026-03-14
大数据资深工程师,合肥大多数信息科技有限公司,合肥-政务区,1-1.5万/月,合肥-政务区 3-4年经验 本科 招2人 03-14发布,民营公司,50-150人,"计算机软件,计算机服务(系统、数据服务、维修)","1、大数据建模 2、大数据分析研究 3、大数据应用开发 4、编写、整理相关文档 任职资格： 1、本科或以上学历，数学、计算机或相关专业，5年以上大数据项目经验； 2、211,985计算机相关专业毕业应届生，有相关开发经验； 3、语言基础知识扎实，有OOP思想，Java多线程并发的经验，熟悉常用设计模式 4、熟悉HADOOP平台，熟悉hive、hbase、spark等组件 5、熟悉数学建模及MATLAB等工具 6、良好的跨团队协作能力，与各部门人员密切合作 7、思路清晰，思维敏捷，快速的学习能力，善于与他人沟通协作",2026-03-14
机载航空业务大数据分析师,中电科航空电子有限公司,成都,1-2万/月,成都 5-7年经验 硕士 招1人 03-14发布,国企,1000-5000人,"计算机软件,航天/航空",1、负责飞机驾驶舱、客舱及飞机平台数据采集与大数据处理的需求分析； 2、负责飞机驾驶舱、客舱及飞机平台数据采集与大数据处理的体系架构设计和功能分解，负责大数据处理的流程设计； 3、负责飞机驾驶舱、客舱及飞机平台数据采集与大数据处理的集成、联试和测试。 岗位要求： 1、熟悉数据挖掘理论，具备航空或相关行业工程经验，精通数据采集、标识、归一化与预处理等大数据处理技术； 2、具备大数据处理应用产品需求分析、方案设计或产品开发经验，精通大数据处理模型及算法，具备民航应用大数据处理方案分析设计能力； 3、熟悉民航业应用及有相关从业经验者优先。,2026-03-14
大数据分析师,深圳市安络科技有限公司,深圳,1-2万/月,深圳 1年经验 本科 招1人 03-14发布,民营公司,150-500人,计算机服务(系统、数据服务、维修),"岗位职责 ： （1）应用统计学方法，进行相关数据的深度分析、挖掘； （2）独立完成、推进各类数据分析工作。 岗位要求 ： （1）统计学、应用数学等相关专业优先，本科及其以上学历； （2）较好掌握数据分析挖掘方法，扎实的理论基础； （3）熟练使用Python等数据分析工具,熟悉mysql,elaticsearch等数据库； （4）有一年以上的数据挖掘经验； （5）较强的数据敏感度、逻辑分析能力及文档写作能力； （6）有责任心，勇于接受挑战，良好的沟通能力。",2026-03-14
数据分析工程师,上海计算机软件技术开发中心,上海,,上海 本科 招若干人 03-14发布,事业单位,,计算机软件,通过数据分析及挖掘技术构建威胁检测、态势感知模型并落地； 利用算法挖掘分析数据之间的相互作用关系和联系，发现潜在规律，建立机器学习算法并优化。,2026-03-14
大数据开发leader,厦门壹生信息科技有限公司,厦门,2.5-4.5万/月,厦门 5-7年经验 本科 招1人 03-14发布,民营公司,150-500人,互联网/电子商务,工作职责: 1、根据业务部门需求独立设计数仓； 2、负责大数据平台的基础架构、ETL设计、流程优化； 3、精通ETL架构，有深度的ETL开发经验，了解日常作业的部署和调度； 4、熟悉主流数据库技术，如Sql server、MySQL等； 5、海量数据的ETL开发，抽取成各种数据需求； 任职资格: 1、5-10年及以上相关工作经验； 2、对新技术敏感，具备良好的学习能力，分析解决问题和沟通表达能力； 3、有用过阿里云dataworks更佳； 4、对于数据治理有较为深入的理解和较多的实践。,2026-03-14
数据分析工程师,上海计算机软件技术开发中心,上海,,上海 本科 招若干人 03-14发布,事业单位,,计算机软件,通过数据分析及挖掘技术构建威胁检测、态势感知模型并落地； 利用算法挖掘分析数据之间的相互作用关系和联系，发现潜在规律，建立机器学习算法并优化。,2026-03-14
大数据开发leader,厦门壹生信息科技有限公司,厦门,2.5-4.5万/月,厦门 5-7年经验 本科 招1人 03-14发布,民营公司,150-500人,互联网/电子商务,工作职责: 1、根据业务部门需求独立设计数仓； 2、负责大数据平台的基础架构、ETL设计、流程优化； 3、精通ETL架构，有深度的ETL开发经验，了解日常作业的部署和调度； 4、熟悉主流数据库技术，如Sql server、MySQL等； 5、海量数据的ETL开发，抽取成各种数据需求； 任职资格: 1、5-10年及以上相关工作经验； 2、对新技术敏感，具备良好的学习能力，分析解决问题和沟通表达能力； 3、有用过阿里云dataworks更佳； 4、对于数据治理有较为深入的理解和较多的实践。,2026-03-14
数据分析师,上海东犁文化传播有限公司,上海-长宁区,0.8-1万/月,上海-长宁区 2年经验 大专 招若干人 03-14发布,民营公司,150-500人,"酒店/旅游,娱乐/休闲/体育",职责描述： 1、数据的采集工作，按时提取日、周、月各条线业务数据； 2、汇总数据做出相应的数据报表，并与同期日、周、月销售数据的对比，进行 业务数据分析； 3、业务数据趋势的列举及有效的分析； 4、对业务数据分析过程中，为销售业绩提供决策基础； 5、各部门提交数据的整合； 6、产品售后反馈数据的收集及整体评估； 7、新产品上市的数据分析； 8、各项目销售数据的结果评估。 任职要求： 1、有两年以上数据统计分析工作经验； 2、统计学专业优先； 3、具备较强的数据分析能力，并能够依据销售数据提出建议； 4、熟练使用各类office软件（如word、excel、ppt）,2026-03-14
高级数据仓库工程师 (MJ000178),信用飞,上海-长宁区,2-3.5万/月,上海-长宁区 5-7年经验 本科 招1人 03-14发布,合资,50-150人,互联网/电子商务,"【岗位职责】 1.负责业务的数据仓库ETL开发，构建可扩展的数据仓库和分析解决方案； 2.理解业务方的数据需求，提供高质量的面向业务的OLAP、报表、数据提取等数据服务; 3.根据数据现状，独立完成工程的优化和迭代性开发，并持续交付高质量易维护的代码。 【任职要求】 1、本科以上学历，计算机相关专业，3年以上数据仓库相关经验； 2、熟悉数据仓库方法论, 熟悉数仓架构和模型设计，精通ETL开发； 3、有数据建模基础，并能根据需求独立完成建模数仓架构设计、模型设计； 4、有基于hadoop和spark分布式平台的数仓经验； 5、熟悉Hadoop Hive／Spark／Storm／Kafka 等的使用和调优； 6、掌握Java，Python其中一门开发语言，掌握UDF和Map-Reduce开发者优先； 7、具备较强的责任心、抗压能力，良好的沟通协作能力，有独立解决问题的能力； 8、具备小团队管理经验者优先。 【更多福利】 定期分享：组织行业或专业分享会，共同学习才能有进步 职业发展：优秀员工、优秀团队、灵活的晋升与调薪机制 丰厚奖金：项目奖金、年终奖、期权计划 员工关怀：年度体检、生日会、节日礼物、Team Building、结婚生育礼金、抚恤金 节日假期：法定假期、额外补充年假、带薪病假、姨妈假、“38”节假期 【我们的团队】 信飞科技是一家垂直于航旅领域的消费金融科技公司，致力于“科技让金融更简单”来提高飞行人群的金融体验。在金融领域，信飞是京东金融战略合作伙伴；在航空领域，信飞科技是春秋航空、航班管家、东方航空、首都航空等多家航司的优质合作伙伴，为飞行人群提供在航空场景支付、分期、借贷等金融服务。信飞科技致力于用科技优化航空金融，让更多人在飞行过程中享受更好的权益和服务，越飞越有钱。团队由来自春秋航空、携程、腾讯、阿里巴巴、网易、渣打银行、滴滴出行等行业精英组成，目前业务迅速扩张中。 【工作地点】 长宁区淮海西路432号凯利大厦4楼 （地铁3号线、4号线、10号线虹桥路站4号出口步行400米）",2026-03-14
数据工程师,新东网科技有限公司,海口,0.8-1万/月,海口 2年经验 大专 招1人 03-14发布,民营公司,500-1000人,"计算机软件,通信/电信运营、增值服务","工作职责： 1. 提供数据库软件相关的技术咨询和项目交付管理工作 2. 支持自研新技术和产品，如统一管理运维、分布式等产品管理和研发支持工作 3. 支持自有产品的相关售前售后工作 4.DB2数据库运维，性能优化，故障处理，迁移升级，方案评审，安装实施等 职位要求： 1. 计算机相关专业，2年以上Oracle和/或 DB2 DBA工作经验，精通DB2故障诊断和问题处理，并有相关技术认证者优先 2. 丰富的数据库创建/监控/调优/问题解决经验 3. 熟悉MySQL、PostgreSQL、MongoDB等开源数据库者优先，了解大数据、nosql或云计算等新技术加分 4. 熟悉AIX/Linux操作系统，有SQL开发经验加分,熟悉DPF/HADR环境的运维管理 5. 能接受短期出差或者客户驻场，适应客户现场工作，有售前或项目管理经验者加分 6. 拥有良好的沟通表达能力和服务意识，有较强的团队合作意识，快速处理系统突发事件的能力 7. 有专研精神，对新技术和新领域有探索精神",2026-03-14
大数据工程师,中电海康无锡科技有限公司,异地招聘,10-30万/年,无锡 3-4年经验 硕士 招2人 03-14发布,国企,50-150人,"多元化业务集团公司,电子技术/半导体/集成电路",1.对创新业务整合后的应用系统进行核心技术匹配和对接； 2.大数据算法研究、设计、研发、迭代优化与测试； 3..项目与产品核心算法设计与实现，根据不同的业务场景，建立相应的数据挖掘模型，负责为应用层开发各种接口； 4..负责大数据服务平台的核心算法层的开发工作，大数据的导入、导出； 1.至少熟练掌握R、Java、Python、Scala中的一种； 2.硕士及以上学历，数学、统计、计算机及相关专业硕博士优先； 3.对大数据和自动化运维开发有浓厚兴趣，熟悉storm/spark等分布式相关技术优先； 4.有文本挖掘、用户画像、自然语言处理、推荐系统、Spark MLlib或Mahout等研究经历或工作经历优先； 5.有TB-PB级数据处理实际工作经验者或实时数据平台开发经验优先。,2026-03-14
数据分析师,广东尚睿网络技术有限公司,东莞,,东莞 本科 招5人 03-14发布,民营公司,,计算机软件,岗位职责: 1、 主要负责公司大数据IT产品开发及日常维护； 2、 配合公司人员完成BI系统搭建； 3、 配合完成其它项目性能测试工作及相关文档编写。 岗位说明： 1、计算机相关专业大专或以上学历； 2、熟练mysql数据库，能独立编写存储过程、对sql语句有一定优化能力等； 3、熟悉java后台开发，熟悉SpringBoot，熟悉Hibernate或者MyBatis等框架。 4、具备一定的逻辑能力，能很好的理解业务需求，实现相关模型算法。 5、熟悉Hadoop、Spark等大数据工具优先考虑； 6、有大型网站开发项目经验的优先考虑。,2026-03-14
数据分析师,大连汇誉财经网络科技有限公司,大连-金州区,0.8-1万/月,大连-金州区 在校生/应届生 招10人 03-14发布,民营公司,50-150人,"通信/电信/网络设备,金融/投资/证券",公司在大连拥有专业的技术分析团队，10余年高效的操盘实战经验，有自己独特的成熟理论与系统，高于同行业的福利待遇，公平的晋升通道，灵活弹性的工作时间。 为您提供零基础免费的岗前培训，有经验丰富的导师，确保应聘者能够顺利入职为公司创造价值。助您尽早成为优秀的交易员、操盘手、金融分析师。 1. 学历不限 2.自信乐观、精力充沛、喜爱竞争和有强烈的求知、成功欲望 3.良好的自我控制约束能力，能够独立思考分析、作出判断、完成下单 4.严格遵守公司纪律和行业规范、能接受严格的专业培训 5.热爱金融、热爱投资，具有较强的爱岗敬业精神及团队合作意识 6.服从上级安排，严格执行交易计划 1. 工资待遇；底薪+收益分成+五险一金+年终分红 2.雄厚实力 3.资深分析师授课培训 4.公司出资 5.技术深造 6.职位晋升：初级交易员-中级交易员-高级交易员-团队主管-经理-合伙人 电话：王经理 13342228735,2026-03-14
金融数据分析师（周末双休+高提成）,广东兆丰恒业控股集团有限公司,广州-天河区,6-8千/月,广州-天河区 无需经验 大专 招5人 03-14发布,民营公司,150-500人,金融/投资/证券,1、对金融经济知识感兴趣，希望踏足金融圈的； 2、对金融行业感兴趣、金融专业以及具有操作经验者优先考虑； 3、有较强的学习能力，公司提供完善免费的交易培训； 4、有求知欲，有集体荣誉感，有上进心，有赚钱的信心和欲望； 5、有冷静的头脑与不被别人影响的判断力，能够坚持己见。 岗位职责： 1.定期整理交易数据，向上级领导账户分析结果； 2.按照要求进行技术和基本面规律的分析，进行数据的搜集及整理； 3.严格执行公司各项制度，配合部门领导有关工作； 4.负责为客户提供完善的理财计划及信息咨询； 5.遵守公司的各项管理制度，承办领导交办的其他工作。 公司福利： 1、接受想转行、无经验或应届毕业生。公司有成熟完善的培训体系，全方位的培训内容，为您提供免费岗前培训。 2、按月评比优秀员工，给予通报表彰。 3、丰富的企业文化活动，篮球赛、羽毛球、台球等；年度旅游活动（由各分公司自行安排）。 4、年假15天，提前回家过春节！法定节假日正常放假，节假日各种礼品。 5、工作时间：周一至周五 上午9:30-12:00，下午14:00-18:00，双休（不加班） 6、我们的工作是每天接触高端金融、互联网人才，你的圈子从此大不同。 8、底薪+高额提成+奖金（优越者年薪二十万以上） 一经录用，公司将提供全套完善的金融专业知识及技能培训，并提供畅通公平的晋升空间；,2026-03-14
大数据架构师,广东锐博天成信息科技有限公司,广州,2.5-3万/月,广州 5-7年经验 本科 招1人 03-14发布,民营公司,500-1000人,"专业服务(咨询、人力资源、财会),多元化业务集团公司",岗位职责： 1、负责政务大数据解决方案制定和推广工作； 2、负责进行政务大数据项目的规划设计、需求分析、方案设计等工作，结合腾讯云政务大数据项目实践，基于腾讯云的技术架构和优势产品，输出满足市场需求的政务大数据解决方案； 3、持续提升解决方案竞争力，根据市场需求、友商动态等不断完善方案，推动产品规划、生态合作引入、市场政策制定； 任职要求： 1、全日制本科及以上学历，熟悉大数据技术架构，具备5年及以上大数据相关的规划、建设经验； 2、有数据治理、数据开发、数据分析、数据建模经验者优先； 3、熟悉政府数据资产的建设与应用，参与主导过大中型政务大数据规划、设计和交付； 4、对政务行业（政务信息资源整合共享、互联网+政务服务、城市运营管理中心等）的业务系统建设具有深刻理解，尤其是数据侧规划能力。具备上述场景大数据项目规划、建设经验优先考虑； 5、具备良好的售前能力，包含文档撰写、技术交流、正式宣讲、需求引导等； 6、能适应出差，责任心强，工作积极上进，能够积极分享，具有良好的沟通和主动学习能力； 7、优秀文字功底，能够进行公文写作，满足政府公文编写要求。,2026-03-14
数据分析师,上海仁联劳务服务有限公司,异地招聘,0.8-1.5万/月,杭州-余杭区 3-4年经验 本科 招5人 03-14发布,民营公司,500-1000人,专业服务(咨询、人力资源、财会),"1、根据O2O不同的业务场景，构建业务指标体系，建立和完善日常业务报告体系，能够及时、准确、完整的披露公司整体及各项目的运作情况； 2、通过专项分析，输出专项分析报告，为业务模块的决策和产品方向提供数据支持； 3、能够持续动态的挖掘日常的业务数据，发现业务的风险和机会点； 职位描述： 1、3年以上工作经验，3年以上数据分析/挖掘相关工作经验；有互联网或物流相关行业经验； 2、具有深厚的数学、统计学和计算机相关知识，精通SQL等数据查询语言及SAS,R等统计分析软件，熟悉数据仓库，具有海量数据挖掘、分析相关项目实施经验，参加过完整的数据挖掘项目并有成功案例； 3、对商业和业务逻辑敏感，具备良好的逻辑分析能力和系统性思维能力，良好的跨团队的沟通能力 ； 4、数字敏感度高，具备较强的分析总结能力，具备良好的数据呈现能力，包括PPT展示和讲解能力。 工作地点：浙江杭州余杭区。",2026-03-14
大数据工程师（集团总部）(J11337),隆基绿能科技股份有限公司,西安-经济技术...,0.8-1.3万/月,西安-经济技术开发区 2年经验 本科 招1人 03-14发布,民营公司,10000人以上,"新能源,原材料和加工",工作职责: 岗位概要 协助搭建公司大数据平台，架构前后端交互框架，协助完成大数据项目表现层的设计和开发，保障项目目标达成，支持公司战略目标实现。 岗位职责 1、负责公司大数据项目的可视化方案设计，交互方式； 2、负责JavaScript程序模块开发，浏览器兼容性调整，前端性能优化等； 3、协助运用大数据技术对业务数据进行分析，归类，处理，展示等操作； 4、根据需求需要，调研Web新技术和资讯整理。 任职资格: 1、 本科学历，计算机相关专业，2年以上前端项目开发经验； 2、 精通HTML、CSS，熟悉页面架构和布局，精通Ajax、JavaScript、DOM等前端技术，掌握面向对象，函数式编程思想； 3、 熟练React或者VUE框架，并能独立完成需求开发； 4、 了解Oracle、mysql等数据库，会写简单的SQL； 5、 熟悉大数据相关技术者优先； 6、 学习能力强，拥有优秀的逻辑思维能力，较强的组织协调及沟通交流能力，具有强烈的责任心和团队合作精神，能够保证长期稳定工作。,2026-03-14
大数据工程师,在线途游（北京）科技有限公司,北京,,北京 本科 招5人 03-14发布,民营公司,,生活服务,1：2020年毕业，本科及以上学历，计算机相关专业； 2：丰富的编码实战经验，热爱大数据； 3：有激情，有创造力，也有强悍的逻辑性，喜欢研究新技术。,2026-03-14
电商数据分析师,SHEIN,南京-雨花台区,0.6-1万/月,南京-雨花台区 1年经验 本科 招2人 03-14发布,民营公司,5000-10000人,"互联网/电子商务,贸易/进出口",岗位职责： 1、了解业务体系，为业务部门提供各维度数据分析支持； 2、针对业务部门提出的各维度数据问题，进行数据获取，整理和分析，得出合理的结论，并以报告的形式呈现； 3、深入发掘运营业务中的异常数据，主动分析并提供结论，推进业务部门调整及优化； 4、处理领导交代的其他工作。 任职要求： 1、本科及以上学历，数学，统计，电商或相关专业优先； 2、熟悉电商、零售、快消、快时尚行业运营工作； 3、一年以上数据分析工作经验，独立完成过商业数据分析项目； 4、熟练使用一种及以上专业数据分析工具，熟练使用GA者优先； 5、有责任心、主动性强，有良好的沟通能力和团队合作精神； 6、大学英语四级以上，熟练使用OFFICE等办公软件。,2026-03-14
数据分析师,广州易察市场研究有限公司,广州-越秀区,5-7千/月,广州-越秀区 1年经验 本科 招5人 03-14发布 统计学 信息与计算科学,民营公司,少于50人,"计算机服务(系统、数据服务、维修),互联网/电子商务",1、调研问卷的数据收集与分析程序的编写； 2、调研数据进行统计分析建模，使用spss等相关统计软件，了解相关统计分析理论知识，能进行较高级的数据统计分析； 3、了解文本语义分析，机器学习等相关算法 技能要求： 1、1-2年数据分析的工作经验，本科及以上学历，统计学、应用数学或计算机科学等相关专业背景优先考虑； 2、至少掌握一门编程语言，能熟练使用VBA、R、SPSS、python中至少一种 3、熟练使用office，熟悉常用统计分析方法 4、具有较强的学习能力以及独立思考能力 5、具备责任心和良好的团队协作精神，乐于沟通交流和分享，充满激情，乐于接受挑战,2026-03-14
数据科学家Data Scientist,北京外企德科人力资源服务上海有限公司,上海-长宁区,1.2-2万/月,上海-长宁区 3-4年经验 本科 招1人 03-14发布,合资,10000人以上,专业服务(咨询、人力资源、财会),"Position Summary This is an exciting new role in the Data Science and Analytics group in Information & Analytics, which is tasked to deliver maximum value from data to drive business and organization performance. The ETS I&A In-Market team helps markets win with data, data science, and analytics in a way that leverages the close engagement/ relationship with CCBTs and CD leadership with a (highly technical) data science hub team so that they can solve for both large transformation programs and near term business problems. The ETS I&A In-Market team is composed of business interpreters, data scientists, and data experts who can: quickly understand the business context + problem, apply advanced mathematics and/or statistics to large data sets; and operate in cloud based environments where data, models, and user interfaces reside in the same platforms-core technologies. This job description is for the data scientist role. The role has three main accountabilities: 1. Works with the business interpreter to fully understand the business problem and how to deliver relevant insights that lead to actions. 2. Gathers, analyses, and models data to solve complex business problems and evaluate scenarios to make predictions on potential future outcomes and support decision making. 3. Supports building data and analytic capability in the market CCBT and CD teams (e.g. training on analytics and basic statistics). Location: Shanghai Expected Work Specifically, this role will focus on working on in-market business problems coming from CCBTs and CD leadership. It will help identify common themes amongst CCBTs to build repeatable models against (e.g. improving pricing execution and SPI compliance) and partner with CD leadership to support 6P growth from retailer data, land global CD2020 programs requiring data and analytics, and / or advance the next phase of NRM. Key Accountabilities/Deliverables ? Deliver the joint business plan priorities between ETS I&A and the market GM / CD leader (80% of capacity focused on CCBT and CD opportunities, 20% flexible) ? Build data-science and algorithmic solutions to address business problems requiring descriptive, diagnostic, predictive, and / or prescriptive analytics ? Position analytics as a tradable “currency” with retailers who the market is attempting to get new data from ? Drive new value from insights from connecting external (Retailer, Darwin) and internal data sources (SAP, Teradata) ? Innovate new data and analytic methodologies driven by local needs which feed into I&A’s global product pipeline Resources The position will be an individual contributor role working closely with the business interpreter and CCBT and CD teams. There will be no Unilever FTEs reporting into this role, however, there may be third party contractors this role is accountable for 3rd party. Key Working Relationships Internal ? I&A Business Interpreter ? CD VP and key Directors ? CCBTs key leaders and team members ? I&A Singapore Hub Team ? I&A Operations located in Bangalore ? Analytics and Data Science in-market peers External ? Partner Analytics and Data Science Contractors ? Targeted Universities for developing innovations Standards of Leadership Required in This Role ? Personal Mastery ? Agility ? Business Acumen ? Passion for High Performance Key Skills Required Professional Skills ? Analytics Modelling and Techniques Fully Operational ? Analytic Platforms Fully Operational ? Data Exploration Fully Operational ? Platform Technology Working Knowledge ? Data Visualisation Fully Operational General Skills ? Change Management Working Knowledge ? Project Management Working Knowledge Strong communication skills and ability to work with peers and demonstrate vertical and lateral influence. Relevant Experience: ? B.S. or M.S. in a relevant technical field (Operations Research, Computer Science, Statistics, Business Analytics, Econometrics, or Mathematics). Overall experience of 5+ years preferred ? Strong track record in solving analytical problems using quantitative and statistical approaches o Expert knowledge in modelling techniques such as Regression, Clustering, Random Forrest, Decision Trees, Optimization, Time Series, Probability, and other related advanced methodologies o Expert knowledge of an analysis tool such as Microsoft Azure Machine Learning, Angoss, KNIME, Spotfire, Microsoft PowerBI, and Tableau o Expert knowledge working with and coding in R and Python ? Ability to manipulate and analyse complex, high-volume, high-dimensionality data from varying sources (Nielsen, SAP, Retailer ePOS; both structured and non-structured data) o Experienced knowledge working with large data sets, experience working with distributed computing tools a plus (Map/Reduce, Hadoop, Hive) o Experienced knowledge working in Microsoft Azure and applying Cortana to develop scaled analytic models in the cloud o Experienced knowledge with relational and columnar databases – SQL is a plus ? Passion for empirical research and for answering hard questions with data ? Ability to apply an agile analytic approach that allows for results at varying levels of precision ? Ability to communicate complex quantitative insights in a precise, and actionable manner",2026-03-14
高级数据分析师,北京卓信智恒数据科技股份有限公司,武汉-江汉区,1.5-2万/月,武汉-江汉区 5-7年经验 本科 招1人 03-14发布,上市公司,150-500人,"计算机软件,计算机服务(系统、数据服务、维修)",岗位职责： 1、负责公司生产、物流供应链领域的数学建模，持续提供生产计划、供应链绩效方面数据分析能力，为业务决策提供支持； 2、面向未来，结合我司业务特点和业界优秀实践，构建面向未来的营销、生产、物流、采购等业务领域大数据分析和应用管控体系； a) 业界优秀实践研究：研究行业内外大数据体系建设的优秀实践，与业界保持同步； b) 建立供应链领域大数据分析与应用管控体系：结合业界先进理论，设计在我司供应链领域的应用可行性方案； 3、通过我司建设的大数据分析系统及AI工具，协助完成销售预测、生产计划协同等模型的优化与落地，并持续促进公司数据分析人员能力转型； 任职要求： 1、国家正规院校全日制本科或以上学历，计算机、数学、统计学相关专业。 2、拥有5年以上大数据分析、应用实施经验和成功的项目实施案例，能主导并擅长用多种分析手段解决实际业务问题； 3、熟悉业界数字化供应链演进方向，洞察数字供应链背后的业务规律； 4、熟悉大数据算法模型 或 AI、机器学习相关技术挖掘模型的构建与应用； 5、精通统计分析、数据建模、数据挖掘、数据管制与数据质量管理等领域专业技术； 6、具有大数据分析和应用管理体系方案的设计和咨询能力； 7、具备优秀的组织、协调、沟通能力及良好的团队合作精神； 8、具有烟草、制造、零售快消品等行业解决方案实施经验优先考虑；,2026-03-14
高级工程师（大数据开发） (MJ000878),东方证券股份有限公司,上海-黄浦区,3-5万/月,上海-黄浦区 5-7年经验 本科 招1人 03-14发布,国企,1000-5000人,"金融/投资/证券,互联网/电子商务",1. 对多金融市场重要品种的数据进行整理及分析。 2. 深入用户调研需求，运用统计学等方法，在公司的大数据平台上对海量数据进行深度数据挖掘，推出数据产品。 3. 基于用户需求及应用反馈，持续进行数据模型和算法的研究、建模、设计与优化。 4. 参与数据产品的推广应用，用户培训等。 1.重点大学硕士及以上学历，计算机、金融工程、统计、应用数学或相关专业； 2.具备扎实的数理功底，熟悉常用机器学习算法，如：决策树、随机森林、聚类、神经网络等； 3.具有3年以上工作经验，具备数据挖掘经历，亲自实现过算法或预测模型并将该算法或模型投入实际运用； 4.熟悉python、R或其他开发语言中的一种； 5.熟悉MapReduce、Hive、Spark等计算框架； 6.具备沟通协调能力，具有团队合作精神、责任心强； 7.热爱学习和分享，善于研究国内外的数据挖掘论文，并能运用到实际工作中； 8.具有金融行业经验，并在以下某一方面有实践经验者优先：策略交易、投资风险计量、金融客户行为分析、客户异常交易识别、事件预警等。,2026-03-14
体育数据分析师,南京茵讯智能科技有限公司,南京-建邺区,6-8千/月,南京-建邺区 在校生/应届生 硕士 招1人 03-14发布 数学与应用数学 信息与计算科学,民营公司,少于50人,"计算机软件,计算机服务(系统、数据服务、维修)",根据自主研发的数据采集设备，针对每场足球赛采集的数据进行分析和处理，跟从于美国麻省理工数据处理团队学习并应用于实际工作。,2026-03-14
测绘数据分析师,广东友元国土信息工程有限公司,广州,8-10万/年,广州 2年经验 大专 招2人 03-14发布 普通话良好 测绘工程 地理信息系统,民营公司,50-150人,专业服务(咨询、人力资源、财会),工作职责： 1、 按照项目经理的安排完成所参与项目的分项工作； 2、完成分公司领导临时安排的各项工作。 岗位要求： 1、土地管理、地理信息、测绘工程等大专以上学历； 2、测绘、地理信息、土地管理相关专业，或有国土、农业、林业等相关实践经历； 3、技术要求：掌握CAD（或CASS）、Mapgis（或Arcgis）、Office，具有较好的文字功底。 4、其他：***，年龄30岁以下。能适应不时出差，有较好的对外交际能力和团队精神。,2026-03-14
数据分析师,北京中恒博瑞数字电力科技有限公司,西安-碑林区,1-1.5万/月,西安-碑林区 3-4年经验 本科 招1人 03-14发布,民营公司,500-1000人,"计算机软件,电气/电力/水利",任职要求： 1、了解电网行业基础业务； 2、掌握2种以上数据分析和建模工具； 3、熟悉oracle、mysql等主流数据库操作； 4、具备产品需求分析、设计规划与推广能力； 5、了解数据管理体系，包括数据汇集、数据标准、数据治理等； 6、具有电网行业经验者优先考虑； 7、统招本科以上学历，数学、电气自动化及计算机相关专业； 8、三年以上数据分析相关工作经验；能接受短期出差。 岗位职责： 1、结合公司业务通过数据分析进行产品预研、设计； 2、现有项目的技术支撑； 3、各地用户的技术交流与产品推广； 4、负责数据清洗、挖掘分析与应用场景设计； 5、数据分析方法及其过程的内部培训； 6、项目过程资料的编制与汇报。,2026-03-14
大数据开发工程师（tky工程部）,北京华路时代信息技术股份有限公司,北京-海淀区,1-1.5万/月,北京-海淀区 2年经验 本科 招若干人 03-14发布,上市公司,5000-10000人,计算机软件,薪资 /北京 / 经验3-5年 / 本科及以上 / 全职 职位描述： 1、负责构建大数据分析平台以及数据分析和挖掘工作 2、负责数据的离线和实时流分析 3、参与支撑业务的数据模型建设及数据指标的计算和分析 4、参与海量数据的存储、查询和运营数据分析体系搭建 5、运用Hadoop、Spark、ES等分布式计算和存储平台 职位要求： 1、精通java，熟悉java web开发；掌握scala、python等任一语言； 2、对开源框架Spring cloud、kafka、zk、redis、Hbase等有实际应用经验，并能熟练应用； 3、具备Spark、Kafka、HBase、Hive、Storm、Impala等大数据基础开发能力者优先，熟悉搜索引擎中的常用算法，了解ElasticSearch搜索技术等优先； 4、ETL开发，数据入仓，数据清洗，数据分析，数据处理，模型分析，BI； 5、有丰富的数据仓库设计及开发经验，从数据采集到数据报表的整个全链路有比较深刻的理解； 6、能够自驱，有创新意识，对数据价值应用思路清晰； 7、具有良好的沟通能力和团队合作精神。 工作地址 北京-海淀区-大柳树-北京市海淀区大柳树北路中国铁道科学研究院,2026-03-14
大数据开发工程师,中国航空结算有限责任公司,北京,,北京 本科 招8人 03-14发布,国企,,计算机软件,岗位职责： 1. 负责大数据平台的开发和维护； 2. 负责大数据平台数据采集、清洗、建模的开发工作； 3. 负责数据仓库ETL开发工作； 4. 选取合适大数据技术方案解决业务问题。 任职资格： 1. 本科及以上学历，计算机、数学及相关专业； 2. 扎实的数据结构和算法基础，热爱技术，熟悉Java或Python编程语言； 3. 掌握数据库基本原理，熟悉SQL语法规则和特点； 4. 熟悉Hadoop生态基本概念，有MapReduce、Spark、Storm、Hive、Kafka开发经验者优先；有数据仓库、NoSQL数据库开发经验优先； 5. 有优秀的逻辑分析能力，能够对业务逻辑进行合理的抽象和拆分。,2026-03-14
算法/数据分析工程师,石化盈科信息技术有限责任公司,南京,,南京 硕士 招2人 03-14发布,合资,,计算机软件,1。负责应用数据分析，结合业务需求，运用大数据相关技术进行数据处理与分析； 2。挖掘数据特征及潜在关联建立相关模型，如风控、业务优化及用户画像等； 3． 领导交代的其他工作。,2026-03-14
数据工程师,中电太极（集团）有限公司,北京,,北京 本科 招10人 03-14发布,国企,,计算机软件,职责： （1）参与项目需求分析、软件架构设计； （2）负责大型软件开发项目中的数据库设计、开发和性能优化工作； （3）构建数据处理、分析平台，搭建、开发相关后台服务； （4）实现各类数据挖掘算法，根据实际运行情况做算法优化。 任职要求： （1）计算机相关专业，本科及以上学历。 （2）熟练掌握一种开发语言，有丰富的后台服务开发经验，对系统架构设计与性能调优有经验； （3）有丰富的数据挖掘系统编程经验，对算法有深入的研究；,2026-03-14
大数据开发工程师,上海时代光华教育发展有限公司,上海-黄浦区,1.5-3万/月,上海-黄浦区 5-7年经验 本科 招3人 03-14发布,民营公司,500-1000人,"互联网/电子商务,教育/培训/院校","1.基于hadoop、spark等构建数据分析平台，进行设计、开发分布式计算业务； 2.辅助管理Hadoop集群运行，稳定提供平台服务； 3.基于Spark技术的海量数据的处理、分析、统计和挖掘； 4.基于Spark框架的数据仓库的设计、开发和维护； 5.根据需求使用Spark Streaming和Spark SQL进行数据处理、查询和统计等工作。 6.依据业务模型，负责大数据计算平台的架构设计，以及核心功能的开发，满足实时、离线计算的需求； 7.负责产品实时计算平台的设计和开发，为实时监控、实时运营数据分析、个性化推荐提供数据支持。 1.本科及以上学历，计算机相关专业； 2.3年及以上大数据开发经验； 3.熟悉HDFS/HBase/Hive/MapReduce/spark，有丰富的分布式编程经验； 4.熟悉Spark Streaming和Spark SQL； 5.熟悉Core Java，熟悉Java IO, NIO, 多线程编程， 熟悉JVM运行机制和内存管理，网络协议； 6.熟练掌握Linux操作系统，熟悉shell等脚本编程； 7.有在Spark相关项目中应用Java或Python语言的经验者优先; 8.有过海量数据系统开发经验者优先； 9.思维活跃、敢于担当、乐于沟通，具有良好的团队合作精神，能够协调团队成员及相关部门开展分工及合作，积极主动，能承受一定的工作压力。",2026-03-14
数据治理咨询工程师,上海计算机软件技术开发中心,上海,0.8-1万/月,上海 无需经验 本科 招若干人 03-14发布,事业单位,50-150人,"计算机软件,计算机服务(系统、数据服务、维修)",1) 计算机、信息管理等相关专业本科及以上学历； 2) 熟悉数据模型、数据标准、数据质量、数据脱敏、数据安全等数据治理相关工作，了解数据治理、数据资产相关研究方向； 3) 能够快速深入沟通并理解客户战略及业务需求，能独立识别、分析和解决问题，并完成项目交付； 4) 具有良好的技术文档编写能力，服务意识强、能够承受一定压力，具备良好的沟通能力和团队合作精神。 5） 有数据治理、数据资产管理相关研究或工作经验者优先。,2026-03-14
大数据开发工程师,上海帕科信息科技有限公司,北京-朝阳区,1.5-2万/月,北京-朝阳区 3-4年经验 本科 招1人 03-14发布,民营公司,50-150人,"计算机服务(系统、数据服务、维修),计算机软件",工作职责: 1、负责基于Hadoop、Spark平台的海量数据处理、数据计算、数据开发。 2、负责高并发、高可用性、高可扩展性的线上数据系统开发。 3、负责数据挖掘应用服务开发和数据挖掘算法研究和应用。 4、负责数据产品和数据项目的相关开发支持。 5、负责垂直领域的数据探索，价值数据提取。 任职资格： 1、计算机及相关专业本科及以上学历； 2、精通java和scala开发技术，熟练掌握多进程/多线程开发，熟悉常用设计模式； 3、熟练掌握ElasticSearch、Hadoop、Spark、Sqoop、Kafka、HBase、Impala、Kudu等大数据开发技术，进行过大数据项目实践； 4、有机器学习、数据挖掘、推荐系统经验者优先； 5、具有分布式计算/搜索引擎等后台开发经验者优先； 6、对技术有激情、有追求；富于技术创新精神，勇于解决技术难题。,2026-03-14
BI数据工程师(J10056),丹秋教育集团（名师堂学校）,成都-青羊区,1-1.5万/月,成都-青羊区 3-4年经验 本科 招1人 03-14发布,民营公司,1000-5000人,"教育/培训/院校,专业服务(咨询、人力资源、财会)","1、负责数据产品或数据仓库应用项目的ETL设计、开发、维护或项目管理； 2、负责数据产品相关算法的设计与落地实现； 3、主动学习、了解各部门对数据分析、运营的需要，挖掘潜在需求； 4、为公司市场运营决策、产品研发、产品运营提供数据支持。 1、 ， ； 2、精通MSSQL/MySQL等至少一个主流数据库的应用设计、性能调优及存储过程的开发； 3、精通SQL语句，Oracle，MySQL数据库环境，数据库开发（存储过程等），Excel等； 4、熟练掌握SPSS，SAS，Python 等相关工具与语言； 5、熟悉数据仓库，掌握BI相关工具，如ETL工具（KETTLE）、和前端展示工具(FINEREPORT ECHARTS)； 6、有Hadoop, Hive, mongodb、spark及 优先； 7、具有独立完成数据分析报告的能力，表达沟通能力强，逻辑能力强。",2026-03-14
大数据架构师/产品技术经理,广东电声市场营销股份有限公司,广州,1.8-3万/月,广州 5-7年经验 本科 招1人 03-14发布,上市公司,1000-5000人,广告,1、引进市场成熟产品或组织研发大数据平台，并辅助推进落地； 2、根据企业需要，从技术角度设计整体的大数据平台框架，包括服务器（应用、数据库、存储等）、网络、软件、终端设备等； 3、（自研情况下）根据企业需要的大数据采集、加工、分析需要，建立对应的系统架构设计和产品设计； 4、负责大数据平台相关实现需求的理解、梳理、探查和分析，转化，形成对应的技术方案文档，并指导技术团队进行工作； 5、负责大数据项目中的具体技术管理工作，完成平台构建并成功应用。 任职要求： 1、本科及以上学历，计算机、数学、统计等相关专业，5年以上数据研发与数据仓库相关设计开发经验； 2、熟练掌握维度建模方法，有大型数仓构建经验优先； 3、精通主流数据库编程，精通SQL，有较好的SQL性能调优经验； 4、扎实的编程基础和动手能力，精通至少一门编程语言，有大数据、分布式开发经验尤佳； 5.有良好沟通协调能力，有带领小团队或项目管理工作经验； 6.具备很强的责任心，做事细致、严谨，同时需要具备较强的沟通和学习能力，能快速理解行业的需求，对广告营销、市场运作等行业数据应用有经验者优先；,2026-03-14
数据分析师（6k+提成+双休）,广东兆丰恒业控股集团有限公司,广州-天河区,0.6-2万/月,广州-天河区 无需经验 中专 招5人 03-14发布,民营公司,150-500人,金融/投资/证券,公司致力于为年轻人提供一个实现自我提升的平台，如果你对自己的能力有足够的自信，相信凭借自己的努力可以获得自己想要的未来，那么我司将会是你***的选择，这不是一份死工资的工作，你能拿到多少完全取决于你的努力！！ 因公司招聘岗位数量有限，请各位珍惜面试机会，投递简历后按预约时间准时到达公司面试。本公司所有职位限投一次简历，请勿选择多个职位或向公司其它招聘渠道重复投递，否则将会对您的录用带来不便。 一、岗位要求： 1、专业性别不限，对金融行业及技术投资领域有着浓厚的兴趣，专业对口者优先； 2、对于具备优异条件或者志同道合的学员，可以适当放宽年龄或学历限制； 3、勤奋好学，品性优良、身心健康；敢于挑战高薪者，欢迎你的加入！ 4、提供免费专业金融行业知识培训、实用的新闻分析解读技巧和管理能力培训、广阔的事业发展空间； 5、享有完善的奖励制度，公平公正的晋升空间。 二、岗位职责： 1、负责分析每日产品行情，利用技术指标及K线形态，判断行情走势； 2、利用公司提供的资源和技术培训，提高自身能力，为公司创造更多价值； 3、完成上级分配的每日工作任务及工作计划。 三、任职资格： 1、 22-40周岁，有无从业经验者均可，无从业经验者公司会提供免费的专业培训，更看重学习接受能力； 2、熟练操作电脑，热爱金融，对投资理财、数据分析感兴趣者； 3、可接受应届毕业生； 四、员工福利： 1、薪资待遇：公司具有完整的薪酬体系，高额的奖金提成、带薪年假、国际法定假期、团建旅游等员工待遇； 2、员工晋升制度：针对员工的自身发展和职位晋升，公司具有完善且透明的晋升制度、人才培养制度和定期的专业培训。确保员工能在公司发挥自己的能力，提升自身的同时能得到职位的晋升，为公司持续发展提供人才储备； 3、带薪休假：享受国家规定的（清明节、劳动节、端午节、中秋节、国庆、元旦、春节等）法定假日； 4、培训福利：公司遵循人才发展战略，注重外部人才选拔以及内部人才的培训与晋升，不断完善全面系统的培训体系，使每一位员工综合素质全面提升的同时，能够得到自我价值的实现。（新员工入职培训、金融专业培训、技术分析培训、职业发展培训等投资理财培训）； 5、丰富的团队活动：户外拓展、郊游、聚餐、卡拉OK、文体活动等； 公司名称： 广东兆丰恒业控股集团有限公司 联系电话：13229921413 乘车路线：地铁3号线石牌桥站A出口向右前100米（公交BRT石牌桥站） 地址：天河区天河路230号万菱国际中心39楼 注：请携带身份证原件在楼下前台登记 （交通指南：地铁3号线石牌桥站A出口）,2026-03-14
湖北系统集成部大数据研发与分析工程师,中国电信湖北公司,武汉,,武汉 本科 招3人 03-14发布,国企,,通信/电信运营、增值服务,用人单位 湖北系统集成部 工作地点 武汉 学历要求 全日制大学本科及以上 专业要求 计算机类、电子信息类、数学类等理工专业 岗位职责 1、负责大数据软件项目与产品的研发、实施与技术支撑工作 2、负责大数据分析与运营、维护技术支撑工作 应聘资格要求 1、熟练掌握至少1门主流计算机编程语言（Java/C#/Python /PHP等），熟悉主流数据库（Oracle/SQL Server/MySQL等）和开源软件的编程 2、掌握大数据、移动互联网、云计算等相关知识 3、掌握网络技术、IT架构、数据建模、业务逻辑设计及系统集成、交付等技术 4、具有突出的学习能力和较强的团队合作能力，责任心强 5、具有相关工作（实习）经验者优先,2026-03-14
大数据开发工程师（网研武汉分中心）-技术类（武汉）,移动设计院网研中心,武汉,,武汉 本科 招若干人 03-14发布,国企,,通信/电信运营、增值服务,专业要求：计算机科学技术、软件工程等 工作内容： 1. 负责hadoop/spark系统平台搭建和日常维护； 2. 负责数据治理ETL的开发和实施； 3. 跟踪各业务线需求，提供数据抽取和处理工作； 4. 负责数据产品的建模和开发工作； 5. 参与大数据产品/项目的需求分析与设计、架构以及关键模块的开发； 6. 参与或主导行业数据应用的客户场景分析、需求定义、架构设计和交付。 任职资格： 1、至少熟悉一种关系型数据库如Oracle、mysql等，熟练使用sql，熟练掌握Hive/SQL，熟悉Hadoop/Map-Reduce/MPI分布式计算框架，有海量数据处理经验者有限优先； 2、良好的java/scala/python等编程能力。熟悉hadoop/spark生态体系内的常用组件开发应用； 3、具有较强的内外沟通能力，良好的团队意识和协作精神。,2026-03-14
数据分析师（底薪6k+提出+双休）,广东兆丰恒业控股集团有限公司,广州-天河区,0.6-2万/月,广州-天河区 无需经验 中专 招5人 03-14发布,民营公司,150-500人,金融/投资/证券,"1、收集和分析客户信息、关注客户源源不断的投资需求。 2、在公司强大的培训体系下，不断的学习和提高自己的专业技能。 3、配合总监对数据进行整理分析，给出策略。 4、严格执行公司各项制度，并定期收集数据，向上级汇报分析结果。 5、按照部门的要求，进行技术分析和基本面规律分析。 6、通过网络与客户进行有效沟通了解客户需求。 任职资格： 1、大专及以上学历，有经验者放宽学历限制。 2、可接受应届毕业生实习 3、有较强的的责任心和团队协作精神。 4、有证券，期货，基金从业证者优先。 5、对互联网、金融、销售感兴趣，能承受一定的工作压力的优先。 6、具备一定的风险评估能力，具备较强的信息采集和分析判断能力，考虑问题细致，思路清晰。 薪资福利待遇： 公司福利： 1、五天工作制，上班时间：周一至周五9:30-12:00,13:30-17:30（周六、日双休） 2、薪资待遇：奖金 + 高提成 + 双休 + 节假日福利 ；职场路更加畅通无阻 3、弹性的工作时间，让你工作自由安排，享受自由职业的待遇； 4、亲切的领导、欢乐的团队，没有勾心斗角，在这里你可以找到最初的美好； 5、专属每位员工的生日派对、礼物、伴们最真挚的祝福； 6、公司承诺，不用加班，不占用休息时间 公司名称： 广东兆丰恒业控股集团有限公司 联系电话：13229921413 乘车路线：地铁3号线石牌桥站A出口向右前100米（公交BRT石牌桥站） 地址：天河区天河路230号万菱国际中心39楼 注：请携带身份证原件在楼下前台登记 （交通指南：地铁3号线石牌桥站A出口）",2026-03-14
科技金融岗（大数据开发方向-成都）,兴业数字金融服务（上海）股份有限公司,成都,,成都 本科 招若干人 03-14发布,国企,,"计算机软件,通信/电信/网络设备",岗位职责： 1、从事大数据平台或大数据产品的设计、开发、优化工作。 2、利用大数据相关技术实现对数据的采集、分析、挖掘、可视化，让数据充分发挥价值。 3、开发金融业相关的风险控制、精准营销、数字化运营等相关数据产品。进行大数据相关的新技术研究，提高技术创新能力。 4、负责研究金融科技领域新技术、新工具，开展技术与应用创新，实施创新类信息化建设项目等，持续发展集团数字化专业能力。 岗位要求： 1、全日制本科及以上学历；国内及海外院校2020年、2021年应届毕业生。 2、具备全面、扎实的软件基础知识，掌握操作系统、软件工程、设计模式、数据结构、数据库系统、网络安全等专业知识。 3、编程基本功扎实，掌握常用算法和数据结构。 4、了解Linux基本操作，至少熟练使用C/C++/Java/Python/SQL中的一种，了解MySQL等数据库。 5、曾在省部级及以上期刊、会议上发表过技术论文或参加过校级（含）以上计算机相关领域的技能竞赛并获得荣誉称号的优先考虑。 6、具有相关领域方向的金融、IT实习经验者或获得相关IT认证证书者优先考虑。,2026-03-14
资深数据分析师 Experienced Data Analyst,成都摩奇创造信息技术有限公司,成都-锦江区,1.2-2万/月,成都-锦江区 5-7年经验 本科 招1人 03-14发布,外资（欧美）,50-150人,"计算机软件,网络游戏","分析运营与市场数据，帮助公司进行商业决策，搭建公司完备的数据系统。 Analyzes operation and market data to help company making business decisions, at the same time, involves in building robust data warehouse system.",2026-03-14
数据分析师,福建坤兴海洋股份有限公司,福州-马尾区,4.5-6千/月,福州-马尾区 3-4年经验 本科 招2人 03-14发布,民营公司,150-500人,贸易/进出口,1）至少精通一种数据分析技能（IBM SPSS/Python)； 2）有较强的逻辑思维能力和分析能力； 3）做事细心踏实，具备高度的工作责任心、抗压性，有吃苦耐劳的工作心态； 4）有相关工作经验者优先。,2026-03-14
数据分析师,百度直销高端招聘,天津-和平区,5-8千/月,天津-和平区 2年经验 本科 招1人 03-14发布,外资（欧美）,5000-10000人,计算机软件,1、负责数据分析标准体系与分析模型的建立，完成专项项目数据分析报告； 2、负责公司业务体系数据库管理及维护； 3、分析、预测业务体系未来业绩达成情况及趋势； 4、积极配合业务体系实际需要，完成每月各项指标任务的测算及下达； 5、日常业务与团队突发事件的沟通与处理； 6、业务违规日报；风险防范日报；失效名单；项目数据支持 任职要求： 1、本科及以上学历，统计学、数学相关专业； 2、2年以上相关工作经验； 3、熟练使用EVIEWS、SPSS，擅长搭建数据模型；熟练SQL，Python 4、精通Excel操作，能够熟练应用常用函数、搭建公式、数组公式、数据透视表； 5、具有良好的组织协调能力和沟通表达能力，学习能力强，能够承受较大的工作压力；,2026-03-14
大数据开发工程师,上海东立国际旅行社有限公司,上海-长宁区,1.5-2万/月,上海-长宁区 1年经验 本科 招1人 03-14发布 英语熟练,民营公司,50-150人,"酒店/旅游,交通/运输/物流","大数据工程师 1. 负责大数据产品的架构设计和开发,包括服务器结构和逻辑,数据库结构,通信协议； 2. 负责大数据产品的需求实现； 3. 对开发进度和质量负责，对上线后服务器高效稳定负责。 岗位要求： 1. 计算机、数学相关专业全日制本科以上学历； 2. 至少1年以上大数据应用系统的开发和设计经验，熟悉整个大数据的完整处理流程，包括数据的采集、清洗、预处理、存储、分析和挖掘； 3. 熟悉Hadoop、ElasticSearch、HBase、Hive、Flume、Kafka、flink、Spark等大数据技术； 4. 熟悉Spark相关的技术及组件，熟悉 Spark Streaming，Spark SQL 相关的开发； 5. 精通Linux环境，精通Java/ Scala开发；具备分布式系统或数据库系统的理论基础，熟悉分布式计算系统的工作机制； 6. 有数据仓库开发经验/BI系统开发经验者优先； 7. 有电商行业数据处理与分析平台开发经验者优先。 8. 同时精通.net开发者优化。",2026-03-14
云平台数据治理工程师,中航机载系统共性技术有限公司,扬州,2.5-3万/月,扬州 本科 招若干人 03-14发布,国企,50-150人,航天/航空,1、负责基于业务架构、信息架构，制定企业数据架构规划，负责建立和维护企业数据模型，明晰数据分类、分布，数据存储及共享规范，数据集成架构等； 2、负责组织企业数据管理的顶层设计与整体规划，明确企业数据战略，引进行业先进实践，制定数据管理平台规划及实施路线； 3、负责数据中台（包括数据采集、数据加工、数据应用等）建设与管理，组织对数据仓库、主数据等数据平台的架构进行优化； 4、负责元数据、数据模型、数据安全及数据生命周期管理等； 5、负责与客户进行需求沟通，根据需求建立数据相关模型； 6、参与公司IT系统规划，负责IT系统数据架构的监督考评； 7、跟踪大数据技术的发展趋势，进行相关技术的预研。 1、本科及以上学历，从事数据仓库领域至少3年以上，熟悉数据仓库模型设计与ETL开发经验； 2、具有一定数据模型和数据架构基础，熟悉Oracle/Hadoop和常用数据库，理解云计算和数据服务； 3、具有良好的需求分析、系统分析与设计能力，熟悉政府相关行业数据技术架构优先； 4、掌握相关大数据计算、挖掘、分析平台技术优先； 5、具有管理团队开发经验，具备良好的组织能力、协调能力及项目管理能力； 6、具有专研、快速学习和创新精神，具备独立分析问题和解决问题的能力； 7、具有良好的客户服务意识、团队合作精神、沟通能力、学习能力及一定的抗压能力。,2026-03-14
电商数据分析师,南京天纵易康生物科技股份有限公司,南京-浦口区,0.8-1万/月,南京-浦口区 招若干人 03-14发布,民营公司,150-500人,"制药/生物工程,医疗设备/器械",岗位职责： 1、熟悉天猫京东等国内外电商平台，对于平台的各维度数据有较深的理解与认识，对电商业务模式熟悉，清楚各环节各层面的数据价值； 2、根据平台销售模块，推广模块，物流模块，客服模块反馈的数据，给出各维度数据分析，协助部门长制定业务发展策略。 3、每日监控的数据，发掘隐含内在问题并及时处理，提高店铺点击和浏览率，完成店铺营销目标； 4、对直通车、钻展、快车、聚效等数据有较深的认识与理解，并进行相关的数据分析，每月出具分析报告给运营进行数据分析； 5、配合运营具体的营销活动及市场推广方案，根据整体行情，优化推广策略，并研究同行业竞争对手发展状况，定期进行各平台市场数据分析以及竞品的分析。 其他要求： 1、大专以上学历，2年以上（天猫及京东）数据分析工作经验，在代运营公司（即TP公司）有优秀案例者优先 2、熟练掌握搜索规则原理及洞察搜索变化； 3、熟悉手淘首页的入围规则，精准分析产品与人群需求； 4、熟悉直通车或者快车关键词筛选及关键词竞价技巧； 5、具有较好的逻辑思维能力及对数据的分析能力； 6、性格开朗，有良好的团队合作意识，耐心，诚恳，有强烈的责任心和积极主动的工作态度。,2026-03-14
大数据分析师,德图仪表（深圳）有限公司,深圳-光明新区,1-2.5万/月,深圳-光明新区 2年经验 本科 招1人 03-14发布 英语良好,外资（欧美）,150-500人,"电子技术/半导体/集成电路,仪器仪表/工业自动化",⑧,2026-03-14
大数据开发工程师,广州市中南民航空管通信网络科技有限公司,广州,1.5-2万/月,广州 3-4年经验 本科 招2人 03-14发布,事业单位,1000-5000人,"通信/电信/网络设备,计算机软件",岗位职责： 1、负责公司大数据相关信息系统得以用户需求分析、架构设计、软件研发、测试工作 2、负责软件项目的实施、相关技术资料编写 岗位要求： 1、本科以上学历，计算机相关专业 2、具有3年以上的信息管理系统软件开发实施和维护经验，具备在阿里云平台上实施大数据项目经验者优先 3、至少掌握一种主流数据库，有数据仓库设计经验者优先 4、精通JAVA语言，同时掌握PHP或Python者优先 5、对分布式系统有清晰认识，掌握Hadoop、hbase、spark、hive、kafka等原理和使用。,2026-03-14
高薪急聘：平台架构总监（大数据）,广州市邦邦文化传媒服务有限公司,广州,3-4万/月,广州 3-4年经验 大专 招若干人 03-14发布 普通话精通,外资（非欧美）,少于50人,"广告,影视/媒体/艺术/文化传播","（本岗位代企业招） 1、全面负责整个生态共享平台系统（含新零售商城、广告、外卖和旅游出行等）的技术方向研究和总体规划,主持制订公司技术发展战略，并全面监督推进战略实施； 2、组织制订年度研发、运维、培训工作计划，确保各类研发运维项目进度和质量，从技术角度提升用户体验； 3、带领技术和产品团队完善产品、构架、研发、设计方面的工作，完成平台整体搭建，设计、指导关键技术模块，并对系统安全性、稳定性负责，确保公司产品的研发进度； 4、组织对重大技术问题进行研发攻关，消除制约公司战略实施的技术瓶颈； 5、组织编制、审核各类技术方案、规范和文档，保证技术成果质量； 6、组织协调技术资源支持，配合相关业务板块完成工作任务； 7、参与前端整体架构设计，构建高效且可复用的前端系统和应用； 8、参与团队基础技术、应用框架体系和工程化体系建设； 9、参与公司市场推广和营销战略制定，提供相关技术解决方案或决策支持建议。 要求： 1、计算机相关专业大专或以上学历，3年以上互联网行业工作经验； 2、熟悉设计模式和算法，熟悉数据库：Mysql、Redis、Mongodb，精通sql以及sql优化和数据结构； 3、熟悉Linux/Unix及其针对内核优化针对后端应用调优； 4、有大型电商项目大数据、架构开发经验者或有项目设计重构经验优先考虑； 5、精通TCP/IP（HTTP、websocket、TCP、UDP）等通信，精通JavaScript、PHP； 6、关注网络安全、了解常见的攻击方式和防范； 7、至少熟练一种前端开发框架，如Vue.js、React、Angular等，并有复杂应用场景的开发经验； 8、熟悉浏览器和各移动端平台，对音视频处理有一定经验。",2026-03-14
高级数据分析师,上海六和勤强食品有限公司,上海-宝山区,2-2.5万/月,上海-宝山区 3-4年经验 硕士 招1人 03-14发布,合资,500-1000人,"快速消费品(食品、饮料、化妆品),批发/零售",： 1、 负责产业互联业务的供应链数据平台搭建和开发，并将算法策略落地到业务场景中； 2、 基于大规模用户数据，运用机器学习数据挖掘的理论和方法，建立和优化通用或特定领域内的用户自然属性、画像模型、产品模型等。 3、 根据公司产品和业务需求，利用数据挖掘等工具对多种数据源进行诊断分析，建立分析模型并优化，为公司运营决策、产品设计等方面提供数据支持。 4、 全面支持搜索、推荐、广告等重点业务的用户画像需求，发现价值点，深挖并产出正向收益。 1、 统计学、计算机、数学等相关专业硕士及以上学历，35岁以下； 2、 对业务敏感，善于通过数据分析主动发现业务中的可提升的点并提出解决方案； 3、 2年或以上数据挖掘相关工作经验，熟练掌握SQL，熟悉一项开源数据分析挖掘工具（R/Python等），能独立完成项目，有推荐算法、计算广告相关实践经验的优先； 4、 有良好的商业数据敏感度和分析能力； 5、 有优秀的学习能力，并有较强的自我驱动能力和思考能力。,2026-03-14
大数据开发工程师,深圳特为科创信息技术有限公司,深圳-福田区,1.5-2万/月,深圳-福田区 3-4年经验 大专 招5人 03-14发布,民营公司,150-500人,计算机软件,岗位职责： 基于大数据平台结合保险领域，负责BI、画像、数据仓库的开发和应用； 基于海量用户行为数据，建立、评估、持续优化数据模型，包括但不限于：用户价值评分、用户风险评分、用户偏好预测 、用户画像构建等等，产出用户标签； 结合公司的业务场景，进行数据产品设计，解决业务痛点，提升用户体验，探索新的商业模式。 任职资格： 精通数据仓库、存储过程； 熟练使用传统数据库：oracle、mysql、pg等，有较好的SQL性能调优经验； 熟练使用datastage等ETL工具； 熟练使用现有的大数据相关工具：oozie、hive、hbase等； 熟练使用linux命令、shell脚本； 专科及以上学历，工作3年及以上； 思维清晰敏捷，逻辑分析能力强，具有良好的语言和书面表达能力； 精通hive sql，有海量数据处理的调优经验； 熟悉spark优先； 用户画像构建和应用实战经验的优先； 有数据挖掘实践经验，擅长从海量数据中发现有价值的规律的优先。,2026-03-14
数据分析师（北京）,北京伯凯科技有限公司,北京,,北京 本科 招若干人 03-14发布,民营公司,,专业服务(咨询、人力资源、财会),"职位要求： 1.计算机及相关专业优先考虑，热爱数据分析，统计，和挖掘。 2.数据库知识扎实，熟悉SQL语句，懂ETL和Data Modeling优先考虑。 3.有一定编程知识和经验。语言可为C，C++，.NET, Java, Python 或者其他。 4.对大数据系统和架构有基础认知。 5.英语要四级或以上水平，能用英文进行听，说，读，写。",2026-03-14
数据仓库开发工程师,北京宏天信业信息技术股份有限公司上海分公司,上海-浦东新区,1.2-2万/月,上海-浦东新区 3-4年经验 本科 招3人 03-14发布,民营公司,150-500人,"计算机软件,互联网/电子商务","岗位职责: 1、参与公司大数据的开发，实现数据驱动业务。 2、根据业务需求进行数据模型的调研、设计、开发及验证工作，并持续进行模型优化。 3、负责数据模型架构的构建，建立数据整合和校验等数据加工流程规范及OLAP多维数据分析模型；持续对系统的技术架构进行改进和优化，提升海量数据的查询性能和用户体验。 岗位要求： 1、统招本科或以上学历，计算机、数据挖掘等相关专业，工作至少3年以上。 2、熟悉Java开发，有脚本语言（shell,python)开发经验者优先。 3、至少熟悉一种大数据处理技术，如Hadoop、Spark；有Hive仓库建模和BI开发经验优先。 4、熟悉数据仓库方法论、理解维度建模，能够完成数据仓库和数据报表开发相关工作。 5、熟悉营销、产品和风险相关业务场景。 6、有一定的数据敏感度，较强的数据分析能力，逻辑思考，问题定位解决能力。 7、有金融领域大数据项目/数据仓库建设经验优先考虑。",2026-03-14
数据算法工程师,中国电子科技集团公司第十研究所,成都,,成都 硕士 招若干人 03-14发布,国企,,学术/科研,岗位职责： 1、针对不同的应用场景，构建分析模型，参与大数据产品的算法研究与实现； 2、根据产品定义，设计数据挖掘分析方案，指导团队开展数据挖掘分析工作 3、及时响应临时性、个性化的数据分析需求 任职要求： 1、自动化、通信、电子、计算机类相关专业，硕士及以上学历； 2、具备算法开发和实现能力； 3、熟悉数据挖掘、数据分析、人工智能等算法； 4、从事过相关技术研究的优先。,2026-03-14
数据工程师,安徽省皖图电子科技有限责任公司,合肥-蜀山区,3.5-7千/月,合肥-蜀山区 招6人 03-14发布,民营公司,50-150人,"计算机服务(系统、数据服务、维修),建筑/建材/工程","岗位要求: 1、了解计算机基础、熟悉掌握办公软件(接收无经验者或者应届生)。 2、对待工作具有较高的责任心,能保质保量的完成本职工作。 3、能吃苦耐劳,具备爱岗敬业的工作精神。 4、服从领导安排,作风严谨，责任心强，能够胜任安徽省内短期出差(例如：出差2天、一周、或者半个月)。 福利待遇： 五险一金，平安意外险，包吃住，国家法定假日，年假，满勤奖金，工龄奖金，交通补贴，用餐补贴，节日礼品发放，年度旅游，年度体检，项目奖金 工作时间：8：30-12：00 13：30-18：00 双休",2026-03-14
大数据开发工程师,上海姚际信息科技有限公司,上海-徐汇区,1.5-3万/月,上海-徐汇区 3-4年经验 本科 招5人 03-14发布,民营公司,150-500人,"网络游戏,互联网/电子商务","职位描述： 本职位的定位是数据仓库建模、数据治理和数据开发应用的大数据开发岗位，数据量级巨大，极有挑战性！ 任职要求： 1. 本科及本科以上学历； 2. 大数据2年以上开发经验；编程经验3-5年以上； 3. 有扎实的Java或Python语言基础； 4. 熟悉大数据开发相关技术，如Dataworks/Maxcompute, Hadoop、Hive、Spark、Flink、Kafka等 ，熟练使用Dataworks/Maxcompute者优先； 5. 熟悉SQL和NoSQL的数据库开发设计及性能调优； 6. 有数据分析、挖掘、清洗、建模相关工作经验，能利用大数据对业务进行评估优化； 7. 对常见开源框架代码有研究； 8. 善于沟通，执行能力强，有责任有担当，抗压性强； 9. 有深入研究过Hadoop/Spark源码者优先",2026-03-14
数据开发工程师,深圳市鼎驰科技发展有限公司,深圳-福田区,1-1.7万/月,深圳-福田区 3-4年经验 大专 招2人 03-14发布,民营公司,150-500人,计算机软件,职责：负责数据中心相关需求研发交付 要求： 1、熟悉SQL语法、Oracle存储过程； 2、熟悉主流BI工具； 3、了解数据仓库基本架构和处理流程； 4、3-5年数据开发经验，证券基金行业经验从优。,2026-03-14
数据开发工程师,乐友国际商业集团有限公司,北京,1.5-2万/月,北京 3-4年经验 本科 招1人 03-14发布,民营公司,1000-5000人,"批发/零售,互联网/电子商务",1、深入理解公司数据业务，负责公司大数据平台项目的ETL设计、实现以及优化; 2、整体考虑ETL的性能、存储、调度，关键问题解决、团队技术分享与引导和前瞻性技术研究； 3、参与数据仓库数据模型设计，进行数据质量量监测、校验和提升. 岗位要求： 1、计算机相关专业本科以上学历，很强的责任心和协调能力、团队合作能力，对技术有浓厚兴趣并深?钻研 2、精通SQL语句，对SQL查询优化有丰富的经验，熟练掌握一种以上分布式数据库，比如Greemplum（优先）、 HBase，HIVe。 3. 有Hadoop/Spark等大数据应用开发经验优先。 4、熟练掌握DW实施方法论和常规etl构架，有整体etl开发经验，深刻理解元数据管理； 5、至少熟悉Java/Python 一种或多种语言，擅长python尤佳 数据挖掘 6、熟练掌握SSIS、Kettle（优先）、Informatica等至少一种ETL工具的使用.,2026-03-14
数据分析师,广州逐鹿网络信息开发有限公司,广州-番禺区,1.5-2.5万/月,广州-番禺区 3-4年经验 本科 招2人 03-14发布,民营公司,50-150人,计算机软件,公司福利体系： 1、提供业内具有竞争力的薪酬，13薪+季度激励奖金+年终奖，每年有两次调薪机会。 2、弹性工作制、五险一金、部门活动、零食下午茶是基础标配，加班晚餐、加班打车报销、年度体检等贴心保障，应有尽有； 3、我们还有高额住房补贴、交通补贴、午餐补贴、年度海外旅游（全额）等全面福利； 4、超长带薪年休假，首年就有10天；每月一天带薪病假，无需提供医院证明； 5、高额员工生日贺金、过节礼品或礼金等； 6、公司预留了足够的股权，依个人能力和工作业绩表现配给。 7、工作时间：9:30-18:30或10:00-19:00(午休12:00-13:30），享受国家法定节假日；,2026-03-14
数据分析师,南通普思商务信息咨询有限公司,南通,6-8千/月,南通 在校生/应届生 大专 招5人 03-14发布,民营公司,50-150人,"金融/投资/证券,教育/培训/院校",1、时间相对自由； 2、高收入； 3、高挑战； 4、自身素质的全面发展； 岗位职责： 1、接受公司培训；（有经验者可不接受培训，详情面谈） 2、关注每次市场给出的进场，出场信号指示进行建仓，平仓操作；（交易系统会在培训期间给予指导） 3、正式成为公司的员工。负责公司指定账户的资金运作，在稳定盈利的基础之上会逐步增加资金操作； 4、把握市场机会，及时交易，确保账户达到稳定盈利，达到利益***化； 5、严格执行公司各项制度，并定期整理交易数据，向上级领导分析结果 6、遵守公司各项管理制度，承办领导交办的其他工作； 任职要求： 1、专业不限，国际金融专业优先，有实际操作经验者优先 2、对金融市场有深厚的兴趣，立志在金融领域长期发展； 3、有较强的学习能力，新知识的接受能力； 4、善于分析、能够保持冷静的交易思路和制定合理的交易策略； 5、耐心细致，有责任心、具有保密意识 注： 1、无销售性质，也无需外出寻找客户 2、 凡应聘成功的人员，公司将统一、全面的给予员工提供为期五天的免费岗前培训；培训期间补助是（ 公司地址：南通市崇川区工农路111号华辰大厦2号楼1904室,2026-03-14
大数据工程师,苏州恩巨网络有限公司,苏州,2-3万/月,苏州 2年经验 硕士 招1人 03-14发布,外资（欧美）,少于50人,"通信/电信/网络设备,计算机软件",1、负责公司项目应用监测数据分析软件大数据平台的代码开发； 2、负责大数据体系架构设计和应用产品的研究； 3、编写软件研发相关技术文档； 4、编写产品研发相关计划，阶段性代码、技术方案和软件产品及时提交至配置管理库； 5、上级安排的其他工作。 任职要求： 1、计算机、软件工程、通信等相关专业，硕士学历； 2、5年以上工作经验，3年以上Hadoop平台的相关研发经验，具有良好的需求分析，方案设计，架构设计，程序编写、测试能力； 3、熟悉hadoop以及其生态圈系统上的hive、hbase、spark、strom等技术，熟悉hadoop源码者优先； 4、具有应用大数据技术处理TB级以上数据的项目开发经验者优先； 5、向hadoop相关开源产品贡献过代码或提交过bug者优先； 6、具备数据分析、数据挖掘、数据可视化、在线数据相关产品的设计经验。 职务待遇： 1、优越的福利待遇：周末双休+五险一金+各项补贴+节日慰问+年度旅游+年终奖； 2、完善的假期组合：带薪年假、带薪病假及法定假期； 3、优厚的福利体系：养老保险、医疗保险、生育保险、工伤保险、失业保险及住房公积金； 4、多元化培训课程：在职个人提升计划； 5、良好晋升机会：内部转职（横向发展）、纵向提升； 6、舒适的工作环境。,2026-03-14
大数据售前工程师,北京卓信智恒数据科技股份有限公司,武汉-江汉区,1.2-2万/月,武汉-江汉区 招1人 03-14发布,上市公司,150-500人,"计算机软件,通信/电信/网络设备",职位描述 1、根据企业客户需求和公司行业数据解决方案开展售前工作。包括公司大数据方案讲解、客户针对性方案制作及讲解，项目标书制作及讲标等工作内容； 2、结合行业业务情况（或者行业内龙头企业的业务情况）和公司技术背景构建行业大数据解决方案，指导及协助公司大数据项目的实施交付； 3、与大数据产品部密切配合，快速挖掘客户需求与项目合作机会，推进大数据平台应用解决方案和数据产品的业务拓展； 4、完善与提升公司在烟草、石油、教育及其它行业的大数据解决方案； 5、参与公司大数据项目的前期规划设计，并指导实施团队进行项目落地交付； 任职要求： 1、计算机及相关专业本科以上，3年以上大数据项目售前工作经验； 2、熟悉大数据生态圈的技术，包括但不限于MapReduce、Spark、Hadoop、Kafka、Mongodb、Redis、Flume、Storm、Hbase、Hive，熟悉星环大数据产品线及有过产品项目实施和方案设计经验者优先； 3、优秀的方案撰写能力，思路清晰，逻辑思维强，能够根据业务需求设计合理的解决方案； 4、熟悉ORACLE、DB2、mySql等主流关系型数据库，熟悉数据仓库建设思路和数据分层架构思想； 5. 了解java、R、python等主流数据开发语言和常用算法模型； 6. 了解云服务平台及微服务相关架构思想和技术路线，使用过阿里云或腾讯云产品者优先； 7、有烟草、石油或其它制造行业大数据解决方案售前经验者优先； 8、能适应售前支持和项目实施需要的短期出差；,2026-03-14
大数据测试工程师,四川效率源信息安全技术股份有限公司,成都-高新区,7-9千/月,成都-高新区 3-4年经验 本科 招若干人 03-14发布,民营公司,150-500人,"计算机服务(系统、数据服务、维修),计算机软件","众志成城，万众一心 坚决打赢疫情防控狙击战 武汉加油！中国加油！ ******************************************************************************************** 效率源现已启动疫情期间线上面试，抗击疫情，效率源与您一起努力！！！ 岗位职责： 1.设计和编写测试用例，组织测试用例评审； 2.搭建基于Linux的测试环境，执行测试用例，并定位bug和对修复结果负责； 3.负责大数据hadoop，spark，hive，flink等相关大数据产品的测试工作； 3.负责大数据项目及产品上线测试，挖掘并跟进实施性能测试、稳定性等专项测试，保障和提升产品质量； 4.根据测试需要，开发自动化测试工具和测试脚本，开展自动化测试； 5.完成测试项目归纳及总结文档。 任职要求： 1.本科以上学历,电子工程或计算机等相关专业； 2.3年以上测试相关经验； 3.熟悉大数据相关组件，包括spark hive hbase等，有spark，hive等调优经验者优先； 3.熟悉软件测试理论和流程； 4.熟悉Linux系统安装操作，能独立进行相关大数据组件部署； 5.有python，java等编写经验者优先； 6.具备良好的团队合作精神，善于协调沟通，具备较强的问题定位和推动解决能力。 ******************************************************************************************** 我们注重员工的成长与发展，不仅给予优秀员工完善的晋升通道，提供内部竞聘和空缺岗位试岗机会，还为员工提供不同的发展规划建议，培训机会和职称申报辅导。下一个“大王”“大师”可能就是你！ 我们倡导效率工作模式，注重每一次沟通的质量，珍惜每一分在岗时间，不鼓励加班，朝九晚六，周末双休 我们践行人性化管理模式，交通不畅或者雨天情况上班适当弹性，更有丰富多样的小小带薪假期（如法定假期错峰1-3H提前下班），员工喜爱的各类活动（运动比赛、春季踏青、包场看电影~~） 我们提倡公平公开，协作共享的工作环境；支持对公司和团队贡献大者获得更多的激励机制；丰富全面的奖励方式，即时奖励与阶段奖励相结合；个人成绩与团队成果相结合哟！ 我们营造积极向上的价值理念，“知行合一，以真致胜”，努力为中国信息安全事业发展而努力。疫情防控期间，效率源技术服务中心和客户服务中心7*24小时在线守护，为行业客户提供在线咨询和应急响应服务。 病毒虽然隔离了彼此之间的距离，却隔离不了我们的心，有爱就有希望，感谢您的支持和理解！我们期待与您共事！ 公司网址： www.xlysoft.net(中文) www.salvationdata.com(英文)",2026-03-14
数据分析工程师,上海东方低碳科技产业股份有限公司,上海-长宁区,1.5-2万/月,上海-长宁区 5-7年经验 硕士 招2人 03-14发布 工程管理,民营公司,50-150人,"建筑/建材/工程,环保",1.主导工业大数据应用的研究项目和算法开发/模型演示，有独立分析研究算法的能力 2.与技术团队合作，实现算法应用环境，并调试结果 3.编辑分析报告，介绍文档以及产品演示 任职要求： 1.理工科工程领域的硕士或博士学位 2.熟悉Python编程，有Python数据分析的经验，熟悉scikit-learn，keras数据分析包和Jupyter工具包进行研究项目 3.熟练使用机器学习与神经网络算法 4.有能源或工业数据分析经验优先 5.工作认真、负责、仔细，有良好的团队合作精神，有良好的分析问题能力、沟通技巧及数据呈现能力,2026-03-14
数据分析师--数据挖掘方向（医药背景）,医药魔方,北京-朝阳区,0.7-1.6万/月,北京-朝阳区 1年经验 本科 招3人 03-14发布 英语良好 药学 化学,民营公司,50-150人,"互联网/电子商务,制药/生物工程",1、研究数据特点与规律，对数据进行结构化和标准化清洗 2、基于历史数据，搭建数据分析模型，开展前瞻性预测 任职要求 1、数学、统计、药学、化学、生物等本科及以上学历 2、医药数据分析、数据模型搭建等1年以上经验（包括在校经历） 3、熟练掌握Excel中高阶技能，熟悉清洗或分析工具者优先（PowerBI、Python等）,2026-03-14
IT数据分析师,深圳市国盛源商贸有限公司,深圳,1-1.5万/月,深圳 3-4年经验 本科 招1人 03-14发布,民营公司,150-500人,"快速消费品(食品、饮料、化妆品),批发/零售",1、运用良好的用户沟通能力，汇总并管理各业务部门提出的IT类需求；2、通过专业的需求分析、流程建模能力，将用户需求以需求说明书、流程图、用例图等形式进行梳理、并提出改善建议；3、组织需求评审会议，与用户确认需求范围和内容，作为系统开发基准；4、制定系统验收标准，编写功能测试用例，协助厂商或内部开发人员、测试人员对需求进行理解；5、参与整个系统建设流程，负责需求管理与跟踪，对需求变更进行控制与管理，保证项目需求文档的真实性、完整性、时效性；6、协助用户完成模拟测试，准备系统培训资料并对用户进行系统操作培训，协助系统上线运行；7、跟踪上线系统的运行效果、用户反馈，收集和主动挖掘改进需求，根据业务需求持续改进系统，提升用户体验；8、基于实际业务，设计系统数据分析报表，以图/表形式展现深层次业务问题，以支持日常用户与管理层需要。 任职资格,2026-03-14
大数据开发工程师,深圳市懿华软件有限公司,深圳-福田区,1.5-2万/月,深圳-福田区 3-4年经验 大专 招3人 03-14发布,民营公司,50-150人,计算机软件,职位诱惑：职位高大上，行业老大 职位描述：1. 全日制大专及以上学历，3年以上工作经验，本科16年毕业，专科14年毕业； 2、具备扎实的数据库基础，熟悉Hive、Oracle、 MySQL数据库其中一种； 3.有BI开发或数据分析经验； 4.有数仓项目实践经验 5.认真、勤奋、有责任心，具备一定的文档阅读和编写能力，能承受一定的工作压力 温馨提示：1、外包职位，请认准后投递2、学历学信网可查，全日制非自考和成人工作地址,2026-03-14
数据分析师,佐大狮科技（上海）有限公司,上海-普陀区,1-1.5万/月,上海-普陀区 3-4年经验 本科 招1人 03-14发布,民营公司,150-500人,"互联网/电子商务,快速消费品(食品、饮料、化妆品)",岗位职责： 1、负责提炼公司核心业务数据，梳理业务逻辑，构建业务指标体系，利用数据驱动业务提升，并将其工具化、系统化； 2、定期对市场环境、竞对、销售数据进行分析，通过数据分析和数据挖掘，找到业务增长的改进点，提供策略建议和优化方向，并不断落实； 3、协助公司数据仓库的建设，确保公司管理决策所需数据的可实现性； 4、辅助管理层和各业务部门，对B端和C端数据进行分析。 任职要求： 1、本科及以上学历；统计学/数学/经济学/计算机相关专业优先； 2、3-5年数据分析/商业分析经验；了解基本的分析模型、统计学原理； 3、大型互联网公司BI背景，或咨询公司分析师背景优先； 4、具备SQL语言能力，了解DW，精通Excel报表的制作和分析； 5、商业感觉敏锐，对数据敏感，能快速理解业务，能主动寻找业务各环节中数据分析的应用机会； 6、良好的沟通能力和抗压能力。,2026-03-14
数据开发经理,浙江优创信息技术有限公司,杭州-滨江区,1.5-2.5万/月,杭州-滨江区 5-7年经验 本科 招1人 03-14发布,民营公司,150-500人,计算机软件,注意：工作地点在宁波！！！可提供员工宿舍！！ 职位描述： 1、5年以上工作经验，计算机相关专业，本科以上学历； 2、熟练掌握SQL，熟悉Oracle/PLSQL，会编写存储过程； 3、熟悉数据库优化，包括SQL优化、索引及其他数据库优化手段； 4、熟悉大型数据库开发，如DB2、Oracle； 5、配合使用主流数据仓库工具，如：Informatica、Teradata等； 6、从事基于数据库存储过程开发或数据仓库开发者优先。,2026-03-14
大数据高级开发工程师,武汉掌游科技有限公司,武汉-洪山区,1.5-2.5万/月,武汉-洪山区 3-4年经验 本科 招2人 03-14发布,民营公司,150-500人,网络游戏,"岗位职责 1、负责大数据平台的架构、研发和持续优化； 2、解决基础架构项目中的关键架构问题和技术难题，负责项目中关键技术难点的攻关； 3、参与大数据门户、元数据管理平台、数据质量监控平台、可视化系统等系统的搭建和开发工作； 任职要求 1、大学本科，有至少5年的Java、scala或python编程经验，2年以上大数据大数据架构开发相关工作经验； 2、精通spark和hadoop全栈开发，具备大数据平台开发经验；使用hadoop及hadoop生态圈中的常用组件，如Spark、Hive、Kafka、Yarn、HBase、Presto等全部或者部分组件,精通其中3个以上优先； 3、拥有实际的Hadoop/spark的项目经验，具有相关系统的调优、运维、开发经验； 4、深刻理解hadoop/spark相关技术的原理和开发方法，熟练hadoop/spark平台的搭建部署、调优、故障诊断、运行维护的方法和工具； 5、对Linux操作系统熟练掌握，熟悉shell脚本编程； 6、具备一定的数据的分析和理解能力。",2026-03-14
大数据开发高级经理,沃尔玛（中国）投资有限公司,深圳-福田区,2-3万/月,深圳-福田区 3-4年经验 本科 招1人 03-14发布 英语熟练,外资（欧美）,1000-5000人,批发/零售,"1． 负责公司数据湖/数据仓库建设； 2． 负责公司大数据平台建设 3． 负责大数据平台相关数据开放接口/元数据管理等管理平台开发； 4． 负责Hive、Spark、Kafka等系统的应用开发工作； 5． 协助ETL调度平台开发，构建稳定高性能的处理流程； 6． 负责数据的清洗、加工、分类等开发工作，并能响应数据分析师对数据提取的要求. 任职要求： 1. 本科及以上学历，计算机、数学等相关专业； 2. 3年以上软件开发工作经验，熟悉Hadoop/Spark/Hive/HBase等大数据工具，主导过大型数据平台建设者优先； 3. 熟悉Linux系统，具备shell、python、Java或Scala等脚本开发能力； 4. 熟悉常用算法和数据结构，HTTP协议、TCP网络编程、Web分布式架构设计、缓存设计中的3项以上技术； 5. 熟悉至少一种实时计算引擎 Storm, Spark Streaming, Flink, 对hadoop生态其他组件有一定了解，比如 HBase， hadoop, Hive, Druid等 6. 熟悉流行的开源框架，如Spring，SpringMvc，IBatis/Mybatis，Hibernate/JOOQ等； 7. 熟悉主流数据库如Oracle/SQL Server/MySQL及SQL优化; 熟悉数据仓库理论，具备复杂业务需求梳理能力； 8. 熟悉数据仓库的ETL的开发,有海量数据处理相关经验优先； 9. 对数据有着强烈兴趣，关注大数据技术发展趋势，具备很强的学习新技术的能力; 10. 有大规模集群应用开发经验优先 11. 英文流利优先",2026-03-14
金融数据分析师,东恒万通（北京）信息咨询服务有限公司,北京-朝阳区,1.5-2万/月,北京-朝阳区 1年经验 大专 招若干人 03-14发布,合资,500-1000人,金融/投资/证券,1.严格执行公司各项制度，并定期整理分析数据，向上级领导账户分析结果； 1.专业不限，经济类、理工类专业优先； 2.人品端正，谦虚好学，自信果敢； 3.有很强的数据运算能力及宏观经济数据分析能力； 4.有强烈希望成为交易高手的意愿； 5.可承受较大心里压力，有很强的自我调控能力，纪律严格； 6.对公司资高度负责，严格执行安全控制； 7.以稳定盈利为***目标； 8.敢于迎接挑战、能独立承受压力、完成公司交赋的工作任务。 ： 1、底薪8000-15000之间 + 年终奖 + 五险 + 全勤奖 + 提成+其他员工福利 2、完整晋升空间。每三个月有一次晋升机会，每次薪资涨幅4000-5000 3、保障安全有五险一金 4、每月有高温和交通补助,2026-03-14
数据分析师,武汉熠汇饮科技有限公司,武汉-洪山区,5-6千/月,武汉-洪山区 3-4年经验 本科 招1人 03-14发布,民营公司,50-150人,"快速消费品(食品、饮料、化妆品),餐饮业",统计和分析公司的经营数据，为招商布局和营运提供数据支撑。 1、按区域和商圈分析月度和年度的招商数据； 2、月度按解约、迁址原因做数据分析； 3、定期分析商圈、客席区等因素对经营的影响，同比同区域竞品情况做分析； 4、对营运经理的营运指标做分析，提供营运绩效考核的依据； 任职要求： 1、学历：大专及以上；财务、统计、数学等相关专业毕业。 2、从事过销售助理或者统计类工作者优先，有快消品公司工作经历的优先。 3、做事认真、细心、负责； 4、熟练使用OFFICE特别是EXCLE等办公软件； 5、具有服务意识、能适应较大的工作压力； 6、具有较强的沟通协调能力,2026-03-14
金融数据分析师,西安明智康汇信息科技有限公司,西安-高新技术...,6-8千/月,西安-高新技术产业开发区 在校生/应届生 本科 招8人 03-14发布,民营公司,50-150人,"金融/投资/证券,计算机软件",1、搜集行业相关信息，为相关需求者提供更准确的信息。 2、协助部门经理完善部门管理制度。 3、进行演讲讲座，定期为需求者讲解金融二级市场最新趋势，以及对需求者进行交易分析 4、对基本面、技术面进行分析研究，给出行情走势分析和判断，撰写研究报告。 1、本科及以上学历，财会、审计、经济学、经济法、金融学、市场营销、文秘、人力资源相关专业优先； 2、对股票，期货等金融衍生品具有一定了解者优先，有培训行业教师工作经验，有丰富经验的银行从业者、离退休教授、学者优先； 3、语言表达流畅，具备较强的学习能力和创新能力； 4、熟悉相关业务，熟练使用现代培训工具，具备较强的企业分析能力和课程研发能力、良好的演讲能力； 5、富有激情，较强的亲和力和感染力、良好的文字和语言表达能力、沟通能力，思维敏捷； 薪资待遇：3个月内晋升公司交易技术讲师，1年内有机会成为公司金牌分析师，主导公司交易方向。 其他福利： 1、不定期举行公司聚餐、聚会； 2、不定期举行户外拓展活动； 3、优秀员工享受国内、外旅游机会 【工作时间】 周一到周五：9:00——17:30 周末双休，无加班。 注：本公司直招，非中介机构，无需缴纳任何费用，请求职者放心投递 公司名称：西安明智康汇信息科技有限公司 乘车路线：地铁三号线延平门C1 向南1500米 公交：261路 29路 411路 280路 608路 251路 512路 高新一号线等多条线路 工作地址：西安市高新区沣惠南路唐沣国际广场B座1002-1003室。 联系人：张 女 士 电话：18629103120,2026-03-14
数据分析师,东莞德永佳纺织制衣有限公司,东莞-麻涌镇,1-2万/月,东莞-麻涌镇 1年经验 本科 招1人 03-14发布,外资（非欧美）,5000-10000人,服装/纺织/皮革,工作职责： 1、根据公司管理目标需求，对生产绩效评核及追踪，协助上司整理编写商业数据分析报告，及时发现和分析其中隐含的变化和问题，为业务发展提供决策支持； 2、协助完成各体系数据库关系梳理，并促成ERP数据库关系可视化； 3、负责技术部实验设计及应用实验数据结果分析，生产效果评价及追踪，为各项目组提交之改良方案的有效性提供评价； 4、根据数据分析结果，协助上级制定、优化部门工作流程及组织进行工作改进； 5、协助部门建立办单、销样、大货数据串联，并对生产制程进行差异化分析； 6、通过数据探索和模型的输出等发现业务问题，进行深入分析，规划数据挖掘模型和解决方案； 7、参与业务部门临时数据分析需求的调研、分析及实现。 岗位要求： 1、持有统计学、计算机科学或相关范畴的本科学位； 2、1年或以上相关工作经验，有从事工业生产相关经验有先考虑； 3、熟悉Qlikview Bi可视化有先； 4、对数据建模及数据仓库设计有相关经验，过程包括数据提取、数据转换及数据存储； 5、熟悉使用Excel、SQL，熟悉数据分析软件（如R Studio、SPSS、Matlab)； 6、对印染行业有所认识者更佳； 7、流利的普通话，略懂英语； 8、具有良好的沟通及合作能力，需要与各业务部门及IT部门进行沟通，并向上级回报数据结果； 9、具有较强的统计运算能力、沟通协调、数据分析能力； 10、强烈的责任心、进取意识、创新精神； 11、乐于主动学习及与团队合作，并勇于表达意见。,2026-03-14
Java大数据开发助理,湖北华奥星空体育产业联盟发展有限公司,武汉-武昌区,4.5-7.5千/月,武汉-武昌区 招4人 03-14发布,民营公司,150-500人,"计算机软件,电子技术/半导体/集成电路",公司可提供实习岗位，欢迎优秀应届毕业生投递简历。 入职要求： 1、18-30岁，专业不限，高中及以上学历者优先 2、需对计算机、游戏开发、设计、网站建设有兴趣 3、有一定的逻辑思维，会简单电脑操作 4、面试通过，直接上岗，无经验者，人品优秀可先带薪实习后上岗 岗位职责： 1、具有一定的C/C++语言基础，掌握数据结构相关知识； 2、熟练操作Windows、Office等办公软件； 3、善于学习，深入了解嵌入式系统软件及开发环境； 4、具有良好的编码习惯，编写结构清晰、命名规范、逻辑性强、代码效率高； 5、深入理解软件工程思想； 6、具有良好学习能力和团队合作精神。 福利待遇： 1、周末双休，每天7小时上班时间，无夜班，不加班， 2、大量有奖金项目可做，能力强者可不限量接受奖金项目， 3、公司为员工购买五险一金，定期组织员工生日会、野外游玩等活动，提供良好的晋升机制，广阔的晋升空间。,2026-03-14
大数据开发工程师,广东美胶物产有限公司,异地招聘,1-1.5万/月,佛山-顺德区 3-4年经验 大专 招3人 03-14发布 普通话熟练 计算机网络 计算机科学与技术,民营公司,50-150人,贸易/进出口,1、负责公司的爬虫核心技术研究以及爬虫策略优化； 2、根据业务需求，实现大规模文本、图片、视频数据抓取、清洗、存储等工作； 3、对数据质量负责，提供数据分析报告，优化数据应用架构，支持产品研发； 任职要求 1、计算机、数学或统计等相关专业本科及以上学历，2年以上数据相关工作经验； 2、熟悉linux平台，掌握PythonJAVA或某种编程语言； 3、熟悉基于正则表达式、CSS、http协议、ml等的网页信息抽取技术； 4、精通常用的爬虫技术及架构，并能快速实现； 5、熟悉多线程编程、分布式计算，有分布式系统使用经验； 6、具备良好的编程习惯和算法基础，具有钻研精神； 7、对数据驱动业务有深入理解，对数据与业务方面有足够的敏感性，独立思考能力和逻辑分析能力强；,2026-03-14
大数据开发工程师,国衡智慧城市科技研究院（北京）有限公司,北京,0.8-1万/月,北京 2年经验 大专 招若干人 03-14发布,民营公司,少于50人,"计算机软件,互联网/电子商务",岗位职责： 1、快速分析、理解业务需求； 2、独立承担功能模块的设计和开发； 3、同团队其他成员联合开发、调试。 4、解决产品中存在的需求、技术缺陷，做好定期的版本更新； 5、负责新项目、新产品中的技术预研； 6、负责项目过程中的文档编写； 岗位要求： 1、计算机软件相关专业专科或以上学历，2年以上工作经验； 2、精通Java，基础知识扎实； 3、熟悉Spring、SpringMVC、SpringBoot、Hibernate、MyBatis等主流框架，深刻理解SpringCloud微服务技术栈； 4、熟练使用Eclipse、IntelliJ IDEA、Maven、SVN、GIT等； 5、了解爬虫技术的经验优先； 6、能承担开发压力、良好的团队合作意识。,2026-03-14
数据分析师,上海帕科软件科技股份有限公司,杭州,3-5千/月,杭州 1年经验 大专 招1人 03-14发布,民营公司,150-500人,计算机软件,5、有良好的对外沟通及工作汇报能力。,2026-03-14
数据分析师,醇馨信息,上海-浦东新区,1.5-2万/月,上海-浦东新区 招若干人 03-14发布,上市公司,5000-10000人,金融/投资/证券,1、梳理产品数据埋点需求，监督埋点流程，确保数据采集完整、准确； 2、负责日常数据报表的设计、报送； 3、分析运营效果，包括不仅限于活动运营、用户运营、视音频运营等，为精细化运营提供数据支持； 4、分析与评估内部产品核心模块，为产品功能迭代优先级提出合理化建议； 5、自主撰写专题数据分析报告； 6、参与数据平台搭建； 7、其他数据分析工作。 岗位要求： 1、计算机、数学、统计学相关专业本科及以上学历； 2、精通hive、SQL，能写复杂的hql/sql； 3、熟悉神策、百度统计、GA等分析工具； 4、掌握EXCEL、PPT等常用OFFICE软件； 5、有互联网行业产品运营分析经验者优先； 6、5年左右工作经验。,2026-03-14
数据分析师(6K+),成都环宇世纪商务咨询有限公司,成都-高新区,0.6-1万/月,成都-高新区 在校生/应届生 中专 招若干人 03-14发布,民营公司,50-150人,金融/投资/证券,这是一份极具挑战性的工作，作为新兴产业的热门行业，我们需要沉稳，有耐心，对国际新闻消息和外汇市场有一定的敏感度的伙伴，如果你的技术欠缺，没有关系，我们将提供前期的免费培训，带你认知，了解国际货币和国际新闻。相信不久的将来我们将会拥有更多的数据分析师和外汇交易大神！ 岗位详细描述及要求 交易员就业前景： 公司：交易员-交易部经理-交易部总监 一、 1、负责公司提供的大账户的资金运作。 2、把握市场机会，实时交易，使账户达到稳定盈 利。 3、专业不限，（金融专业优先）。 4、 人品端正，谦虚好学，自信果敢。 5、对金融市场有浓厚的兴趣，有股票、期货等投资 经验者优先。 对金融或投资领域有兴趣者，应届毕业生也可以有机 会 6、有其他工作经历，但不满足于现状，想对金融投 资做尝试和了解者; 7、有投资经历，但困惑却无解决之道，愿意来公司 沟通互补交流者; 8、对于金融如股票、期货、贵金属、外汇感兴趣， 敢于迎接挑战，有一定的自控力，承受能力者。 二、薪资待遇: 初级：底薪6K+20%提成或***提成30% 中级：底薪8K+30%提成或***提成40% 高级：底薪12K+40%提成或***提成50% 三、工作内容: 1.管理和运作公司内部自有资金账户。 2.有效进行风险控制，通过在全球外汇市场中进行实盘交易来获得利润。 3.关注公司账户操作品种价格的变动以及国际相关资 讯，上传下达。 四、任职要求: 1.良好的逻辑思路能力，期间参与过金融市场调研或 者参加过相关的如外汇、股票、期货等金融产品培训 机构者优先考虑; 2.国际金融专业及有实盘操作经验者优先考虑; 3.自我管理能力强，严格按照公司规定流程执行; 专业不限，金融专业优先。 4.人品端正，谦虚好学，自信果敢。,2026-03-14
大数据开发工程师-成都,上海梦创双杨数据科技股份有限公司,成都,1-3万/月,成都 2年经验 本科 招15人 03-14发布,民营公司,1000-5000人,计算机软件,岗位职责： 1、负责大数据平台的选型和研发工作，完成实时＼离线处理程序开发； 2、面向业务目标，对数据模型、数据分布、数据传输、数据存储等方面进行大数据场景的功能开发； 3、参与相关项目需求分析和分项设计工作。 岗位要求： 1、大学本科或以上学历，计算机相关专业，有大数据相关经验者优先； 2、熟悉linux系统，熟练掌握JAVA或Python语至少一种； 3、熟悉一种关系型数据库，具备一定的SQL功底； 4、有较好的沟通交流能力，较强的抗压能力，对自己的输出负责； 5、熟悉以下任一技术栈者优先：ClickHouse；Hadoop生态，HDFS/Hbase/Hive；MapReduce，Spark；HBase、Kafka；Flink；Sparkstreaming； 6、党员优先。 【聊聊梦想】： 27年来，我们一直奉行“智能化助力治理能力现代化”的使命，致力于成为国内一流的政企数智化专家，在国家和企业走向现代化的过程中，在民族复兴的伟大进程中，我们拥有巨大机遇，欢迎有梦想，有情怀，有能力，有毅力的你加入梦创大家庭，成为一名追梦人，为“中国之治”的伟大梦想贡献力量。 【聊聊前途】： 公司处于快速发展时期，拥有省部级客户近50家，全国超过1万家客户，遍布全国所有省市，覆盖超过1000万用户，公司近几年平均增速超过50%，我们期待你快速成长，独当一面，成为公司区域里的“省长”、“市长”，成为技术领域的“专家”、“院士”，成为职能部门的“局长”、“部长”。 【聊聊福利】： 除了常规福利，我们为你提供了怦然心动的“I-Dream”计划，我们将为你提供公司分红和期权；为你和父母提供国内国外旅游机会，为你及家人设立住房和大病基金，为你提供无息贷款，为你解决上海户口，为孩子提供优秀学校，让你可以无后顾之忧的投入自己的事业发展中来。 优秀的我们，期待卓越的你！,2026-03-14
java开发工程师(大数据方向),广州鲸吓网络科技有限公司,广州-天河区,4-8千/月,广州-天河区 在校生/应届生 本科 招1人 03-14发布,民营公司,50-150人,网络游戏,"1. 参与数据平台开发； 2、参与产品系统的需求沟通、分析设计、功能编码、测试工作，技术文档编写； 3、参与完成产品核心代码的编写和优化、功能bug修复；4、根据项目要求完成项目交付及问题支持解决； 任职要求: 1. 2020届全日制本科及以上学历, 软件工程、计算机、数学、信息安全、网络工程等相关专业，毕业前能够实习; 2. 熟悉Java编程语言以及SQL; 3. 使用过Hadoop/Storm/Spark/Hive/Kafka等分布式开源项目的优先； 4、善于学习，善于分析，敬业勤奋，有强烈的工作责任感和良好的工作态度。",2026-03-14
数据分析师,无锡恒廷实业有限公司,无锡-锡山区,4-6千/月,无锡-锡山区 1年经验 大专 招3人 03-14发布,国企,50-150人,建筑/建材/工程,"1.熟悉服装、数据等相关专业； 2.熟练掌握数据统计分析方法，精通Excel, SPSS等工具； 3.较强的逻辑思维，对数据敏感； 待遇：综合工资4000-6000元/月，单双休 。",2026-03-14
资深大数据开发工程师,湖南兴盛优选电子商务有限公司,深圳-南山区,3-5万/月,深圳-南山区 5-7年经验 硕士 招3人 03-14发布,民营公司,1000-5000人,"互联网/电子商务,快速消费品(食品、饮料、化妆品)",职责： 负责公司实时计算平台基础技术研发，参与大数据平台系统性能分析及优化，提高系统运行效率。 要求： 1.具备大规模实时数据处理实践经验，精通Spark streaming或Flink实时数据处理框架； 2.熟悉分布式系统设计原理，具备高并发高性能系统架构设计经验； 3.了解分布式数据库，数据仓库和数据集市； 4.思维严谨缜密，善于发现问题，具有优秀的分析解决问题的能力；善于沟通，具有团队合作精神； 5.本科及以上学历，计算机科学，电子工程，应用数学，统计学或相关专业； 6.具有国内外一线互联网公司5年以上工作经验者优先。,2026-03-14
数据分析师,广东数果科技有限公司,广州-天河区,1.5-2.3万/月,广州-天河区 5-7年经验 本科 招1人 03-14发布,民营公司,50-150人,"计算机软件,互联网/电子商务",岗位职责： 1、对客户的业务场景及问题进行深度挖掘分析，设计数据分析应用； 2、挖掘数据背后的业务发展方向、规律、短板，为业务提供数据决策依据； 3、针对具体的业务事件，研究业务开拓中的局限性或亮点，进行数据分析并提出优化方案或提炼可复制的模板； 4、数据研究与分析，通过挖掘数据的内在关系，发现运营与推广中的问题，并推动问题的解决； 任职要求： 1、3年或以上交通、金融、制造等行业经验； 2、具有扎实的统计学、数据分析、数据挖掘基础，能独立完成相应数据分析需求； 3、具有较强结构化思维、逻辑思维能力，优异的学习能力； 4、对数据敏感，具备优秀的信息整合和分析能力，能够形成清晰的业务观点和前瞻判断。,2026-03-14
数据分析师,盛业商业保理有限公司,深圳-福田区,20-40万/年,深圳-福田区 招1人 03-14发布,外资（非欧美）,150-500人,"金融/投资/证券,信托/担保/拍卖/典当",1、基于业务需求，规划分析思路，完成从数据提取、数据清洗、数据分析和报告产出的整个流程，为业务问题原因排查及解决方案提供数据支撑； 2、在深入理解业务基础上，结合业务目标和问题，构建数据指标体系与分析模型，为数据化运营提供系统化的解决方案； 3、主动分析并研究业务数据，基于数据分析结果，为管理层和业务部门提供商业策略分析和业务优化建议； 4、基于业务分析经验，将关键分析思路进行产品化，并参与企业数据产品的设计与实现； 5、通过研究和数据支持产品的优化改进，指导数据应用部门工作。 1、统计学、数学、计算机信息类、数据挖掘等相关专业3年以上数据分析相关工作经验，具有互联网数据挖掘、用户行为分析，产业价值分析经验者优先； 2、熟练使用Excel、PPT、R/python、SQL，有缜密的逻辑思维和较好的文字、数据、图表呈现能力； 3、熟悉常用数据挖掘算法（如分类、聚类、回归等）及其原理，并具备相关项目经验； 4、责任心强，细致认真，能承受较强的工作压力，热爱数据分析工作。,2026-03-14
AI数据工程师,深圳市自行科技有限公司,武汉-东湖新技...,1-1.5万/月,武汉-东湖新技术产业开发区 3-4年经验 本科 招1人 03-14发布,创业公司,50-150人,"汽车,电子技术/半导体/集成电路","职责描述： 1、根据需求，对图片、视频进行搜集、数据处理、数据筛选等整理工作。 2、负责制定数据采集策略、制定采集管理规范等。 3、设计和运用标注工具，设计数据集管理工具。 4、充分理解数据标注的背景和标准，较为精确地完成务，为相关策略的制定提供依据。 任职要求： 1、本科及以上学历； 2、有一定的图像、视频基础。熟悉各种ffmpeg，opencv等图像视频处理工具。 3、熟练Python, C/C++，Go中的至少一种语言。 4、有标注方案制定、数据标注、视频审核、图片分类整理、数据分析整理等相关工作经验。",2026-03-14
数据分析师,珠海读书郎网络教育有限公司,中山,5-8千/月,中山 本科 招1人 03-14发布,民营公司,50-150人,"计算机软件,互联网/电子商务",岗位职责 1、结合公司产品及用户特性，对数据埋点应用进行规划、设计及开发跟进； 2、负责上线后埋点的优化迭代，制定市场对大数据需求、维度定义、定期完成分析报告； 3、结合获取的数据以及市场需求，提出产品功能和内容改进意见 。 任职要求 年龄要求： 20-30 岁 1、本科及以上学历，一年及以上数据分析/产品设计相关经验优先； 2、对教育行业有较深的理解和认识，熟悉埋点实施及相关测试流程； 3、有良好的逻辑思维能力，熟悉互联网及移动互联网产品，具备一定的数据分析能力； 4、具有较强的文档撰写能力与经验，能运用Axure等工具制作流程图、简单产品原型； 5、较强的组织协调，推进执行能力，做事积极主动。,2026-03-14
亚马逊运营数据分析师,惠州市万闻科技有限公司,惠州,4-8千/月,惠州 1年经验 大专 招1人 03-14发布 英语一般 统计学 计算机科学与技术,民营公司,少于50人,"互联网/电子商务,贸易/进出口",1、统计分析公司每日、每周、每月及年度等销售数据。 2、统计分析公司各店铺、各产品的业务报告。 3、统计产品广告、退款率等各项成本，计算产品利润率。 4、统计分析产品站内/站外促销效果，并提出优化方案。 5、定期进行市场调研，及时掌握竞争对手动态及市场趋势，并提出运营建议。 6、完成上级安排的其它工作。 上班地点：麦地麦兴路13号博美堂大厦7楼711 凡符合条件者，每周一至周五下午2点后可直接来公司面试! 联系人:陆生13928305995 1、全日制本科及以上学历，英语CET-4以上，计算机、统计学、数学等相关专业优先录用。 2、熟练掌握Excel各类表格函数的运用，熟悉Python的加分。 3、有亚马逊从业经验者优先录用，欢迎应届毕业生。 惠州市万闻科技有限公司成立于2015年9月，位于惠州市麦地博美堂商务大厦。经过在跨境电商领域近四年的探索，我们形成了依托亚马逊平台、打造品牌、深耕精品的运营模式，已有多款产品在多个站点长期占据Best Seller的位置。同时，公司秉持“不***、不滥用黑科技、不攻击竞争对手”的运营理念，尊重亚马逊平台和竞争对手，坚持合规、公平运营！ 当前，公司主营产品主要分布在化妆工具类目及家居灯饰类目，并正在开发其它类目产品，逐渐拓宽产品深度和广度。主要市场为美国、加拿大、英国、德国、法国、意大利等国家。同时，我们拥有自主的研发团队、完善的品质管理体系以及配套的供应商系统。 目前公司运营团队分为北美、欧洲两个团队，各团队设有亚马逊运营主管、多名亚马逊运营助理岗位，同时配备亚马逊数据分析师、海外营销助理和跟单员。同时，团队内部实施一对一导师辅导专业技能业务培训，不间断地组织不同岗位的工作交流分享，让你的工作方法、思维方式不断得到新的碰撞和提升！ 1、薪酬待遇：行业最具竞争力的薪酬（底薪+提成）、年终奖金、补贴等，薪酬准时发放。 2、发展空间：提供具有竞争力的发展空间和调薪机会（每年2次加薪）。 3、社会保障：公司按国家规定为每位在职人员购买社保，岗位特殊人员并额外购买商业意外保险。 4、工作时间：上班时间每周五天半，上午8:30点-12点，下午13:30点-18点，享受国家法定节假日。 5、工作环境：同事友善，配有冰箱，微波炉，空调，拥有员工轻松休息区，致力为员工提供优良办公环境。 6、节日福利：享受妇女节、端午、中秋等节日福利。 7、员工活动：公司不定期举办聚餐、组织国内外旅游活动，每月部门团建活动。,2026-03-14
数据分析师,广州顶呱呱企业管理有限公司,广州-天河区,0.8-1.2万/月,广州-天河区 3-4年经验 大专 招1人 03-14发布,民营公司,5000-10000人,互联网/电子商务,"岗位职责： 1、负责业务端销售数据收集、整理、深度分析，为公司各部门制定计划指标提供数据根据; 2、主动深入业务，理解业务运作逻辑，能结合公司规划，推动发现新的业务优化点和增长点，并建立相应的数据支持体系； 3、深入了解业务及市场数据趋势，发现业务的痛点与核心问题，主动通过分析给予各事业部建议和帮助。 任职要求： 1、大专及以上学历，专业不限，2年以上数据分析经验； 2、数据敏感度高，逻辑分析能力强，良好的沟通能力。 3、对业务有敏锐的洞察力，有较强的业务理解与分析能力； 4、熟练使用数据处理软件, 包括不限于Excel、SQL等； 5、前瞻学习能力强，对数据行业有极大的热情。 福利待遇： 1、工作时间 8：30-17：30，五天7.5小时工作制，周末双休； 2、工作餐包午餐，每天提供多种菜式选择； 3、 享有国家法律规定的五险、法定节假日、婚假、产假、年假、病假等福利； 4、不定期举行员工活动：节日活动、文体活动、聚会、旅游、下午茶等； 5、 工作氛围好，扁平化管理，完善的技能培训和晋升机制，未来计划开设更多分公司，发展空间大； 6、爱心基金、每周员工的生日礼品祝福； 7、部门活动经费、节假日福利（礼品/礼金）、年终奖、工龄奖、带薪年假等； 8、出国旅游+成都总部学习机会+全国发展的前景+管理岗公司配股； 9、员工俱乐部：游泳、KTV、篮球、羽毛球、桌玩、篮球、电竞、国外旅游等等众多员工活动。",2026-03-14
数据分析师,武汉毓帆科技有限公司,武汉-武昌区,15-20万/年,武汉-武昌区 3-4年经验 大专 招2人 03-14发布,民营公司,少于50人,"互联网/电子商务,金融/投资/证券",1、通过与业务团队紧密合作协作，通过分析用户行为及挖掘数据，探索业务机会点并能贡献自己对业务的独特见解 2、与产品经理协作，早期介入版本功能，并结合自己的专业知识提供分析方向，并在功能上线后提供相关的效果分析 3、能有自己的见解，独立推动数据项目，为产品运营提供决策 4、能从用户的角度思考问题，通过数据分析，找出用户痛点，完善用户体验 5、探索数据产品化的机会，让数据在业务中发挥更大的价值 职位要求： 1、统计、数学、计算机等相关专业，3年以上相关工作经历 2、对数据分析维度敏感，能够深入业务，针对业务需要提供有价值的分析建议 3、有较强的数据处理能力，能使用多种方式提取并分析数据，掌握hive、SQL等相关工具，熟练excel、R等工具 4、有良好的沟通和团队协作能力，能有效的同业务方及数据技术团队进行沟通，具有跨团队推进项目的能力 5、具有一定的数据建模能力，根据业务需要进行建模并推进业务。能从海量数据中清洗、发觉、分析的能力，编写独立报告 6、喜爱用户研究或有相关经验优先,2026-03-14
数据仓库高级工程师/专家,佳杰科技（中国）有限公司 信息管理中心,广州-天河区,2-2.5万/月,广州-天河区 5-7年经验 大专 招若干人 03-14发布 普通话精通,外资（非欧美）,1000-5000人,"计算机软件,计算机硬件","工作职责： 1、负责集团数据平台数据整合与数据仓库模型的建立、维护和优化； 2、负责构建业务数据分析体系，帮助确定各项业务数据指标； 3、负责数据提取、统计、分析、可视化等数据分析处理； 4、负责对数据进行挖掘，发现潜在关系，为公司运营决策、产品方向、销售策略提供数据支持及建议； 5、配合业务部门给予数据支持； 任职要求： 1 3年以上数据仓库模型设计与ETL开发经验； 2、掌握Kimball或Inmon的维度建模设计方法，具备海量数据加工处理相关经验； 3、熟悉ORACLE、SQL SERVER、Mysql等至少一种大型数据库的应用与设计，对数据库性能调优有一定的经验心得； 4、掌握KETTLE工具或至少一种ETL工具； 5、熟悉大数据技术(hadoop、hive等)，并具备一定的数据处理开发经验； 6、逻辑思维严谨，理解能力强，对数据敏感，业务理解力强，良好的数据建模和沟通能力； 7、有java,python等开发基础优先； 8、有分销行业核心系统工作经验者优先；",2026-03-14
人力资源数据分析师,广州市钱大妈农产品有限公司,广州-海珠区,1.5-2万/月,广州-海珠区 3-4年经验 本科 招1人 03-14发布,民营公司,1000-5000人,快速消费品(食品、饮料、化妆品),岗位职责: 1、深入分析公司现有系统的人力数据和业务数据，搭建公司人力资源数据报告体系和可视化数据分析平台； 2、结合公司业务，通过梳理并优化现有数据分析的内容、流程和机制，深度挖掘数据价值，提供人力资源数据策略支持； 3、支持对接公司重点人力资源项目，借助数据分析，能综合使用各类统计分析方法多角度分析组织及人力资本效能发现人力资源管理问题，提出改进意见，探索和研究提高人力ROI的方法，为公司人才规划和发展提供建议； 4、通过数据挖掘手段，探索HR数据背后的逻辑和规律，找寻HR管理潜在的问题或者可以优化的空间，推动HR管理提升。 任职要求： 1、本科及以上学历，人力资源、统计学、经济学、信息管理系统、计算机相关专业优先； 2、三年以上数据工作经验，有搭建人力资源数据分析系统经验优先； 3、结构化思维、敏锐的数据洞察力，能够独立完成数据报告，分析其中隐含的数据含义和价值； 4、 具备良好的沟通协调能力、学习能力，自我驱动，良好的职业道德； 5、具备专业的数据处理和分析能力，精通数据分析工具，能够熟练使用PPT、Excel等工具。,2026-03-14
数据分析师,无锡咿童文化创意发展有限公司,杭州-滨江区,1-1.5万/月,杭州-滨江区 3-4年经验 大专 招1人 03-14发布,民营公司,150-500人,"互联网/电子商务,服装/纺织/皮革",1、通过销售数据分析市场情况，挖掘潜在产品资源，定期整理提供反馈； 2、负责补货计划，结合相关参数得到正确的预测补货量； 3、监控平台营销效果，分析并形成阶段统计报告，提出可行性方案。 任职要求： 1、大专学历以上，计算机专业，三年以上跨境电商数据分析经验； 2、有丰富的数据分析建模经验，能够用最快速最简单的方法得出结论，驱动业务； 3、对数字敏感，有很强的理解具体业务的能力，善于从数据中发现问题，对业力有理解、分析、判断和优化能力；,2026-03-14
数据分析师,政一（上海）,上海-徐汇区,0.8-1万/月,上海-徐汇区 2年经验 本科 招1人 03-14发布,民营公司,150-500人,学术/科研,1、梳理业务需求，根据需求提出数据采集方案；,2026-03-14
大数据开发工程师（资深）,南京铭轩生物科技有限公司,武汉-江夏区,2-4万/月,武汉-江夏区 5-7年经验 本科 招5人 03-14发布 英语,民营公司,50-150人,"制药/生物工程,通信/电信运营、增值服务",岗位职责: 1、负责电信网络大数据等技术研究，推动相关技术在公司产品与应用中落地。 2、负责电信网络告警、性能等海量历史数据的数据架构设计、数据分析与数据挖掘开发，并支持网络人工智能模型与算法的工程化实现。 任职资格: 1、学历要求：全日制统招硕士及以上学历，博士优先 2、专业要求：计算机、数学、通信或相关专业，具备扎实的数学功底和逻辑分析能力。 3、工作经验： 4年以上（博士可放宽），有相关工作经验者优先。 4、专业知识：熟悉大数据技术，能够实现PB级数据仓库处理存储架构，至少精通一种大数据和AI相关技术框架和应用（如：Hadoop、Spark、Storm等），具 备一定的数据挖掘经验。 5、语言要求： 至少精通一种编程语言（C++、Java、Python）。 6、个性特征： 具有很强的研究能力与学习意愿，具备良好的沟通能力和团队协作能力,2026-03-14
数据仓库开发工程师,北京汉克时代科技有限公司,杭州-上城区,0.8-1.2万/月,杭州-上城区 2年经验 大专 招若干人 03-14发布,民营公司,1000-5000人,计算机软件,岗位职责： 负责数据仓库开发，存储过程编写，数据模型研究，大数据研究等。 任职资格： 1、 2年以上开发经验，大专及以上学历，具备一般的JAVA应用开发能力； 2、 熟悉Oracle下的分区，表空间， SQL性能调优等操作； 3、 熟悉常用的ETL工具，如：kettle， informatica等； 4、 熟悉常用的报表工具，如：Cognos等； 5、 有财税行业从业经验优先。,2026-03-14
高级数据分析师,广州潮型库互联网科技有限公司,广州-荔湾区,0.8-1万/月,广州-荔湾区 招1人 03-14发布,民营公司,150-500人,"互联网/电子商务,服装/纺织/皮革","岗位职责： 1、根据部门要求，按周、月更新、制作相关业务报表； 2、通过协助各部门的业务数据梳理，及时反映数据进展，为业务提升方向支持； 3、通过内部数据，平台数据分析，竞争对手数据，行业数据，社会趋势等的分析，为电商提供决策支持； 4、定期抓取数据并建立数据管理系统，协助各组进行数据统计与分析模型建立，提供数据支撑； 5、探索数据分析方法和业务中数据赋能的应用场景，推动有价值的数据应用方案； 6、配合上级完成其他各类数据挖掘分析，并促进转化。 任职资格： 1、本科及以上学历，统计学、数学等相关专业，懂数据银行，2年以上电商运营数据分析相关工作经验； 2、具备较强文字分析和数据处理能力，能熟练完成抽取数据、制作图表、数字展示等流程； 3、熟悉数据分析与数据挖掘理论，熟悉常用的数据库和大数据技术工具， 至少能熟练地使用1种统计和数据挖掘软件； 4、能根据事业部各电商平台的运营需求,对数据进行专项分析,并给出建议； 5、逻辑思维能力强，强烈的数据敏感度，具备敏锐的洞察力和独立分析能力，有一定的影响力和预判性思维； 6、有一定的数据分析方法论的沉淀，职业规划目标清晰，有极强的自驱力。",2026-03-14
Java大数据工程师,杭州古珀医疗科技有限公司,杭州,1.8-2万/月,杭州 3-4年经验 本科 招1人 03-14发布,民营公司,少于50人,"计算机软件,医疗/护理/卫生",岗位职责： 1、能够熟练运用Java语言完成数据的抽取(ETL)， 2、有过大数据，数据挖掘经验，熟练使用Hadoop，Mongo，Hbase，Kudu，NEO4J 或者ArangoDB。 3、熟知CDH的搭建。 4、如果你觉得以上都符合，又熟悉Spark Flink等流式计算框架，那就是你了 任职要求： 1、 具备良好的沟通能力 ； 2、 良好的编码能力； 3、 具备自主解决问题的能力； 4、 具备举一反三的能力 ； 5、 能快速的定位问题，反馈问题 ； 6、 7、本科及以上学历，java开发经验3年及以上，熟悉操作各主流数据库；,2026-03-14
数据分析师,武汉云外恒信息技术有限公司,武汉-洪山区,0.8-1.2万/月,武汉-洪山区 1年经验 本科 招2人 03-14发布 普通话 统计学 计算机科学与技术,民营公司,少于50人,"计算机服务(系统、数据服务、维修),互联网/电子商务",1.对运营数据进行监控分析，根据数据情况快速有效的定位问题并提出解决方案； 2.对所运营的内容进行深入思考和分析，相关数据的收集、整理，形成专业分析报告和实施建议，并提供数据分析支持； 3.完善数据分析标准体系与分析模型，并向业务人员提出需求； 4.整理分析营销运营指标，量化指标，搭建多维数据，分析用户来源、行为路径、转化率等运营核心数据，给各职能人员提供数据反馈和建议； 5.理解业务运作逻辑，利用数据分析手段，及时发现业务流程中存在的问题，进行原因分析，提出解决方案并与业务人员沟通达成共识； 6.从业务运作视角出发，对数据监测系统进行功能优化，通过各类数据分析发现业务趋势，输出公司所需的报告，反馈至各业务人员进行落地。 任职资格： 1.计算机、统计学、会计、数学相关专业本科及以上学历； 2.熟悉数据库基本编程及SQL语言，熟悉海量数据处理和性能优化； 3.熟练使用Python语言中Pandas数据分析包； 4.较强的数据处理能力，熟练操作Excel，掌握Access等数据处理工具，以及其他Word、Powerpoint等Office办公软件； 5.具有1年以上咨询公司、运营商经营企划/数据分析等相关工作经验； 6.掌握数据分析基本流程，要有敏锐的数据感觉，良好的快速学习吸收能力。,2026-03-14
Python数据工程师,广东南芯医疗科技有限公司,广州-黄埔区,1-1.5万/月,广州-黄埔区 2年经验 本科 招2人 03-14发布,民营公司,50-150人,制药/生物工程,岗位职责： 1、负责实现和部署各类分析流程； 2、负责数据相关的Web API开发； 3、负责公共数据库数据抓取，清洗和存储。 岗位要求： 1、熟悉Python编程，numpy，pandas和skiearn的使用； 2、熟悉Django/Flask/Tornado等Python Web框架的使用，用RRESTful API开发经验； 3、熟悉爬虫开发； 4、有测序或代谢相关流程开发经验者优先。,2026-03-14
数据分析师,重庆鸿巨网络科技有限公司,重庆-渝中区,0.6-1万/月,重庆-渝中区 3-4年经验 招1人 03-14发布,民营公司,150-500人,互联网/电子商务,职位描述： 1、负责海外事业部业务数据处理及可视化报表输出（日/周/月），包括但不限于整体销售及利润分析、库存预警、物流仓储、成本分析、毛利监控等； 2、负责构建用户数据模型，挖掘用户属性及用户喜好等需求，为个性化产品开发推荐提供支持； 3、负责构建产品、运营及行为评估体系，通过数据分析对产品运营策略和推广策略提供支持； 4、负责海外市场信息收集及大盘环境分析，形成报告，汇报给改善决策层，支持战略规划 。 任职要求： 1、统计学、应用数学、计算机等相关专业，统招本科及以上学历，英语四级及以上； 2、2年以上数据分析及运营岗工作实操经验，掌握常见统计方法和数据挖掘技术，熟练使用SPSS、SAS等相关数据分析软件； 3、具备较强的数据敏感度、逻辑分析能力和数据可视化呈现能力，能独自负责数据体系设计和运营维护； 4、有责任心，良好的沟通能力和组织管理能力以及心理承受能力，勇于接受挑战。,2026-03-14
数据分析师,上海水星家用纺织品股份有限公司,上海,0.8-1.5万/月,上海 3-4年经验 本科 招1人 03-14发布 数学与应用数学 信息与计算科学,上市公司,1000-5000人,"服装/纺织/皮革,互联网/电子商务",工作职责: 1、公司数据分析体系的研究、搭建和优化，公司数据分析体系的完善； 2、建立公司数据运营体系，理顺并优化数据分析工作流程，并建立和维护其行 之有效的科学工作方法； 3、监控公司运营数据，对营销政策的效果进行评估，对监控供应链数据、商品生命周期数据、用户数据和行为数据等方面进行挖掘、评估和分析，解读运营数据的波动，从而 发现问题，提出相应的解决方案； 4、根据对市场环境的了解，在与相关管理部门及人员充分、客观沟通的前提下，探索并归纳各项行业资料，做好竞品分析，撰 写分析报告； 5、关注数据分析和调研，根据反馈对持续改善并优化。 任职资格: 1、全日制本科或以上学历，数学、统计、市场营销等相关专业； 2、4年 以上数据统计、分析和挖掘或者行业研究等方面的相关工作经验，能提供过往分析案例者优先； 3、具有深厚的统计学、数学、人工智能和数据挖掘的理论基础，精通数据仓库、数据挖掘与分 析的相关知识，熟练使用SAS/SPSS 等相关分析软件，具有良好的数据模型设计能力； 4、具有海量数据挖掘、分析相关项目经验，曾经参与过比较 完整的数据采集、整理、分析和建模工作； 5、对数据有高度的敏感度，具备良好的逻辑分析能力，良好的报告编写能力、语言表达能力、管理技能与人际沟通技巧，熟悉品牌制造业供应链、营销管理、商品管理、或消费者研究的整体运作流程； 6、对商业和业务逻辑敏感，具备良好的逻辑分析能力和系统性思维能力，优秀的数据思维和强烈的数据决策意 识； 7、熟悉大数据挖掘和分析，有用户行为研究和数据挖掘经验，并能提供过往案例者优先； 8、良好的团队合作及协调能力，乐于接受挑战，高度的工作热情和责任心。,2026-03-14
战略合作部-数据分析师,北京搜狗科技发展有限公司,北京-海淀区,0.7-1.4万/月,北京-海淀区 1年经验 本科 招1人 03-14发布,外资（非欧美）,1000-5000人,互联网/电子商务,项目介绍： 作为战略合作部的运营部门，对所负责的搜索、网盟和输入法业务的质量异常跟踪和推进解决，按照流程与反作弊技术、产品人员确认异常原因，为BD的合作提供建议或可行方案；对所负责的搜索和输入法业务进行质量监控。 岗位职责 1、负责搜索业务数据分析，根据业务需求，识别、搜集、整理各类内外部信息，竞品信息，完成市场、行业等研究报告； 2、负责业务需求分析，对业务需求有敏锐的洞察，并能将其文档化； 3、负责用户行为调研，通过海量数据的挖掘和分析，形成报告； 4、参与内部技术交流、方案设计等工作。 任职要求： 1、本科及以上学历，1年以上工作经验，计算机或统计学等理工科专业背景优先，BAT优先，有搜索行业背景； 2、对数据敏感，有优秀数据分析能力，具有数据类项目经验，如数据治理、数据仓库、报表等； 3、对新工具和技术有学习能力，有良好的文案撰写和演讲表达能力； 4、能快速理解业务，有良好的团队协作和沟通协调能力，有互联网搜索或广告相关数据分析能力的优先。,2026-03-14
大数据开发工程师,上海沣海智能科技有限公司,上海-黄浦区,1.5-2万/月,上海-黄浦区 招若干人 03-14发布,合资,150-500人,"计算机软件,金融/投资/证券",岗位职责： 1，负责大数据平台的开发和性能优化 2，负责针对业务人员在应用数据过程中提出的需求并进行功能设计与实现 任职要求 ： 1，熟练掌握 Java，熟悉 Shell，Python 等一门以上脚本语言，并灵活运用到实际工作中及解决技术问题 2，熟悉两种以上大数据处理工具和技术(如Hadoop，Spark，Hive，Kafka，Storm)， 有实际大数据分析处理项目经验 3，熟悉分布式系统的设计和应用 4，3年以上工作经验，互联网行业从业者优先,2026-03-14
大数据开发工程师,福韵数据服务有限公司,武汉-洪山区,10-20万/年,武汉-洪山区 5-7年经验 本科 招2人 03-14发布 英语熟练 计算机科学 计算机科学与技术,民营公司,150-500人,"计算机软件,专业服务(咨询、人力资源、财会)","岗位职责： 1、负责公司项目大数据平台的构建与开发； 2、负责公司项目大数据平台研发过程中的设计文档的撰写； 3、撰写规范专业的技术文档，研究行业前沿技术； 4、大数据平台的新技术调研。 任职资格： 1、信息类或计算机类相关专业本科以上学历，掌握扎实的IT基础知识。 2、熟练掌握Java、scala编程语言，具有两年以上JavaEE开发经验。 3、熟悉面向对象编程、主流Java框架，熟练使用eclipse等IDE。 4、熟悉Linux/Unix的基本使用, 能独立搭建Linux/Unix应用部署。 5、具有较强的逻辑思维、学习能力和解决问题的能力，能够独立承担任务。 6、具有良好的团队协作精神和沟通能力，能够承担较大工作压力。 7、有大数据应用、大型互联网应用项目经验者优先。",2026-03-14
数据分析师,深圳市德奥信息技术有限公司,深圳-光明新区,1-1.5万/月,深圳-光明新区 本科 招1人 03-14发布,民营公司,50-150人,"计算机服务(系统、数据服务、维修),通信/电信运营、增值服务","岗位职责： 1.搭建、维护和优化集群，使得集群能够稳定运行。 2.做将关系型数据库的数据采集到hbase,并提供对外接口服务。 3.利用hbase做一些海量数据的基本分析需求应用等，比如套牌车分析等。 4.利用大数据其它组件列如sqoop，flume,kafka,hive,spark，hive等做一些的大数据分析的业务。 5.对现有的关系型数据库例如sqlserver,mysql,oracle等进行数据迁移和优化。 任职要求： 1.学历本科及以上，计算机相关专业,java开发工程师有大数据学习经验的优先，有时空大数据等研究经历或工作经历的优先； 2.精通hadoop+hbase+phoenix的应用和扩展的能力，对hadoop集群中故障的解决具有一定经验，对phoenix的二级索引有一定的理解和应用，并能够做一些分析上的应用。 3.能够熟练使用eclipse,idea开发工具，熟练应用java，scala语言，有良好的编程习惯。 4.熟练使用springboot+mybatis或者ssm等开源框架，熟练使用maven开发工具。 5.能够应用flume+kafka+sparkStreaming进行流数据的在线处理和分析。",2026-03-14
大数据算法工程师,中孚信息股份有限公司,济南-历下区,1-1.5万/月,济南-历下区 在校生/应届生 本科 招10人 03-14发布,上市公司,少于50人,计算机软件,1、进行数据分析、数学建模。2、负责算法编码实现。3、负责对海量文本内容进行语义分析，具体包括中文分词、词性识别、垃圾识别、自动文本聚类和情感分析等文本挖掘工作。4、有扎实的数据结构知识及算法思想，5、熟悉流行的深度学习算法及常用的编程语言JAVA，Python等；6、熟悉matlab，spass等数学工具的应用；7、熟悉常用的概率统计，线性回归，矩阵分析等方法；8、了解大数据存储相关技术架构，了解大数据展现相关技术。9、具备算法实现和调优能力，能针对业务需求设计相关模块的模型并对模型进行数据验证。,2026-03-14
数据开发工程师,重庆渝欧跨境电子商务股份有限公司,重庆-渝中区,1-1.8万/月,重庆-渝中区 3-4年经验 本科 招若干人 03-14发布,合资,150-500人,"批发/零售,互联网/电子商务",职位描述： 1、根据业务需求，独立完成程序设计方案 2、独立完成基于数据库的业务功能模块开发 3、建立测试环境，进行相关开发的程序测试(输出数据确保正确性) 4、完成相关的开发及测试文档 5、完成交待的其他相关工作 任职要求： 1、本科及以上学历，3年以上数据库开发经验 2、精通sql，熟悉主流数据库(oracle、mysql、sqlserver等) 3、做过plsql开发，对其有比较深的理解与认识 4、作为核心成员参加/主持2个及以上数据仓库或大数据项目的开发/管理工作 5、熟练使用linux操作系统，有一定的shell脚本编程能力 6、熟悉ETL工具，并掌握一种ETL工具的使用 7、熟悉大数据平台与主流产品，并理解其架构体系 8、熟悉阿里云数据库产品(PolarDB、ADB、DRDS)，有相关经验者优先 9、有零售行业数据类开发工作经验者优先,2026-03-14
数据分析师(J10151),肇庆市现代筑美家居有限公司,肇庆,0.8-1.2万/月,肇庆 3-4年经验 本科 招1人 03-14发布,民营公司,5000-10000人,"家居/室内设计/装潢,建筑/建材/工程",1、本科以上学历，数据分析、数据统计或计算机专业； 2、具有3年以上海量数据处理以及优化经验，具有大型数据项目处理经验； 3、熟悉Excel里各项数据处理工具及函数； 4、熟悉SPSS、Access等数据处理软件优先； 5、熟悉SQL、Python等计算机语言优先； 6、能遵循标准开发流程、文档规范，能独立学习技术并解决问题，对新技术有钻研与自主学习精神； 7、具备较强自我挑战、抗压能力以及沟通能力。 工作职责： 1、运用数据分析与处理技能，快速协助业务部门归集数据，提高业务部门数据处理速度； 2、为其他数据使用部门提供数据技术指导及分析手段支持； 3、根据数据变化分析业务经营规律，运用数据分析与处理结果帮助运营决策； 4、进行经营数据模型分析，设计分析模型，定期推送相关运营报表与分析数据； 5、进行BI商业智能建设以及协助进行数据管理平台的建立。 备注：疫情期间，可先通过邮箱等方式进行线上意向沟通，暂不安排现场面试，待疫情结束后做进一步安排。,2026-03-14
数据分析师,深圳市德奥信息技术有限公司,深圳-光明新区,1-1.5万/月,深圳-光明新区 本科 招1人 03-14发布,民营公司,50-150人,"计算机服务(系统、数据服务、维修),通信/电信运营、增值服务","岗位职责： 1.搭建、维护和优化集群，使得集群能够稳定运行。 2.做将关系型数据库的数据采集到hbase,并提供对外接口服务。 3.利用hbase做一些海量数据的基本分析需求应用等，比如套牌车分析等。 4.利用大数据其它组件列如sqoop，flume,kafka,hive,spark，hive等做一些的大数据分析的业务。 5.对现有的关系型数据库例如sqlserver,mysql,oracle等进行数据迁移和优化。 任职要求： 1.学历本科及以上，计算机相关专业,java开发工程师有大数据学习经验的优先，有时空大数据等研究经历或工作经历的优先； 2.精通hadoop+hbase+phoenix的应用和扩展的能力，对hadoop集群中故障的解决具有一定经验，对phoenix的二级索引有一定的理解和应用，并能够做一些分析上的应用。 3.能够熟练使用eclipse,idea开发工具，熟练应用java，scala语言，有良好的编程习惯。 4.熟练使用springboot+mybatis或者ssm等开源框架，熟练使用maven开发工具。 5.能够应用flume+kafka+sparkStreaming进行流数据的在线处理和分析。",2026-03-14
大数据算法工程师,中孚信息股份有限公司,济南-历下区,1-1.5万/月,济南-历下区 在校生/应届生 本科 招10人 03-14发布,上市公司,少于50人,计算机软件,1、进行数据分析、数学建模。2、负责算法编码实现。3、负责对海量文本内容进行语义分析，具体包括中文分词、词性识别、垃圾识别、自动文本聚类和情感分析等文本挖掘工作。4、有扎实的数据结构知识及算法思想，5、熟悉流行的深度学习算法及常用的编程语言JAVA，Python等；6、熟悉matlab，spass等数学工具的应用；7、熟悉常用的概率统计，线性回归，矩阵分析等方法；8、了解大数据存储相关技术架构，了解大数据展现相关技术。9、具备算法实现和调优能力，能针对业务需求设计相关模块的模型并对模型进行数据验证。,2026-03-14
数据开发工程师,重庆渝欧跨境电子商务股份有限公司,重庆-渝中区,1-1.8万/月,重庆-渝中区 3-4年经验 本科 招若干人 03-14发布,合资,150-500人,"批发/零售,互联网/电子商务",职位描述： 1、根据业务需求，独立完成程序设计方案 2、独立完成基于数据库的业务功能模块开发 3、建立测试环境，进行相关开发的程序测试(输出数据确保正确性) 4、完成相关的开发及测试文档 5、完成交待的其他相关工作 任职要求： 1、本科及以上学历，3年以上数据库开发经验 2、精通sql，熟悉主流数据库(oracle、mysql、sqlserver等) 3、做过plsql开发，对其有比较深的理解与认识 4、作为核心成员参加/主持2个及以上数据仓库或大数据项目的开发/管理工作 5、熟练使用linux操作系统，有一定的shell脚本编程能力 6、熟悉ETL工具，并掌握一种ETL工具的使用 7、熟悉大数据平台与主流产品，并理解其架构体系 8、熟悉阿里云数据库产品(PolarDB、ADB、DRDS)，有相关经验者优先 9、有零售行业数据类开发工作经验者优先,2026-03-14
数据分析师(J10151),肇庆市现代筑美家居有限公司,肇庆,0.8-1.2万/月,肇庆 3-4年经验 本科 招1人 03-14发布,民营公司,5000-10000人,"家居/室内设计/装潢,建筑/建材/工程",1、本科以上学历，数据分析、数据统计或计算机专业； 2、具有3年以上海量数据处理以及优化经验，具有大型数据项目处理经验； 3、熟悉Excel里各项数据处理工具及函数； 4、熟悉SPSS、Access等数据处理软件优先； 5、熟悉SQL、Python等计算机语言优先； 6、能遵循标准开发流程、文档规范，能独立学习技术并解决问题，对新技术有钻研与自主学习精神； 7、具备较强自我挑战、抗压能力以及沟通能力。 工作职责： 1、运用数据分析与处理技能，快速协助业务部门归集数据，提高业务部门数据处理速度； 2、为其他数据使用部门提供数据技术指导及分析手段支持； 3、根据数据变化分析业务经营规律，运用数据分析与处理结果帮助运营决策； 4、进行经营数据模型分析，设计分析模型，定期推送相关运营报表与分析数据； 5、进行BI商业智能建设以及协助进行数据管理平台的建立。 备注：疫情期间，可先通过邮箱等方式进行线上意向沟通，暂不安排现场面试，待疫情结束后做进一步安排。,2026-03-14
大数据工程师,深圳市云智易联科技有限公司,深圳-南山区,2-3万/月,深圳-南山区 3-4年经验 本科 招1人 03-14发布,民营公司,150-500人,"互联网/电子商务,计算机软件",岗位职责： 1、熟悉大数据开源产品的架构和技术细节，具有以下Spark(SQL/Streaming/MLlib)、Hadoop、Hbase、Cassandra、YARN、Flume、Kafka平台的项目开发经验，平台维护经验； 2、熟练掌握以下至少一种编程语言，Java、Scala、Python； 3、有物联网数据处理及数据挖掘经验者优先； 4、工作认真负责，良好沟通能力及团队合作精神；良好的分析、解决问题能力，吃苦耐劳、勇于迎接挑战。 任职要求： 1、负责大数据平台软件的设计、开发，并系统进行持续优化； 2、负责数据产品的方案设计、开发、及平台日常维护工作。,2026-03-14
TM&ITEI-数据分析工程师（深圳）,维谛技术有限公司,深圳-南山区,1.5-2.5万/月,深圳-南山区 3-4年经验 硕士 招1人 03-14发布,外资（欧美）,1000-5000人,"电子技术/半导体/集成电路,通信/电信/网络设备","1、采用机器学习技术开发智能产品与服务； 2、智能产品与服务系统的数据收集与处理； 3、智能服务系统的设计、实现与优化； 4、研究机器学习、深度学习等领域的前沿技术并结合业务场景解决实际问题。 1、硕士以上学历，扎实的机器学习、数据挖掘、统计学理论基础和相关工作经验； 2、具有扎实的计算机操作系统、数据结构等编程基础，熟练掌握C/C++, Java和python中至少一种语言； 3、熟练掌握TensorFlow、Caffe等主流深度学习框架，熟悉常见机器学习算法（如逻辑回归、SVM、神经网络、决策树等），有实际建模经验； 4、良好的学习和研究能力，能独立阅读国内外最新文献。",2026-03-14
数据分析师,企事通集团有限公司,杭州-江干区,5-7千/月,杭州-江干区 2年经验 本科 招1人 03-14发布,民营公司,500-1000人,办公用品及设备,岗位职责： 1、负责供应商开发数据的整理、统计、建模分析，并制作报表和报告； 2、根据工作需求，执行数据处理、分析、检查，完成具体指定的重要数据统计； 3、完成供应链中心每个月需要的数据报表及各子公司的商品数据分析； 4、通过数据统计分析，挖掘采购供应链问题，并提出优化建议； 5、完成领导安排的其他工作任务。 任职要求： 1、本科及以上学历，数学、统计学、计算机等相关专业优先； 2、有两年及以上商品数据分析，快销行业工作经验优先考虑； 3、熟悉基础的数据分析方法，包含：描述性分析、回归分析、方差分析； 4、具备良好的沟通能力、执行力，对工作有较强责任心等； 熟悉操作EXCEL、SPSS、MySQL数据库的使用，具备SQL/R语言等数据处理技能。,2026-03-14
数据分析师,河南米多奇食品有限公司,新乡,4.5-6千/月,新乡 3-4年经验 本科 招1人 03-14发布,民营公司,5000-10000人,"快速消费品(食品、饮料、化妆品),专业服务(咨询、人力资源、财会)","职责描述： 基于公司当前各类型业务数据库集，结合公司管理需求，通过提炼数据产品需求，构建数据模型，沉淀分析思路与框架，逐步建立数据分析体系, 对公司业务运营管理及经营发展提供决策支持，并基于业务监控指标体系，及时发现业务问题。 工作内容： 1. 与相关团队协作进行数据建模工作，推动业务部门的数据化运营； 2. 与相关团队协作开展数据治理工作，提升数据分析效率； 3. 与相关团队协作组织数据技术与产品相关的理念、技能、工具的培训。 任职要求： 1、 统计、数学、信息管理、经济学本科以上学历，了解数理统计、数据分析、数据挖掘，熟知常用算法； 2、较强的Excel、PPT使用能力，熟练使用帆软BI、Power BI、Qlikview、Tableau其中一款系统，熟悉Oracle、SQL Sever、MySQL任一种数据库的使用； 3、具有较强的数据分析处理及分析能力，有大数据、Python应用经验者优先； 4、反应迅速、思维活跃、具有良好的逻辑思维能力和商业判断能力，沟通能力强。",2026-03-14
大数据开发工程师,深圳乐播科技有限公司,深圳-南山区,2-3万/月,深圳-南山区 招2人 03-14发布,民营公司,50-150人,"互联网/电子商务,计算机软件",岗位职责： 1.搭建分布式大数据处理平台，进行自动化ETL，提升数据质量； 2.搭建数据分析平台，建立数据分析/数据挖掘模型； 3.分析用户行为数据，搭建个性化的数据推荐系统，优化产品效果。 任职要求： 1.本科或以上学历，3年以上工作经验； 2.熟悉BI平台架构、大数据解决方案包括Hadoop、Spark、Storm、机器学习等； 3.理解大数据处理(流计算、分布式计算、分布式文件系统、分布式存储等)相关技术和实现方法； 4.熟悉MySql/MongoDB/Redis等主流数据数据库； 5.精通java、scala、python的一种或多种语言（Java优先）； 6.具备良好的沟通交流能力和文字语言表达能力，较好的逻辑分析能力。,2026-03-14
大数据算法分析工程师,天合光能股份有限公司,常州,,常州 本科 招3人 03-14发布,民营公司,,新能源,专业方向：计算机、数学、自动化、模式识别等相关专业 工作地点：常州,2026-03-14
大数据开发助理工程师,深圳市路梵科技有限公司,深圳-南山区,4.5-6千/月,深圳-南山区 无需经验 大专 招3人 03-14发布,民营公司,50-150人,互联网/电子商务,"岗位职责： 1、通过协助各部门的业务数据梳理,及时反映数据进展,为业务提升方向提供支持； 2.通过内部数据,平台数据分析,竞争对手数据,行业数据,社会趋势等的分析,为事业部提供决策支持（产品开发,产品价格和质量改进,定价与价格统一,备货模型与缺货,呆滞销数据）； 3.配合上级完成其他各类数据挖掘分析,并促进转化为业绩结果； 4、完成上级安排的其他任务。 职位要求： 1、全日制大专及以上学历，计算机专业，统计学，营销学，财务专业等均可； 2、熟悉mysql或sql sever数据库，熟练编写sql语句，一年以上数据分析经验，有过销售分析与产品分析经验的优先。优秀应届毕业生亦可； 3、为人踏实，工作认真负责，良好的团队精神； 4、excel操作熟练，熟练操作函数与透视表技能。",2026-03-14
SQL数据分析师,宁波易简电子科技有限公司,宁波-海曙区,0.6-1.2万/月,宁波-海曙区 1年经验 本科 招2人 03-14发布 计算机信息管理 计算机应用,民营公司,150-500人,"计算机软件,电子技术/半导体/集成电路",1.负责相关数据报表的建立，根据需求整理、规范、优化分析报告 2.研究数据分析方法，做到报表制作简单、方便、使用等。 3.维护数据表，根据业务需求负责整理及编写报表需求文档 4.通过数据分析，发掘业务问题，并提出合理改善建议。 5.完成日常的SQL取数工作。 职责要求： 1.本科及以上学历（非全日制本科需拿到毕业证书） 2.熟练使用EXCEL/SQL/PowerPoint，熟练使用图表及函数功能 3.1年以上工作经验 4.对待工作富有热情，并能承受较强的工作压力 5.计算机相关经验更佳 实际工作地点1为：浙江宁波鄞州宁南南路700号宁波银行（2020年中宁波银行要搬去江北） 实际工作地点2为：宁波银行（东门支行）百丈东路868-872号,2026-03-14
大数据开发 (MJ000024),2144游戏,上海-浦东新区,1.5-2.5万/月,上海-浦东新区 3-4年经验 招2人 03-14发布,民营公司,150-500人,"互联网/电子商务,网络游戏",1、负责大数据平台的搭建、功能设计、及核心模块的开发； 2、负责指导团队成员开发，对代码质量进行监控、保证代码的可读性、易维护性，确保开发质量； 3、负责大数据平台新技术的调研及技术选型。 4. 对现有系统的不足进行分析，难点攻关，找到目前系统的瓶颈，改进系统架构设计，提高系统性能 5. 根据用户行为分析，挖掘有价值的信息，指导公司运营和决策 6、负责相关技术文档编写工作。 1、计算机相关专业全日制本科及以上学历，3年以上开发工作经验； 2、有2年以上Java Web开发经验，能够熟练使用java编写MapReduce程序； 3、2年以上大数据开发经验，对HBase，Hive，Spark，Kafka等组件原理和使用有清晰的理解； 4、熟练使用hive sql，有数据仓库经验更佳； 5、熟练使用scala，有scala编写SparkStreaming进行实时数据统计的经验。,2026-03-14
数据分析师,杨梅红艺术教育集团,深圳,1-2万/月,深圳 3-4年经验 本科 招若干人 03-14发布,民营公司,500-1000人,"教育/培训/院校,影视/媒体/艺术/文化传播",岗位职责： 1.负责项目的需求调研、数据分析、商业分析和数据挖掘等，通过分析用户的行为了解用户的需求。 2.参与业务部门内数据分析的需求调研、分析及实现。 3.参与数据挖掘模型的构建、部署、维护和评估。 4.整理编写商业数据分析报告，及时发现并分析其中隐含的变化和问题，为未来发展方向提供决策支持。 岗位要求： 1.三年以上数据分析相关工作经验，较强的数据分析能力。 2.全日制本科及以上学历，计算机和会计专业者优先。 3.熟练使用 MySQL，熟练运用其增改删查、多表关联查询。 4.熟练掌握 Python。 5.熟练使用 Excel，能运用常用函数、数据透视表。,2026-03-14
数据分析师,深圳市润步科技有限公司,深圳-龙岗区,0.6-1万/月,深圳-龙岗区 2年经验 大专 招1人 03-14发布,民营公司,150-500人,"贸易/进出口,互联网/电子商务","岗位职责： 1、通过协助各部门的业务数据梳理,及时反映数据进展,为业务提升方向提供支持； 2.通过内部数据,平台数据分析,竞争对手数据,行业数据,社会趋势等的分析,为事业部提供决策支持（产品开发,产品价格和质量改进,定价与价格统一,备货模型与缺货,呆滞销数据）； 3.配合上级完成其他各类数据挖掘分析,并促进转化为业绩结果； 4、完成上级安排的其他任务。 职位要求： 1、全日制大专及以上学历，计算机专业，统计学，营销学，财务专业等均可； 2、熟悉mysql或sql sever数据库，熟练编写sql语句，一年以上数据分析经验，有过销售分析与产品分析经验的优先。优秀应届毕业生亦可； 3、为人踏实，工作认真负责，良好的团队精神； 4、excel操作熟练，熟练操作函数与透视表技能。 润步福利： 1、薪酬：基本底薪+全勤奖+绩效奖金+提成，提供行业内极具竞争力的薪资体系； 2、社保：入职即享受社保，为员工提供基本保障； 3、食宿：公司提供住房（空调、热水器）；另有餐费补贴； 4、带薪年假：在本公司工作满一年即可享受带薪假日； 5、晋升机制：公司不定期（2-3个月）为员工提供公平公正的晋升机会； 6、自我提升：公司内部设有图书室、球类娱乐设施； 7、其他福利：润步不定期举行员工生日会，阶段性为新员工准备迎新会； 8、活动安排：不定期组织形式多样的文体活动（羽毛球、桌球、乒乓球、桌上足球等）； 9、工作氛围：公司在工作期间为员工播放音乐，让员工徜徉在欢愉的工作环境中高效工作； 10、培训：享有公司内部成长培训训练、帮助员工规划职业生涯； 11、交通：公司位于龙岗区坂田五和南路41号和磡工业区A3栋3楼（整层），交通便利，办公环境温馨、优美。",2026-03-14
大数据平台架构师,山东中煤工矿物资集团有限公司,济宁,1-1.5万/月,济宁 3-4年经验 本科 招1人 03-14发布,民营公司,500-1000人,"互联网/电子商务,多元化业务集团公司",1、负责大数据平台架构设计、集群运维优化、技术攻关； 2、规划数据仓库工作方向，持续提升团队工作目标和工作效率； 3、负责大数据平台管理工作，如代码规范。质量规范、保障规范的制定与推动实施落地； 4、负责全面了解公司业务，进行深层次的数据分析，为数据开发项目提供指导性的意见，从数据角度为公司产品开发、业务运营提供决策支持建议； 5、负责对新人或团队其他人员进行辅导，并使团队成员可以得到有效的成长。 可以以顾问形式合作 1、熟悉大数据生态技术Hadoop、Hive、Spark、Flink、HBase、ES、Kylin、Kafka、DataX等； 2、熟悉数据挖掘和机器学习等相关算法和技术； 3、对数据仓库、数据平台、数据分析、数据挖掘等领域有深刻的理解，丰富的数据架构经验，精通数据建模及ETL系统设计开发；有前瞻性的整套数据管理、数据服务等解决方案的规划和落地经验； 4、相关开源领域活跃贡献者或大型互联网公司相关从业经验者优先； 5、具有良好沟通、协调、整合资源能力，能单打独斗也能团队作战； 6、具有大型跨部门的复杂项目或者技术领域的管理经验，有成熟的团队梯队建设经验和技能储备的思路； 7、计算机等相关专业，本科以上学历。,2026-03-14
数据分析师,辽宁纽麦斯国际贸易有限公司,沈阳-皇姑区,3.5-5千/月,沈阳-皇姑区 2年经验 本科 招2人 03-14发布 英语良好 数学与应用数学 统计学,外资（欧美）,50-150人,"贸易/进出口,互联网/电子商务","1.每日统计退货商品明细，周报退货分析至上级，后期跟进采购部处理进程以及结果； 2.每日统计产品未发货信息，在途信息，到货信息，并核算各销售渠道的出货数量，建立单品的出入库明细账，据此将存在滞销风险的商品，断货风险的产品及库存或销售异常的产品日报至上级并提出有效性解决方案，与市场营销部 采购部 仓储部共同商讨处理方案，后期跟进处理进程以及结果； 3.周报供应链健康情况：资金占比分布，库存状态，供应商风险； 4.日跟踪订单计划出货，实际发货，收货反馈的情况，与其他部门沟通查明3者的差异原因，记录并日报反馈至上级； 5.日跟踪订单入库付款情况，将情况日报至上级； 6.协助上级进行资金链管控工作，周统计物流发货计划，与采购部沟通进行未来应付账款预估； 7.协助上级进行财务审核等工作。 1、本科及以上学历（计算机、金融理学、统计学、应用数学、数据挖掘专业优先）,有2年以上数据分析、数据挖掘相关工作经验优先； 2、有独立进行数据分析项目，特别是电商行业数据分析的优先考虑； 3、具有较强的数据分析能力和严密的逻辑思维，擅于通过数据分析发现业务规律； 4、具备较强的抗压能力，能接受加班工作，拥有自主学习能力，乐于接受挑战，保密意识强; 5、具备较强的沟通能力以及工作主动性，能协调带动团队共同努力; 6、具备熟练使用VBA和宏的技能。 1.薪资福利：基本工资+岗位工资+绩效奖金+全勤奖+其他奖金； 2.年年加薪：转正员工根据工作表现每年享有至少1~2次调薪机会； 3.专业培训：业内一流专业师资队伍，为员工提供全方位的专业培训； 4.职业规划：业内一流平台，为员工提供高速成长机会和职业规划； 5.健康关爱：为员工提供一年一次全员全方位的健康体检； 6.团队建设：每月有1~2次部门团队建设活动； 7.日常饮品：无限量提供四季饮料（可乐、雪碧、橙汁、咖啡等）； 8.工作环境：公司的环境时尚、舒适、交通便捷； 9.工作时间：早上8:00-12:00 下午13:00-17:00，大小周休息制度； 10.年终奖金：奖金诱人并有神秘大礼； 11.缤纷节日：生日会、年会、端午节、中秋节……各种节日礼品福利大放送。",2026-03-14
爬虫大数据挖掘分析工程师,超级播（上海）文化传媒有限公司,上海,1.5-3万/月,上海 2年经验 大专 招若干人 03-14发布,民营公司,150-500人,"互联网/电子商务,影视/媒体/艺术/文化传播","1、计算机软件开发等相关专业； 2、软件基础理论知识扎实，具有良好的数据结构、算法功底； 3、精通java, 对分布式计算、数据挖掘有深入了解者优先； 4、熟悉Hadoop、Storm、HBase、Hive等框架者优先； 5、思维敏捷，对工作有较高的热情和驱动力，具有良好的团队合作意识。 6、熟练掌握Python、C#、JavaScript语言，熟悉Scrapy、PySpider等爬虫框架； 7、熟练掌握SQL Server数据库的应用； 8、具有Linux操作系统、MongoDB等文本数据库使用经验者优先。",2026-03-14
大数据开发工程师,博纳德集团,广州-天河区,1.2-2万/月,广州-天河区 5-7年经验 本科 招3人 03-14发布,民营公司,500-1000人,"计算机软件,互联网/电子商务",1、负责数据的提取、BI设计和展示，以及数据运营分析平台的需求分析、设计和基础数据开发； 2、负责个性化内容推荐系统构建及优化，效果改进，持续提升产品体验； 3、负责海量数据的分析、开发、设计等工作； 任职要求： 1、精通Linux操作系统，熟练使用Java、Scala、python、Go中任意一种或者多种高级语言； 2、2年以上大数据实时查询、离线分析、数据存储开发经验，包括HDFS、HBase、Spark等； 3、2年以上大数据PB级海量数据分析、开发，包括 HDFS、HBase、Hive、Spark Sql等； 4、2年以上的流式计算集群开发、优化、运维经验，包括Storm、Spark Streaming、Flink、Kafka等； 5、具有一定分布式系统设计/开发经验者优先； 6、参与过开源项目，为开源社区贡献过代码的优先; 7、本科及以上学历，不少于3年的工作经验,2026-03-14
材料工程转行大数据分析师实习生,青岛青软科技有限公司,青岛-市南区,4.5-6千/月,青岛-市南区 在校生/应届生 大专 招15人 03-14发布,民营公司,50-150人,"计算机软件,互联网/电子商务",岗位职责： 1、完成各项常规数据分析统计工作； 2、数据问题追踪； 3、撰写数据分析报告，为运营、市场提供建议及决策支持； 4、组织专题分析，处理业务相关的复杂专题性需求。 应聘要求： 1、接受转行，应届优先，有志于IT、对IT行业有强烈意愿者。 2、要求大专以上学历，应届优先； 4、计算机、软件、数学、统计学等理工科专业优先； 5、较强的逻辑思维能力,2026-03-14
数据分析师,上海达龙信息科技有限公司,上海-浦东新区,1.5-2万/月,上海-浦东新区 3-4年经验 本科 招2人 03-14发布,民营公司,150-500人,"网络游戏,互联网/电子商务",岗位职责 基于业务需求进行数据开发、数据分析，数据挖掘与数据建模 1）监控业务数据，为重要指标提供预警、监测， 分析各种用户事件的发生场景研究行相关性普通用户的维护和流失判定召回模型等； 2）完成公司运营、营运、渠道推广、财务等方面数据分析工作； 3）完成海量数据提取和模型构建，生成可视化报表和专题分析报告，挖掘业务突破点； 4）基于阿里云等工具，进行ETL操作、进行数据整合和分析，进行快速报表呈现和大屏展示； 5）不断学习进步机器学习算法领域； 岗位要求 1）数学、统计、计算机相关专业本科及以上学历。 2）熟悉SQL、Hive、EXCEL等数据库查询及分析工具，熟练使用SQL语言进行数据分析工作。 3）有一定数理统计和机器学习知识，能使用R或Python进行数据分析、挖掘和可视化 4）良好的逻辑思维能力、沟通能力和团队合作精神。 5）熟悉阿里云大数据开发套件者优先,2026-03-14
大数据开发工程师,四川拓加电子商务股份有限公司,成都-武侯区,1.5-2万/月,成都-武侯区 3-4年经验 本科 招1人 03-14发布,民营公司,150-500人,"互联网/电子商务,贸易/进出口",1、负责大数据采集优化处理、大数据分析的模型优化、大数据治理的问题数据处理。任务调度与监控 2、负责公司核心产品平台的架构设计、开发、优化及运营工作； 3、参与产品及系统的需求调研和需求分析，撰写相关技术文档； 4、不断解决规模增长带来的技术和业务问题，构造高度稳定可用的大数据分布式系统，支撑海量数据分析、数据挖掘、机器学习等场景，提升线上产品效果与线下运营效率。 任职要求: 1、全日制高校本科以上学历，计算机或相关专业，3年及以上相关工作经验； 2、熟悉J2EE体系架构，熟练掌握Spting、Mybatis、Spring MVC、Spring Cloud、SpringBoot等开源框架 3、熟悉Linux系统环境下的部署，精通数据库MySQL，熟悉缓存技术Redis，熟悉MQ等； 4、熟悉Hadoop、Hive、HBase、spark等相关开源项目，有一年以上从事hadoop分布式系统的设计、开发、运维工作经验 5、学习能力强，有优秀的逻辑思维能力和业务需求分析能力，良好的沟通交流能力，能够迅速融入团队； 6、有安全相关项目经验者优先； 7、有参与开源项目并贡献过代码/patch者优先，在各大技术论坛或峰会分享者优先。,2026-03-14
数据分析师（节假日+五险）,武汉师学思大教育科技有限公司,武汉-洪山区,4.5-6千/月,武汉-洪山区 1年经验 大专 招1人 03-14发布,民营公司,150-500人,教育/培训/院校,"岗位职责： 1、 负责销售数据的分析工作，为销售部门制定销售策略提供数据支持，业务分析体系搭建； 2、负责每日、周度、月度、年度的销售相关数据分析； 3、日常报表的汇总分析，针对问题呈报解决方案； 4、完成公司业务专项分析，输出核心业务报告，为管理层战略决策提供支持； 5、完成领导安排的其他工作。 任职要求： 1、优秀的商业洞察力、分析能力和敏锐的数据洞察力及良好的服务意识； 2、熟练使用excel,特别是数据透视表和函数功能； 3、较强的沟通协调表达能力和执行力； 4、1-2年数据分析工作经验者优先。 【员工活动】公司为您提供各种活动； 【节日福利】逢节假日，公司将为员工发放节日礼品； 【下午茶】公司不定期提供下午茶福利； 【学习提升】入职满一年以上员工可免费学习公司内部所有课程；",2026-03-14
游戏数据分析师,广州千骐动漫有限公司,广州-天河区,1-1.5万/月,广州-天河区 本科 招14人 03-14发布,民营公司,50-150人,"网络游戏,影视/媒体/艺术/文化传播",岗位职责： 1、通过游戏版本数据监控、数据报表、数据分析等方法，帮助管理团队分析各类关键数据，驱动业务优化迭代，完成目标； 2、能够理解内容、产品、用户，通过数据分析洞察业务关联，项目运营中日常数据监控分析 3、根据各类数据结果，并根据用户需求，提出与业务相关的调优解决方案，对正常以及异常用户统计异常数据，进行跟踪、查找原因，并给予解决 4、完成数据获取、数据报表、数据分析、数据建模等各类数据产品； 5、完成领导安排的其他工作。 任职资格： 1、对数据敏感并有很强的洞察能力，快速从繁杂数据中发现问题； 2、极强的业务学习能力，能够把数据和业务紧密联系； 3、优秀的协调和沟通能力，能够推动数据和运营方案实施； 4、熟练使用数据处理软件，熟练与数据源交互（包括不限于SQL，Excel，Python，R） 5、有游戏从业、参与过内容运营项目的经验优先。,2026-03-14
数据分析师,广州仕大商贸有限公司,广州-天河区,3-5千/月,广州-天河区 1年经验 大专 招1人 03-14发布,民营公司,150-500人,"互联网/电子商务,贸易/进出口",岗位职责 1.关注亚马逊美甲产品动态，利用数据分析软件对亚马逊市场进行市场调查和数据处理，为产品开发提供数据支撑。 2..通过各种数据软件，负责对拉取到的亚马逊数据收集整理、汇总，对内部数据的特征进行深加工。 任职要求 1.扎实的统计学、数据分析、数据挖掘基础和统计建模能力。 2.具备大数据的处理能力，能使用R/python等分析工具，熟练使用SQL者优先。 3.学习研究能力强，分析逻辑严谨，具有亚马逊产品（美甲类）数据分析经验者优先。 4.工作细致耐心，责任心强，有较强的沟通和理解能力，良好的团队协作精神和执行力。 我们的团队年轻：由90后组成，热情活泼，思维活跃，创意新颖，充满朝气，充满激情，勇于拼搏。 【晋升空间】 1. 公司前景好，市场发展有优势，升职空间大提拔比例高，3-6个月（从助理--专员--高级专员--副主管--资深副主管--主管等）。有努力就会成功，机会永远等待有准备的人，自信你就来！ 2. 95年（出生）入职3个月半年担任部门主管/经理等，这里只相信能力，敢拼才会赢。 【薪酬与福利】 1. 底薪+全勤奖+绩效奖/提成； 2. 购买六险； 3. 享受国家法定节假日、婚假、产假 ； 4. 在职员工享受年终奖 ； 5. 每年有固定调薪及不定时加薪； 6. 有每月活动津贴（美味多姿下午茶、羽毛球、烧烤等等） 7. 每月评比突出员工奖及突出管理奖； 8. 节日福利、年度旅游； 9. 公司提供冰箱与微波炉大家使用； 10.加班津贴。 【上班时间】9:00—12:00，13:30—18:00，每天7.5小时 【乘车路线】 地铁：6号线植物园站D出口沿迎龙路步行至龙福路九龙城后面； 公交：乘坐28/30/39/775公交车到迎新路口站九龙城后面,2026-03-14
数据分析师,上海益玩网络科技有限公司广州分公司,广州,1.5-2.5万/月,广州 3-4年经验 大专 招1人 03-14发布,民营公司,150-500人,"网络游戏,互联网/电子商务",岗位职责： 1. 负责游戏投放数据监控、预警、分析、挖掘工作，为广告投放优化提供数据支持； 2. 定期对广告投放渠道数据分析，甄别流量质量，发现潜在问题，挖掘产品潜力，提出合理执行建议； 3. 开展专题式深度研究，分析数据模型、数据检验、产出分析报告，指导产品调优、运营策略制定； 岗位要求： 1. 本科及以上学历，3年以上游戏或互联网数据分析经验；数理逻辑清晰，数据敏感度高；数学、统计学、计算机等和数据处理高度相关专业； 2. 熟悉游戏业务指标使用方法及场景，能够独立完成游戏业务分析； 3. 熟悉当下信息流投放渠道，包括但不限于今日头条，百度，广点通等； 4. 熟悉Hive、SQL语句；掌握python、scala等其中一种脚本语言； 5. 具有一定的数据挖掘、LTV模型、预测能力； 6. 良好的沟通能力、文档表达能力、部门协作能力； 7. 出色的学习能力，能够快速融入业务。,2026-03-14
商品数据分析师/专员,湖州创鼎实业有限公司,湖州,0.8-1万/月,湖州 3-4年经验 大专 招1人 03-14发布,民营公司,150-500人,"服装/纺织/皮革,计算机软件",岗位职责： 1. 负责搭建品牌运作基础数据管理体系； 2. 负责梳理各重点业务板块关键数据控制体系及流程（商企、拓展、运营、库存管理等）； 3. 负责对公司日常数据管理过程进行指导、监控及管理，针对数据预警及时作出汇报并提出可行性建议； 4. 利用数据管理，定期对品牌运作开展月度/季度分析，并形成报告； 5. 负责参与品牌经营相关商企制定、商品订/补货、活动波段制定、门店选址优化等各方面的会议，为公司相关决策提供数据支撑。 岗位要求： 1、大专及以上学历，统计学、计算机等专业； 2、两年以上相关数据分析工作经验，逻辑思维清晰，具备商品企划数据分析经验优先； 3、熟悉基本的服装商品企划思路和方法策略，擅长商品交易的数据分析，对数据变化敏感，能够依据数据制定出合理的可实施的改善意见和方案； 4、 掌握基本的统计方法，熟练使用SQL，熟悉至少一种数据库软件（如：ORACLE、MYSQL、SQL Server、SAS等），能够熟练的利用Excel进行数据整理和编辑、统计分析和高级分析； 5、实事求是，数据驱动，结果导向，不惜代价，同理心强，推动力强； 6、了解跨境电商服装行业，具有相关行业的数据分析工作经验者优先。,2026-03-14
数据仓库开发工程师,杭州湖畔网络技术有限公司,杭州-西湖区,1.8-3万/月,杭州-西湖区 招1人 03-14发布,民营公司,150-500人,互联网/电子商务,岗位职责： 1、参与数据仓库设计、建模以及ETL开发； 2、规划及建设公司数据基础平台、数据分析平台； 3、完成日常数据同步、清洗、统计分析，支撑各业务线报表运行。 岗位要求： 1、计算机、数据等相关专业本科以上学历，五年以上数据相关工作经验 2、能熟练使用SQL开发数据脚本，熟悉java或python； 3、具备数据仓库架构设计、模型设计、ETL设计，调度的相关经验； 4、具备海量数据处理、性能调优经验者优先； 5、有阿里云数据仓库相关经验者优先。,2026-03-14
数据工程师,静瞳海外投资顾问（深圳）有限公司,深圳-福田区,1.5-3万/月,深圳-福田区 5-7年经验 硕士 招1人 03-14发布 英语良好,外资（非欧美）,50-150人,"专业服务(咨询、人力资源、财会),中介服务","岗位描述： 1、负责Mysql，redis，mongdb等常用数据库的建立和运维； 2、负责数据库架构设计及部署，数据库数据及接口标准化; 3、负责爬取项目所需数据，并对数据进行清洗、解析等； 4、对项目所需的数据进行统计、整理、分析。 职位要求： 1、计算机相关专业本科及以上学历，985/211高校优先； 2、三年以上数据处理及数据分析经验； 3、精通python或C#； 4、熟悉Pandas，Numpy，scikit-learn,Keras,Scrapy等类库； 5、熟悉机器学习算法，回归模型，CNN神经网络模型，自然语言模型，LDA、Text Blot、VADER、NLTK等优先。 6.熟悉或做过vnpy系统项目优先 其它： 1.薪资结构优于同行；五险一金； 2.交通便利，工作场所甲级写字楼、冰箱，微波炉等； 3.弹性上班和周末双休； 4.公司项目发展空间大，个人成长和展示机会多； 5.团队两位来至美国名校硕士、博士和两位来自于英国的博士； 6、公司网址：http://www.irispacific.com/ 7.如果方便的话也可以加微信1653902653沟通。",2026-03-14
数据分析师五险一金双休,江苏婷好软件科技有限公司,南京,3.5-5.5千/月,南京 大专 招2人 03-14发布,民营公司,50-150人,计算机软件,任职要求： 1、熟悉市场，掌握基础业务知识； 2、熟练使用Word、Excel等办公软件； 3、有较强的学习能力、归纳能力，对数据敏感，计算机操作熟练； 岗位职责： 1、按时、准确的提供各指标的日数据报表； 2、针对相关日报、周报、月报等不定期数据报表制作的准确性与及时性； 3、数据报告分析的可参考性；合理的对问题点进行深入分析； 4、准确及时提供战情会议数据并制作会议报告； 5、与各单位相关人员保持有效沟通。,2026-03-14
数据分析师/数据专员,江苏蒙亿网络科技有限公司,南京-玄武区,3.5-5.5千/月,南京-玄武区 大专 招2人 03-14发布,民营公司,50-150人,"互联网/电子商务,广告","工作职责： 1， 负责数据采集、汇总； 2， 收集、整理、汇总、各项目数据，进行数据分析； 3， 汇总业务数据，定期完成相关业绩数据的分析和关键点提炼； 4， 数据库管理等其他相关工作。 任职资格： 1， 熟练掌握办公室软件应用，熟练使用EXCEL等软件； 2， 对数字敏感，有较强的逻辑思考和数据分析能力，热爱信息收集和市场研究工作； 3， 工作态度积极勤奋、认真、踏实严谨、讲求效率、乐于接受挑战； 4， 大专以上学历，有相关工作经验者优先,无经验可从实习生做起。 福利待遇： 【工作时间】周一至周五，朝九晚六，周末双休； 【薪酬】富有竞争力的薪酬水平和项目提成； 【奖金】绩效奖金、项目奖金、年终奖金； 【社保】五险一金：医疗、生育、工伤、失业、养老保险及住房公积金；",2026-03-14
数据分析师,中山万先丰贸易有限公司,中山,0.9-1.5万/月,中山 3-4年经验 本科 招1人 03-14发布,外资（欧美）,150-500人,贸易/进出口,【职位描述】 1、了解公司运营情况，提供系统/软件建议及指导，以帮助团队更高效地进行数据收集、整合、分析及共享。 2、完成数据采集工作，并进行组合分析、研究评估和有效利用。 3、设计数据分析图表和分析报告，提出解决问题对策和业务发展及团队管理的建议。 4、建立相应的数据分析方法和流程，完善公司和部门数据的储存和数据库的搭建。 【任职条件】 1、具有4~5年数据分析的相关工作经验，计算机、统计学、应用数学、信息管理等相关专业可优先考虑。 2、掌握数据挖掘和分析的常用方法，熟练使用SQL数据库、SPSS、EXCEL，PPT等软件操作，具备应用能力。 3、具备良好的沟通能力，根据软件知识、公司业务及流程进行数据讲解，能将信息准确清楚传达给别人，并且能理解别人表达的意思，遇到问题能主动及时反馈与汇报。 4、具备良好的逻辑能力，能够独立开展数据分析和建立分析模型，并运用有效的软件工具、图表制作和分析报告提出有指导性的发展建议。 5、遵守职业道德，严守公司的商业秘密。 6、虚心好学，为人亲和，有团队合作精神，工作细心度够高。能够主动承担工作任务并认真完成，具有工作热情。 【上班时间】 星期一 7:00-14:30（含早餐与午餐时间1.5小时） 星期二至五 5:30-15:00（含早餐与午餐时间1.5小时） 星期六 5:30-13:00（含早餐与午餐时间1.5小时） 【薪金待遇】 考核期两个月：9820-15220元/月（包含：日勤奖、交通补贴、话费补贴、就餐补贴等，合计超过730元）。 考核期后按部门薪酬制度执行。 【晋升方向】 为使职工可以不断提高自身能力和价值，营运支持中心职工晋升专员职称后，可根据自身岗位发展目标和方向需求，选择不同路线晋升： “团队发展方向”：专员---组长---主管 “个人发展方向”：专员---研究员 新人入职后通过考核即可晋升，考核遵循公开透明的原则，一切以能力为先。 【在职培训】 1、入职初期，公司会安排相关导师指导新人，帮助新人尽快融入公司和熟悉工作内容。 2、公司将定期为在职同事提供职业发展培训，帮助在职同事寻找未来职业方向，实现发展目标。 如果你积极上进，不甘平凡，渴望过上快乐工作、快乐生活的日子，赶快加入万先丰吧！ 我们为你提供丰厚的收入以及良好的晋升平台！ ◆◆请求职者留意，关于网站招聘，我司目前只跟【前程无忧网】和【国际人才网】合作，请勿相信其他网站的招聘信息。对我司岗位有兴趣的求职者可在【前程无忧网】和【国际人才网】投递简历，或把简历发送至招聘HR邮箱：recruitment@wxftrading.com并留言应聘岗位），谢谢！◆◆,2026-03-14
大数据开发工程师,维恩贝特科技有限公司,重庆-渝北区,1-2万/月,重庆-渝北区 3-4年经验 本科 招若干人 03-14发布,民营公司,500-1000人,计算机软件,工作职责: 1、负责核心数据中台产品开发； 2、负责离线/实时数据计算的开发，维护； 职位要求： 1、本科及以上学历，计算机等相关专业，3年以上大型互联网产品或分布式系统开发设计经验； 2、熟练掌握Java语言，熟悉Shell或Python等一种或几种脚本语言，熟悉Linux环境，掌握常见的数据结构和算法（必要条件）； 3、有Flink、Hive、Spark、Hbase、ES、Druid开发经验者优先； 4、有阿里云大数据平台开发经验优先，有OLAP，多维度数据分析经验优先； 5、热爱大数据和技术，学习能力强，认同数据价值，有面向业务的思维； 6、严谨的逻辑思维，善于合作喜欢有挑战性的工作；,2026-03-14
电商数据分析师,广州大江运营管理有限公司,广州-花都区,0.6-1.2万/月,广州-花都区 2年经验 大专 招1人 03-14发布,民营公司,150-500人,"奢侈品/收藏品/工艺品/珠宝,互联网/电子商务",工作职责: 1、 负责店铺日常运营数据和活动数据处理，运用生意参谋、数据银行等官方工具， 熟悉阿里大数据体系及产品者优先； 2、能够深入理解行业品牌/产品特点，结合运营痛点和市场挑战提供定制化的行业 策略分析、数据运营规划思路及落地执行建议； 3、 针对平台活动、竞品、业务指标等效果，定期做出数据分析报告； 4、处理其他数据分析需求。 任职资格: 1、熟悉使用天猫平台的生意参谋和数据银行软件优先， 2年以上数据分析或市场研究咨询相关工作经验，有公司数据办公系统开发经验 者优先； 2、良好的数据敏感度，能独立完成数据提取和处理、可视化、分析与建模； 3、 精通SQL、Excel、PPT等办公软件，熟练使用SPSS/R/python任意一种软件； 4、乐于接受新事物，具备较强的分析、解决问题能力和沟通能力； 5、 有责任心抗压性强，工作积极主动。 福利待遇 1、大小周休息。上班时间 上午9:00-11:50 下午13:20-18:30 2、公司提供中晚餐、每月房补500元； 3、购买社保，工龄工资满一年每月发放100元补贴，五年500元封顶； 4、每周3-4次员工水果提供，每月2-3次丰富下午茶； 5、娱乐设施免费玩：双人格斗游戏机、水果机、娃娃机； 6、每年3-4次部门聚餐、1-2次公司全员聚餐，年度旅游每年1次； 7、每1-2个月举行1次员工生日会；当然还有各种节日福利; 8、春节期间车补：300-500元; 9、奖金待遇方面：年终奖.,2026-03-14
大数据研发工程师,咪咕文化科技有限公司,北京,,北京 硕士 招1人 03-14发布,国企,,计算机软件,1.根据系统中心平台发展规划，完成平台的架构演进开发工作； 2.根据业务需求独立完成相关代码设计工作； 3.负责相关业务IT系统平台开发需求规格说明书，详细设计说明书和操作手册等工程文档编写； 4.完成后续运维工具开发工作，以及网上问题定位分析工作。,2026-03-14
大数据开发工程师,北京先进数通信息技术股份公司,成都-青羊区,0.6-1.2万/月,成都-青羊区 1年经验 本科 招3人 03-14发布,上市公司,1000-5000人,"计算机软件,计算机硬件",技能要求： ETL，Hadoop，数据库开发，Hive、Oracle，SQL 工作职责： 1.有ETL或大数据开发经验，能独立开发 2.有大数据开发经验，基本需能编写HSQL 3.最低保障本科二本 毕业2年及以上，经验可处理 4.人员沟通无障碍，基本能听指挥，能接受一定量的加班 5.初期开发目标：银行产品、客户、经营类分析等指标建设 工作要求： 1、必须熟悉其中一种开发工具：ETL、Oracle、cognos、kettle、datastage；本科计算机相关专业，毕业后满2年工作经验 2、具备2年或以上etl数据处理相关开发经验 3、拥有2年以上SQL、shell脚本编写经验 4、掌握Hadoop Hive-HQL 基础技能,2026-03-14
CDP资深数据分析师,上海达美乐比萨有限公司,上海-徐汇区,2.5-3万/月,上海-徐汇区 5-7年经验 本科 招1人 03-14发布,外资（欧美）,1000-5000人,餐饮业,职责范围Area of Responsibilities: ? 负责协助大数据平台CDP的搭建、开发、以及主要负责管理业务数据平台 ? 与IT、第三方供应商合作，根据业务需求，梳理协调数据流程，以搭建大数据平台 ? 梳理数据埋点需求(产品、行为、网路轨迹等)，监督埋点流程，确保数据采集完整准确 ? 负责大数据平台各场景下业务分析、数据治理、应用场景识别、标签体系建立方案 ? 基于大规模用户数据，运用机器学习数据挖掘的理论和方法，建立和优化通用或特定领域内的用户自然属性、画像模型、产品模型、预测模型等 ? 根据公司产品和业务需求，利用数据挖掘等工具对多种数据源进行诊断分析，建立分析模型并优化，为公司运营决策、产品设计等方面提供数据支持 ? 分析运营效果，包括不仅限于活动运营、用户运营、为精细化运营提供数据支持 工作经验Work Experience: ? 本科以上学历，统计学、计算机、数学等相关专业硕士及以上学历 ? 至少7年以上大数据相关数据建模、分析、实际项目经验 ? CDP 相关产品任职经验，有 0-1 完整项目 ? 有很强的数据库及SQL能力，谙熟mysql、PostgreSQL等主流数据库，熟悉mpp类数据库（GP、Gbase、TD等），了解NoSQL和NewSQL数据库； ? 熟悉Python、Java、Hadoop、HDFS、Hbase、Hive、Spark、Flink、MR、SAS、R等开发语言、工具和统计分析软件为优先 ? 有数据仓库、数据建模、ETL过程、元数据管理、数据质量管理等经验 ? 有数据挖掘、标签产品、用户画像、埋点数据、行为监控、规则引擎、BI经验者 ? 熟悉数据挖掘理论与方法，如聚类分析，决策树，逻辑回归，关联规则等 ? 对线上线下商业场景用户标签设计和模型有成熟的方法论和应用经验 ? 具有较好的需求理解能力、表达沟通能力和讲解能力，逻辑结构强 ? 对业务敏感，善于通过数据分析主动发现业务中的可提升的点并提出解决方案 ? 适应互联网、数字化产业的工作环境，具有良好的抗压能力。,2026-03-14
软件开发工程师（JAVA、GIS 、WEB前端、大数据开发）,北京辰安科技股份有限公司,合肥,,合肥 硕士 招10人 03-14发布,上市公司,,计算机软件,计算机、软件工程、地理信息系统、GIS、遥感、数学相关专业,2026-03-14
高级数据工程师（金融方向）,重庆炬鑫企业管理咨询有限责任公司,异地招聘,25-100万/年,重庆-渝北区 10年以上经验 本科 招2人 03-14发布,民营公司,少于50人,"专业服务(咨询、人力资源、财会),中介服务",1. 针对公司的供应链金融等信贷新业务，搭建数据团队、量化风控团队，并建立健全团队管理制度流程。 2. 协调集团的IT部门、第三方公司等资源，建设数据分析和量化风控全流程体系，设计和改进量化风控工具，制定基于数据的量化风险管理政策。 3. 培养数据分析和量化风控骨干，建设量化风控人才梯队，打造人员稳定、技术优良、战斗力强的量化风控队伍。 4. 为产品和业务组合的风险监控（包括流动性风险、风险在值、压力测试、市场风险、信用风险等）提供独立意见。 5. 执行集团的量化风控其他工作。 任职资格： 1. 35-45岁，数学、统计或相关专业全日制统招本科以上学历，硕士以上优先。 2. 八年以上工作经验，其中至少五年以上国内外大中型金融机构或风控项目咨询公司数据分析、量化风控相关岗位经历。经验、条件或能力等方面特别优异者可适当放宽。 3. 数据分析功底扎实，有很强的建模能力，熟悉量化策略和国内消费金融风险现状。 4. 有一定团队管理经验，能搭建和带领团队达成目标，培养团队能力。 5. 年富力强，能承受高强度的工作压力。 6、金融行业数据工程师、首席数据官、互联网金融数据决策等任职经历优先。,2026-03-14
高级数据分析师 (MJ002756),欢聚集团,广州-番禺区,1.5-3万/月,广州-番禺区 3-4年经验 本科 招1人 03-14发布,民营公司,1000-5000人,"互联网/电子商务,网络游戏",【岗位职责】： 1、根据业务需求对数据进行处理、分析和评价，发现并跟踪过程中产生的问题，并能与业务一起跟进至业务问题圆满解决； 2、能够以整个项目营收和DAU高度为目标，理解并结合各职能部门（渠道、产品、运营、内容等）职责，拆解KPI，贯通KPI，并不断监控过程、优化方案； 3、能够用数据描绘清楚业务状态，并与业务部门一起建设业务分析模型，不断评估和优化业务分析模型，帮助业务暴露问题，挖掘业务优化点； 4、分析海量用户行为数据，优化用户生命周期流程，帮助提升用户规模 ，实现用户增长； 5、有业务大盘数据可视化相关项目经验更佳、有从业务角度主动打造数据产品服务项目经验更佳（项目负责人而非参与方） 【岗位要求】： 1、本科及以上学历，理工科相关专业，5年以上相关数据分析经验； 2、具备数据敏感性和探知欲、分析、解决问题的能力，能够承受工作中的压力； 3、深刻理解数据的业务转化价值； 4、工作主动性强，具备良好的横向跨部门沟通技巧、清晰的逻辑、良好的语言表达、数据呈现能力。,2026-03-14
数据分析师,深圳市钱大妈农产品有限公司,深圳-南山区,0.8-1.5万/月,深圳-南山区 3-4年经验 大专 招2人 03-14发布,民营公司,1000-5000人,"生活服务,批发/零售",对农产品用户的消费习惯、特征进行分析，并能挖掘潜在市场人群、购买力、消费偏好、消费趋势并形成分析报告，对商业上的品类规划、市场定位、商品定价等起到决策辅助使用。 根据市场需求、大淘系数据、业务目标，对农产品的货品进行归类分层、挖掘和提炼，形成 商品力 定价 模型，并依据商品力匹配供货渠道；按周 月制定各品类滚动销售预测。 任职要求： 有较强的商业敏锐度，能及时发现和分析业务潜在的问题和机会，能独立完成数据分析报告。 数据敏感度及外部行业数据获取能力强，能从大数据中发现问题并提供解决思路。 较强的沟通能力与资源整合能力，能独立跟进项目。 熟练运用 、 等分析工具进行取数及深度商业分析，具有建模能力者优先。 有两年及以上商业数据分析工作经验优先。,2026-03-14
大数据开发工程师,北京百家互联科技有限公司,北京,,北京 本科 招5人 03-14发布,上市公司,,计算机软件,岗位职责： 1、负责大数据核心业务需求开发； 2、负责大数据平台系统设计和开发； 3、参与数据平台的监控、维护与优化。 任职资格： 1、本科及以上学历，计算机相关专业； 2、熟悉hadoop相关技术，包括Mapreduce、Hive、Storm； 3、熟悉python、java等至少一门语言的使用； 4、熟练掌握mysql数据库的使用； 5、对大数据技术有兴趣和热情，对工作有强烈的责任感，有较强的学习能力和创新精神。,2026-03-14
数据分析师,上海汇正财经,上海,0.8-1.5万/月,上海 1年经验 本科 招1人 03-14发布,民营公司,500-1000人,"金融/投资/证券,互联网/电子商务","日常工作任务及职责： 开发数据跟踪，包括但不限于以下内容： 1、营销中心总体资源利用效率以及各部门资源利用率监控； 2、通过数据分析，建立营销中心人员素质模型及开发风格模型，观测人员效率； 3、分析资源渠道与人的开发风格的匹配度，为资源更合理分配提供有效建议，不断优 化开发效率； 任职资格： 教育水平： 本科及以上 专业：统计分析类优先 培训经历： 无硬性要求 工作经验： 1 年；有分析类工作经验优先考虑 知识要求： 统计分析/了解基本金融基础知识优先 技能要求： 熟练掌握 excel 函数/熟练运用数据库读取/能够运用分析软件协助工作者优先 个人素质：结果导向，卓越执行，态度端正；逻辑分析能力强/抗压性强 入职提供完善的带薪培训，缴纳五险一金，我们也有年终奖、带薪年假、免费旅游、节假日礼品、生日会、每年免费定期体检等福利。公司每层楼都备有供员工休息的茶水间，内有自动贩卖机、冰箱、微波炉、图书角等设备；每周定期举办瑜伽班和羽毛球篮球俱乐部等活动。 汇正财经官网：http://www.shhzcj.com 汇正财经，97年成立，拥有20几年的历史，是中国证监会首批颁发认证的专业投资咨询机构，执业资格证书编号ZX0011,属于全国84家投顾公司之一。现有规模700人以上，主要是做证券股票信息咨询服务，公司基于核心证券投资咨询业务，提供证券研究报告、金融数据分析、软件服务、资讯传递及投资培训等产品。 地点：上海市普陀区中江路388弄新城控股大厦B座20楼（上楼需刷卡，可让大堂保安或前台帮忙刷下卡） 乘车路线：地铁13号线大渡河路3号出口出至中江路，沿中江路向南步行10分钟左右 如果您对这个岗位感兴趣，欢迎投递简历，加入汇正大家庭~",2026-03-14
数据开发岗,北京新能源汽车股份有限公司,北京,,北京 硕士 招1人 03-14发布,国企,,汽车,"岗位职责： 1、数据平台开发,负责各项目海量日志信息收集、分析/查询；负责分布式存储、计算及调度等功能的代码实现；协助建立并完善数据的分析挖掘流程及体系； 2、业务分析开发， 实现业务逻辑大数据平台开发工作；优化数据平台上的业务的代码实现逻辑。",2026-03-14
大数据开发工程师（实习生）,云计算分公司,上海,,上海 本科 招4人 03-14发布,国企,,通信/电信/网络设备,工作职责 1、参与大数据平台的组件开发与集群运维工作 2、参与大数据Pass产品的开发工作 任职要求 1、全日制统招本科及以上学历，计算机科学与技术类、信息与通信工程类、数学类、电子科学与技术类、控制科学与工程类、电子与信息类等相关专业在校生，可实习3个月以上； 2、具有良好的程序设计和实现能力，熟悉Java语言，深入理解JVM； 3、熟悉数据库和Linux系统相关知识，了解大数据相关技术； 4、熟悉hadoop ecosystem常用开源框架者优先，如Hadoop/flink/spark等； 5、做事严谨踏实，责任心强，条理清楚，善于学习总结，有良好的团队合作精神和沟通协调能力。,2026-03-14
算法工程师—数据处理,南京楚航科技有限公司,南京,,南京 硕士 招2人 03-14发布,外资（欧美）,,计算机软件,1.77GHz/79GHz 毫米波雷达数据处理算法开发，负责雷达系统数据处理算法仿真设计; 2.负责毫米波雷达点迹聚类、关联、跟踪等功能算法; 3.设计应用场景和相关测试用例，并针对各种应用场景对算法和软件进行测试优化; 4.撰写相应的设计文档，负责算法知识产权工作; 要求： 1.了解77GHz雷达的目标检测方法，精通多目标的分类和跟踪；精通数据融合的专业知识，掌握数据关联（NN、PDA、JPDA、MHT等）滤波（KF、EKF、UKF等）等基本算法; 2.有较强的数学功底、熟悉统计信号处理理论，精通系统状态估计、非线性优化的知识和方法;,2026-03-14
数据分析师（代招）,珠海元朗食品有限公司,珠海-珠海高新...,4.5-6千/月,珠海-珠海高新区 1年经验 本科 招1人 03-14发布,合资,500-1000人,快速消费品(食品、饮料、化妆品),1、本科及以上学历，数据统计学，经济学及相关专业； 2、表格精通，基本函数运用熟练； 3、熟练掌握办公软件； 4、具有较强的沟通表达能力，逻辑分析能力； 5、具有数字敏感度，严谨细致。,2026-03-14
大数据研发工程师-暑期提前批,趋势科技（中国）有限公司,南京-雨花台区,1.5-2.5万/月,南京-雨花台区 在校生/应届生 本科 招若干人 03-14发布,外资（欧美）,500-1000人,"计算机软件,计算机服务(系统、数据服务、维修)",工作职责: 作为一名大数据研发工程师，你将会参与到趋势科技大数据处理平台的建设和运维。你日常的工作包括但不限于 1. 理解业务需求，设计和实现业务数据收集，清洗和管理等相应批处理和流式处理技术方案 2. 基于数据分析，提供高效的大数据分析平台和数据可视化，从而推动业务发展和创新 3. 大数据平台运维 任职资格: 1.本科、研究生及以上学历，计算机、软件、数学、人工智能等相关专业 2.有较为扎实的计算机知识和强烈的求知欲和探索精神，热爱专研技术并优秀的工程实践能力 3.精通C++、Java、Python或Go等至少一门语言 4.熟悉大数据处理和存储相关技术如Spark/Flink/ElasticSearch/Kafka/MongoDB等， 并有相关经验者优先 5.熟悉微服务设计和实现，以及Kubernetes，Istio等相关技术，并有相关经验者优先 6.熟悉云计算如AWS相关技术栈Kinesis/SQS/EKS/Lamda/EMR/DynamoDB等， 并有相关经验者优先,2026-03-14
数据分析师,天行数科（上海）信息科技有限公司,上海,0.6-1.2万/月,上海 2年经验 本科 招若干人 03-14发布,民营公司,50-150人,"计算机软件,计算机服务(系统、数据服务、维修)",岗位职责： 数据的建立、整理、核对及分析，数据分析报表的整合和规范、优化. 1.数据处理工作：清洗、整合数据； 2.接收并整合各个资方的贷后数据，负责贷后数据报表的开发，优化报表展示逻辑，供部门及管理层做决策依据； 3.负责日常部门数据报表的设计、报送，建立部门每日、周、月、季、年度数据分析报表； 4.负责催收数据的整理、分类，定期分析区域和人员的催收效果； 任职要求： 1.数学、统计、计算机、金融等相关专业全日制本科以上学历； 2.一年以上信贷行业数据工作经验，有过数据报表开发经验则优先； 3.熟练使用excel，并掌握至少一种数据分析工具，如Python/SAS/R等，能独立完成数据清洗工作； 4.热爱数据分析或挖掘，对数据敏感； 5.良好的沟通能力和团队协助能力，抗压性好，愿意接受挑战性工作；,2026-03-14
金融数据分析师助理（双休+朝九晚六）,广东兆丰恒业黄金有限公司,广州-天河区,0.5-1万/月,广州-天河区 无需经验 中专 招5人 03-14发布,民营公司,50-150人,金融/投资/证券,职业特点 1.收入可观，优秀的工作者收入丰厚。 2.独立运作自身的交易系统，不断完善交易风格和思路，使账户达到持续增长。 3.挑战性强，给不甘平庸，渴望挑战的人士一个充分施展才华的空间。 岗位要求： 1.年龄22-36岁，性别不限，中专及以上学历； 2.对金融投资领域有浓厚的兴趣，立志在行业长期发展，有无经验均可投简历，岗前有系统全面的培训，入职后针对岗位也有强化培训。 3.具备较强的心理承受能力，思维敏捷、头脑灵活、反应迅速； 4.能看懂K线图，有股票、期货、股指期货等证券领域操作经验优先录取。 5.强烈的盈利欲望、抗压能力强、对公司资金高度负责，立志成长为优秀的操盘手。 6.有经济、金融相关知识背景，有良好的发展前景，经济金融专业大学专科及以上学历。 7.对工作充满热情，善于分析，能够保持冷静的交易思路和制定合理的交易策略，有集体荣誉感。 8.有数据分析、统计的细心和耐心，思维敏锐，对数字敏感。 岗位职责： 1.操作交易账户，并对数据进行分析和研究； 2.根据公司要求，严格执行交易规则； 3.在公司技术操作总监的指导下，并结合自身的观点，完成每月盈利任务。 4.本岗位是属于技术岗位，无需外出拉客户，男女不限，沉着冷静，知识面较广的更佳 薪资待遇： 1.试用期1个月：底薪3500+提成+奖金； 2.转正后：底薪5000+提成+奖金； 初级操盘手：底薪6000+提成+奖金； 高级操盘手：底薪8000+提成+奖金+分红 资深操盘手：底薪11000+提成+奖金+分红 福利待遇： 1.公司每年都会举行的聚餐、户外活动、出国旅游等； 2.公司位于天河区中心地段，舒适的办公环境，良好的工作氛围，互帮互助的学习热潮，公司有冰箱，微波炉，方便我们的同仁。 3.工作时间：周一至周五 上午9:00-12:00，下午14:00-18:00，周六周日双休，法定节假日带薪休假。 公司名称： 广东兆丰恒业控股集团有限公司 联系电话：18922770449 联系人：李经理 乘车路线：地铁3号线石牌桥站A出口向右前100米（公交BRT石牌桥站） 地址：天河区天河路230号万菱国际中心39楼 注：请携带身份证原件在楼下前台登记,2026-03-14
大数据开发工程师,深圳微品致远信息科技有限公司,深圳-南山区,1.2-2.5万/月,深圳-南山区 2年经验 大专 招1人 03-14发布,民营公司,150-500人,"互联网/电子商务,计算机软件",岗位职责： 1. 负责大数据Hadoop平台组件（如HDFSYarnHBaseSparkHiveSolrSqoopOozieFlumeKafka等组件)的研发、维护及优化； 2、负责大数据平台开发和维护，负责海量据的处理、分析、挖掘； 3、负责大数据分析模型的开发、优化； 4、负责高并发、大存储的数据系统，实时计算处理系统的研发； 5、完成上级领导交办的临时性工作任务。 任职要求： 1、计算机相关专业专科及以上学历； 2、有扎实的Java语言基础，对java8有一定的使用经验，熟悉Scala语言者； 3、熟悉Hadoop 2.0以上版本体系结构、各个模块的功能，对Hadoop生态圈有较全面了解； 4、对Hive、HBase、MapReduce、Spark有深入了解，能熟练编写MapReduce程序和Spark程序； 5、具备机器学习算法理论基础，如分类、聚类、推荐、关联规则，具备相关项目经验为佳； 6、有电信运营商及其他TOB数据处理工作经验，数据分析和挖掘经验者优先。,2026-03-14
大数据开发工程师,北京金山云网络技术有限公司,北京,,北京 本科 招1人 03-14发布,民营公司,,计算机软件,岗位职责： 1.负责对外数据服务和内部数据平台的开发迭代 2.参与数据分析过程，应对多样的业务场景，攻坚开发过程中的技术问题 3.持续改进并优化平台性能，支撑业务的快速发展 4.和上下游进行良好沟通合作，转化数据业务需求为平台服务计算 岗位要求： 1.扎实的数据结构及算法基础，理解面向对象设计的基本原则，熟悉常用的设计模式 2.有Java/Scala相关开发经验，熟悉并理解缓存、消息、RPC调用框架、jvm调优、序列化、nio等原理，熟悉http等相关通信协议 3.熟悉shell、python等至少一种脚本编程。 4.了解大数据技术，对Hadoop/Spark等分布式计算有实用经验优先,2026-03-14
数据开发工程师,联宝（合肥）电子科技有限公司,合肥-经开区,1.5-2.4万/月,合肥-经开区 8-9年经验 本科 招1人 03-14发布,合资,10000人以上,计算机硬件,"1.参与大数据平台的搭建与开发； 2.基于大数据平台开发应用逻辑后端接口及服务； 3.不断研究大数据领域技术并在项目中合理采用； 任职资格： 1.熟悉Mysql/MSSql数据库； 2.熟悉微服务架构，熟练使用Java或.Net Core； 3.熟悉大数据技术包括Hadoop、HBase等； 4.拥有扎实的数学基础,在数理统计、机器学习、模式识别、人工智能等方向有相关专业背景和经验者优先； 5.具有大数据可视化方面的经验者优先； 6.数据库DB使用经验 (Oracle, MySQL, SQLServer, SQLite任一)； 7.软件开发经验8年及以上； 8. 学历本科及以上，硕士博士优先。",2026-03-14
大数据应用工程师,广州智业节能科技有限公司,广州-越秀区,1-1.5万/月,广州-越秀区 5-7年经验 本科 招1人 03-14发布,国企,少于50人,"建筑/建材/工程,电气/电力/水利",1、负责大数据产品的开发、迭代，支撑业务发展； 2、负责大数据平台的构建；根据业务需求规划集群和架构的扩展； 3、深入理解业务需求，对业务建模，设计系统架构，满足业务需求。 4、故障排除和bug修复，部署应用程序并支持用户 提出改进和优化思路并跟进 5、其他根据项目需要完成 任职条件： 1、至少4年以上大数据生态系统相关项目工作经验，如Hadoop、Hive、HBase、Spark、Kafka。重点高校计算机相关专业统招本科以上学历，编程基础扎实，具有实际的大数据项目案例。 2、对Hadoop等生态和体系架构有深入理解，熟悉但不限于Spark，Hive，Flume等常用开源工具； 3、具有数据采集、数据存储、数据处理等经验； 有大数据产品容量和性能调优经验者优先。 4、有Web UI开发经验者优先考虑，尤其是React和其他行业架构。 5、能快速的学习新的开源框架和知识体系，并应用到实际的架构体系中； 5、逻辑清晰，快速的学习能力，良好的沟通能力、团队协调能力。,2026-03-14
数据分析师,上海先雅贸易有限公司,上海-宝山区,0.8-1.6万/月,上海-宝山区 2年经验 大专 招4人 03-14发布,合资,150-500人,计算机软件,1.学历专科及以上，专业为计算机相关方向***； 2.2年以上数据分析工作经验； 3.有数据分析建模的实际项目经验； 4.学习能力强，能够独立进行新领域的学习及开发 疫情期间 ， 均为远程面试。,2026-03-14
数据分析师,广州水木星尘信息科技有限公司,广州-黄埔区,1.5-2万/月,广州-黄埔区 5-7年经验 本科 招1人 03-14发布,民营公司,少于50人,"互联网/电子商务,计算机软件",工作职责： 任职资格：,2026-03-14
数据工程师,香港峻涛实业有限公司,广州-荔湾区,0.8-1.2万/月,广州-荔湾区 2年经验 本科 招若干人 03-14发布,民营公司,150-500人,服装/纺织/皮革,【岗位职责】 1. 建立和维护数据仓库 2. 支持数据分析团队，通过第三方平台的API和数据抓取等方式将相关业务数据引入数据仓库 【背景画像】 1.全日制大学本科及以上学历，程序猿基本功扎实； 2.擅长SQL，懂得CTE和window function的美； 3.相信数据仓库才是宇宙的中心，做网站的是干装修的，没有结构化数据哪有AI； 4.Sci-fi脑残粉，马斯克深度信徒，相信技术 世界； 【技能需求】 1.有两年以上相关经验; 2.熟练使用SQL和Python; 3.有SSIS/Spark经验者优先； 【发展路径】 提供Rotation机会，可以根据兴趣和表现转算法工程师方向,2026-03-14
中级数据分析工程师,北京海天起点技术服务股份有限公司,长沙-天心区,1-1.5万/月,长沙-天心区 3-4年经验 大专 招1人 03-14发布,民营公司,150-500人,"计算机服务(系统、数据服务、维修),计算机软件","职位要求： 1、3年及以上相关工作经验;大专及以上学历； 2、熟悉ETL(kettle informatic等) 、BI（tableau,finebi等）熟悉至少一种Nosql数据库（如：hive、hbase、redis等） 理工科专业优先（GIS、测绘、统计等）； 会使用Python等进行数据分析和展示优先； 3、熟悉关系型数据库系统，精通SQL； 4、熟悉ETL开发流程以及数据仓库的建立； 5、了解国内电力市场相关政策和交易规则， 能够针对具体电力业务进行信息收集、整理； 6、对数据严谨，能够自主校验数据准确性，有数据质量保障经验； 7、工作认真负责、吃苦耐劳、能承受一定的工作压力。",2026-03-14
大数据软件工程师,天津蓝天太阳科技有限公司,天津-西青区,1-1.5万/月,天津-西青区 3-4年经验 本科 招2人 03-14发布,国企,150-500人,"新能源,电子技术/半导体/集成电路",岗位职责： 1、负责大数据项目平台软件的开发、调试和部署工作； 2、负责大数据集群环境（Hadoop)的安装、部署和调试； 3、负责大数据项目文档的编写。 任职要求： 1、计算机软件等相关专业，有相关工作经验者优先； 2、精通C#、java等一种语言，具备独立编程实现复杂项目的能力； 3、精通sqlserver、mysql、oracle等至少一种数据库产品，熟悉Spark工具，有过开发经验优先录取； 4、有Hadoop分布式平台工作经验，精通Hive、Hbase、Pig、Hdfs、Map/Reduce、Storm中一种开发技术者优先录取； 5、熟悉分布异构系统通信机制与基础方法者优先录用,2026-03-14
数据分析师,大连爱丽思生活用品有限公司,杭州-拱墅区,0.8-1万/月,杭州-拱墅区 3-4年经验 本科 招1人 03-14发布,外资（非欧美）,5000-10000人,多元化业务集团公司,"1、借助阿里大数据平台（数据银行、策略中心为主），为品牌提供全方位的数据赋能服务，包括但不限于淘内外投放提效，电商营销计划制定、消费者洞察、产品/生意策略指导及优化等； 2、 能够深入理解公司行业品牌/产品特点，结合品牌痛点和市场挑战提供定制化的行业策略分析、数据运营规划思路及落地执行建议，将基于数据的分析转化为可执行的商业洞察； 3、协助各业务部门及商品部以大数据做支撑开拓新业务及新品类； 4、 参与产品设计及营销策略的讨论、制定研究计划,对数据和产出负责。 要求： 1、市场研究、数字营销、电商运营、大数据分析等相关领域4年以上经验； 2、3年以上大品牌客户服务经验，熟悉阿里大数据体系及产品； 3、对数据敏感并具有数据想象力，善于通过数据洞察背后的市场或商业现象； 4、优秀的逻辑思维及发散性思维， 优秀的PPT撰写及指导能力； 5、具有强烈的好奇心及开放学习的心态。",2026-03-14
校招-数据开发工程师,众安在线财产保险股份有限公司,上海-黄浦区,0.9-1.4万/月,上海-黄浦区 在校生/应届生 本科 招4人 03-14发布,民营公司,1000-5000人,"互联网/电子商务,保险",岗位职责： 1、参与公司内部项目管理系统的需求分析、设计和开发工作； 2、参与软件质量管理，负责保障代码质量，软件项目的持续优化、改进工作； 3、配合项目经理完成相关任务目标。 岗位要求： 1、211、985计算机相关专业本科毕业生。 2、代码能力强，参与过实际项目开发，有一定项目经验的优先； 3、擅长前端、后端、测试、数据等其中一个开发方向； 4、学习能力强，喜欢研究新技术，良好的沟通能力及团队合作精神。,2026-03-14
BI大数据开发工程师,广州市九安智能技术股份有限公司,广州-天河区,1.5-3.5万/月,广州-天河区 5-7年经验 本科 招1人 03-14发布,民营公司,500-1000人,电子技术/半导体/集成电路,"岗位职责： 1、基于采集数据、业务及大数据技术进行大数据分析和建模、沉淀分析思路与框架、分析挖掘数据的价值，将结论用于优化产品； 2、负责模型及算法研究、集群搭建和实现。 3、根据业务需求和目标，建立相应挖掘模型并将模型转化为可应用的业务规则。 任职要求： 1、本科及以上学历，拥有5年以上大数据平台产品或分布式系统设计经验和开发经验； 2、精通Hadoop，熟悉大数据生态技术，如Spark、Scala、Flume、Kafka、Zookeeper、Yarn、Sqoop、CDH、Solr 、Kylin、Impala、Hive、Hbase、Kerberos、Sentry等，有大规模集群架构、开发及运维经验； 3、熟练掌握java/Scala语言,实现面向对象开发思想OOA,OOD,OOP； 4、熟悉linux操作系统,熟练掌握脚本言语Shell/Perl/Python等编码语言； 5、熟练掌握数据仓库设计，开发工作。能够根据业务设计并开发数据仓；有相关项目经验; 6、逻辑清晰，快速的学习能力，良好的沟通能力、团队协调能力； 7、具备良好的团队合作精神，较强的沟通交流能力;",2026-03-14
助理研究员/助理数据分析师,上海鲜络贸易有限公司,上海-静安区,4-6千/月,上海-静安区 无需经验 本科 招1人 03-14发布,民营公司,少于50人,"批发/零售,快速消费品(食品、饮料、化妆品)",§ 岗位职责： § 职位要求：,2026-03-14
数据工程师,上海熙菱信息技术有限公司,上海-浦东新区,0.6-1万/月,上海-浦东新区 在校生/应届生 本科 招5人 03-14发布,上市公司,500-1000人,"计算机软件,计算机服务(系统、数据服务、维修)",岗位职责： 1、负责ETL流程的设计、开发和实施； 2、负责数据仓库的设计和开发； 3、负责ETL工具的优化和开发； 4、负责ETL相关工作的文档编写 5、负责项目产品开发所需各类数据的采集汇聚和标准治理； 任职要求： 1、 计算机或者软件类相关专业，本科以上学历； 2、 熟悉数据库系统，具备SQL开发及调优能力； 3、有一定的shell脚本开发能力； 4、熟悉JAVA，具有独立设计、开发功能模块的能力； 5、至少熟悉使用一种ETL工具（kettle，sqoop，databridge，DataX等）； 6、熟悉Hadoop大数据环境，并具备相关ETL项目经验优先； 7、具有政务行业数据治理，数据仓库项目经验优先； 8、数据安全保密意识高，逻辑思路清晰，工作认真负责，具有良好的团队合作精神和沟通 9、交流能力，能适应出差。,2026-03-14
数据分析师,大连爱丽思生活用品有限公司,杭州-拱墅区,0.8-1万/月,杭州-拱墅区 3-4年经验 本科 招1人 03-14发布,外资（非欧美）,5000-10000人,多元化业务集团公司,"1、借助阿里大数据平台（数据银行、策略中心为主），为品牌提供全方位的数据赋能服务，包括但不限于淘内外投放提效，电商营销计划制定、消费者洞察、产品/生意策略指导及优化等； 2、 能够深入理解公司行业品牌/产品特点，结合品牌痛点和市场挑战提供定制化的行业策略分析、数据运营规划思路及落地执行建议，将基于数据的分析转化为可执行的商业洞察； 3、协助各业务部门及商品部以大数据做支撑开拓新业务及新品类； 4、 参与产品设计及营销策略的讨论、制定研究计划,对数据和产出负责。 要求： 1、市场研究、数字营销、电商运营、大数据分析等相关领域4年以上经验； 2、3年以上大品牌客户服务经验，熟悉阿里大数据体系及产品； 3、对数据敏感并具有数据想象力，善于通过数据洞察背后的市场或商业现象； 4、优秀的逻辑思维及发散性思维， 优秀的PPT撰写及指导能力； 5、具有强烈的好奇心及开放学习的心态。",2026-03-14
校招-数据开发工程师,众安在线财产保险股份有限公司,上海-黄浦区,0.9-1.4万/月,上海-黄浦区 在校生/应届生 本科 招4人 03-14发布,民营公司,1000-5000人,"互联网/电子商务,保险",岗位职责： 1、参与公司内部项目管理系统的需求分析、设计和开发工作； 2、参与软件质量管理，负责保障代码质量，软件项目的持续优化、改进工作； 3、配合项目经理完成相关任务目标。 岗位要求： 1、211、985计算机相关专业本科毕业生。 2、代码能力强，参与过实际项目开发，有一定项目经验的优先； 3、擅长前端、后端、测试、数据等其中一个开发方向； 4、学习能力强，喜欢研究新技术，良好的沟通能力及团队合作精神。,2026-03-14
BI大数据开发工程师,广州市九安智能技术股份有限公司,广州-天河区,1.5-3.5万/月,广州-天河区 5-7年经验 本科 招1人 03-14发布,民营公司,500-1000人,电子技术/半导体/集成电路,"岗位职责： 1、基于采集数据、业务及大数据技术进行大数据分析和建模、沉淀分析思路与框架、分析挖掘数据的价值，将结论用于优化产品； 2、负责模型及算法研究、集群搭建和实现。 3、根据业务需求和目标，建立相应挖掘模型并将模型转化为可应用的业务规则。 任职要求： 1、本科及以上学历，拥有5年以上大数据平台产品或分布式系统设计经验和开发经验； 2、精通Hadoop，熟悉大数据生态技术，如Spark、Scala、Flume、Kafka、Zookeeper、Yarn、Sqoop、CDH、Solr 、Kylin、Impala、Hive、Hbase、Kerberos、Sentry等，有大规模集群架构、开发及运维经验； 3、熟练掌握java/Scala语言,实现面向对象开发思想OOA,OOD,OOP； 4、熟悉linux操作系统,熟练掌握脚本言语Shell/Perl/Python等编码语言； 5、熟练掌握数据仓库设计，开发工作。能够根据业务设计并开发数据仓；有相关项目经验; 6、逻辑清晰，快速的学习能力，良好的沟通能力、团队协调能力； 7、具备良好的团队合作精神，较强的沟通交流能力;",2026-03-14
助理研究员/助理数据分析师,上海鲜络贸易有限公司,上海-静安区,4-6千/月,上海-静安区 无需经验 本科 招1人 03-14发布,民营公司,少于50人,"批发/零售,快速消费品(食品、饮料、化妆品)",§ 岗位职责： § 职位要求：,2026-03-14
数据工程师,上海熙菱信息技术有限公司,上海-浦东新区,0.6-1万/月,上海-浦东新区 在校生/应届生 本科 招5人 03-14发布,上市公司,500-1000人,"计算机软件,计算机服务(系统、数据服务、维修)",岗位职责： 1、负责ETL流程的设计、开发和实施； 2、负责数据仓库的设计和开发； 3、负责ETL工具的优化和开发； 4、负责ETL相关工作的文档编写 5、负责项目产品开发所需各类数据的采集汇聚和标准治理； 任职要求： 1、 计算机或者软件类相关专业，本科以上学历； 2、 熟悉数据库系统，具备SQL开发及调优能力； 3、有一定的shell脚本开发能力； 4、熟悉JAVA，具有独立设计、开发功能模块的能力； 5、至少熟悉使用一种ETL工具（kettle，sqoop，databridge，DataX等）； 6、熟悉Hadoop大数据环境，并具备相关ETL项目经验优先； 7、具有政务行业数据治理，数据仓库项目经验优先； 8、数据安全保密意识高，逻辑思路清晰，工作认真负责，具有良好的团队合作精神和沟通 9、交流能力，能适应出差。,2026-03-14
电商数据分析师(J10107),名鞋库网络科技有限公司,厦门,0.8-1.2万/月,厦门 3-4年经验 本科 招1人 03-14发布,上市公司,500-1000人,"互联网/电子商务,计算机软件",工作职责: 1、 负责店铺日常运营数据和活动数据处理，运用生意参谋、数据银行等官方工具， 熟悉阿里大数据体系及产品者优先； 2、能够深入理解行业品牌/产品特点，结合运营痛点和市场挑战提供定制化的行业 策略分析、数据运营规划思路及落地执行建议； 3、 针对平台活动、竞品、业务指标等效果，定期做出数据分析报告； 4、处理其他数据分析需求。 任职资格: 1、 2年以上数据分析或市场研究咨询相关工作经验，有公司数据办公系统开发经验 者优先； 2、良好的数据敏感度，能独立完成数据提取和处理、可视化、分析与建模； 3、 精通SQL、Excel、PPT等办公软件，熟练使用SPSS/R/python任意一种软件； 4、乐于接受新事物，具备较强的分析、解决问题能力和沟通能力； 5、 有责任心抗压性强，工作积极主动。,2026-03-14
数据分析师(J11935),希岸酒店,深圳-南山区,1-1.5万/月,深圳-南山区 5-7年经验 本科 招1人 03-14发布,合资,500-1000人,酒店/旅游,"工作职责: 1、酒店销售业绩分析和市场追踪工作，根据市场表现分析，密切监控业务发展情况，敏锐的查勘问题，推动各方改善； 2、通过深度数据分析、建模等，透析业务发展动力，发现机会点，预测未来市场走向；出具全面准确科学的数据变化分析和市场分析报告，对酒店战略规划提供建议。 3、根据各销售业务板块提出的要求，分析营运数据，支持公司决策以及各部门工作 任职资格: 1、熟练运用Excel及PPT，对数据有较强的敏感性和逻辑分析能力，有较强的市场分析及结果展现能力，包含数据及市场信息挖掘、研究、分析、提炼 2、擅长数据分析处理，出色的商业分析能力和洞察力，逻辑思维缜密,熟悉市场环境变化 3、卓越的沟通和学习适应能力，能够在多变的环境下不断突破，组织团队快速成长 4、有较强的组织管理能力及协同精神，具有责任心、主动性和沟通合作能力，能够积极主动推动项目改进落地，能承受一定工作压力 5、2年以上产品、市场分析工作经验，从事过酒店行业优先 6、应用数学，数理统计、经济学优先，市场分析等相关专业",2026-03-14
数据开发工程师,杭州城市大数据运营有限公司,异地招聘,1-1.5万/月,杭州-拱墅区 3-4年经验 本科 招若干人 03-14发布,民营公司,150-500人,"互联网/电子商务,计算机服务(系统、数据服务、维修)","岗位职责： 1、根据现场业务需求进行数据仓库设计建模和开发实施； 2、项目现场数据接入、数据开发工作，排查反馈数据问题； 3、整理输出项目开发及运维工作文档。 任职要求： 1、熟悉python或java其中一门脚本语言，有数据接口开发经验为佳，熟悉Linux常用指令； 2、熟练掌握sql语言，能够胜任较为复杂的查询语句，有过mysql、sqlserver、oracle其中至少一种关系型数据库开发经验，有数据仓库设计和建模经验； 3、有阿里云大数据生态(odps\galaxy\datahub等)使用经验者优先； 4、计算机专业,从事数据开发工作3年以上经验； 5、有学习精神，工作认真踏实、责任心强，具备良好的沟通力、理解力及执行力，注重团队协作者优先； 6、有项目或组织部门管理经验者优先。",2026-03-14
数据科学家（人工智能、机器学习、算法工程师、大数据平台架构师）（北京）,亚信科技(中国)有限公司,北京,,北京 博士 招5人 03-14发布,民营公司,,计算机软件,"职位要求: 1、2020、2021届应届毕业生，硕士及博士学历，数学、计算机、软件或相关专业； 2、有扎实的数学理论基础，熟悉机器学习原理与算法； 3、能熟练运用分类、回归、推荐等模型解决相关问题； 4、掌握至少一种开源机器学习框架，并对机器学习理论有深入了解； 5、有C/C++, R, Python语言开发经验者优先； 6、熟悉深度学习工具，如Caffe, Tensorflow/Keras, MXNet等优先； 7、有NLP，语音识别，图像识别经验者优先； 8、熟悉计算机体系结构，能够在算法层和指令层对算法库进行优化和裁剪者优先。",2026-03-14
大数据分析/挖掘工程师,青岛蜗牛信息技术有限公司,青岛,6-8千/月,青岛 无需经验 招10人 03-14发布,民营公司,150-500人,"计算机软件,外包服务",（1）岗位职责： 1.对后台大数据进行的分析、统计及挖掘工作；维护现有的数据分析后台的产出； 2.根据功能需求和设计方案进行开发，完成部分代码的编写和调试工作； 3.探索及钻研新的算法及应用方案。 （2）任职要求： 1.计算机专业方向，较好的数据结构、数据库、计算机网络等基础理论知识; 2.对数据有敏锐的洞察，快速的业务理解及学习能力； 3.熟悉Mysql数据库，熟悉Hadoop生态系统相关组件的原理和使用；,2026-03-14
数据分析师,长沙谷雨信息科技有限公司,长沙-天心区,6-8千/月,长沙-天心区 1年经验 本科 招2人 03-14发布,民营公司,50-150人,计算机软件,"1、数据库的日常检查和维护； 2、数据库表结构优化； 3、负责项目内数据生产、成果分析整理、成果汇总入库及报告输出； 4、配合开发人员设计的应用系统需求的日常工作 岗位要求 1、本科及以上学历，计算机、通信相关专业,后端开发、数据库开发、或数据开发工作经验1年以上； 2、熟悉任意一种关系数据库（mysql, Oracle），熟悉sql脚本； 3、具备自动化脚本处理数据的能力； 4、具备良好的表达和沟通能力；",2026-03-14
服务数据分析师,广西千万里通信工程有限公司,南宁,4.5-6千/月,南宁 3-4年经验 本科 招1人 03-14发布,民营公司,500-1000人,通信/电信运营、增值服务,一、工作职责： 1.负责电信综合业务全渠道、全流程服务痛点挖掘、输出、跟控整改效果。 2.负责电信综合业务数据审核、规整、填报。 二、任职条件： 1.学历：大学本科及以上学历 2.工作经验：具有3年及以上工作经历，具有分析类工作经历者优先。 3.需要具备的知识：熟悉数据分析、统计方法，熟悉服务分析协同机制。 4.需要具备的技能：具备良好统计分析能力，善于沟通协调；善于与人合作发现问题；熟练运用办公软件.PPT制作，具备良好的口头.文字归纳总结和表达能力。 三、薪酬：试用期3个月，月薪2500元～3000元；试用期考核合格后根据能力聘岗，月均3500元～7000元。（年终奖另计）,2026-03-14
大数据开发工程师,上海保圣实业发展有限公司,西安-莲湖区,0.8-1万/月,西安-莲湖区 5-7年经验 硕士 招3人 03-14发布,民营公司,50-150人,"仪器仪表/工业自动化,计算机服务(系统、数据服务、维修)",1.硕士以上学历，数学、计算机相关专业； 2.具有较好的数学功底，对统计学，数据挖掘具有深入的了解，能够熟练Python语言进行程序设计。 可以进行数据分析与建模，了解建模的方法、过程、评价等。 工作内容： 1、基于大型仪器的数据共享筛查与风险分析项目； 2、基于抽检大数据的风险监测与管控项目； 3、基于全物流链数据追溯的化学与生物危害大数据分析与监控项目； 4、基于便携仪器，化学计量学、大数据分析的项目，以及基于linux系统的项目。 5、化学工作站开发项目：仪器设备的需求分析、软件设计、代码编写的仪器化,2026-03-14
大数据开发工程师,大连华信计算机技术股份有限公司,辽宁省,,辽宁省 本科 招若干人 03-14发布,合资,,计算机软件,学历要求：应届本科生,2026-03-14
大数据工程师(J11209),高新兴科技集团股份有限公司,广州-黄埔区,0.7-1.4万/月,广州-黄埔区 在校生/应届生 本科 招若干人 03-14发布,上市公司,1000-5000人,"计算机服务(系统、数据服务、维修),通信/电信/网络设备",工作职责: 1、根据产品需求，实现业务逻辑，对接web同事和测试组同事； 2、协助现场人员部署和运维大数据集群； 3、进行大数据组件性能测试和调研； 4、编写大数据组件运维工具。 任职资格: 1、计算机及相关专业，本科及以上学历； 2、熟悉java，对jvm有了解者优先； 3、了解分布式服务及微服务的概念； 4、了解solr、hbase、kafka、spark、hive、hadoop、zookeeper或者其他大数据组件，有相关项目经验者优先； 5、有扎实的计算机基础知识（网络编程、操作系统）者优先； 6、沟通能力良好，能够独立处理问题。,2026-03-14
数据分析工程师,合力工业车辆（上海）有限公司,上海-杨浦区,0.8-1万/月,上海-杨浦区 2年经验 本科 招2人 03-14发布 英语,国企,1000-5000人,机械/设备/重工,1、 本科及以上，计算机类专业，精通数据库操作； 2、 2年以上互联网产品设计或管理经验； 3、 熟悉产品从市场调研、需求分析到产品实现的整个过程以及产品发布的整个流程； 4、 具有较强的策划能力，较强的逻辑与数据分析能力；较强的谈判沟通能力和文字表达能力； 5、 具有较强的产品文档书写能力和团队沟通协调能力。 1、优渥的薪资 基于能力与绩效的薪酬给付体系 2、完善的福利 各项法定保险及公积金 3、提供各岗位能力的培训 4、完善的职业生涯上升通道,2026-03-14
大数据应用研发工程师,中移系统集成（中移雄研院）,西安-雁塔区,1-3万/月,西安-雁塔区 2年经验 本科 招5人 03-14发布,国企,1000-5000人,"通信/电信/网络设备,互联网/电子商务",1.负责大数据相关平台Web前端产品的设计和开发； 2.参与系统的需求分析、设计、编码等开发工作； 3.负责已有系统的运营、维护和优化工作。 【基本条件】 1.遵守国家法律法规，具有良好的思想品质和道德素质； 2.认同公司核心价值观； 3.本人档案中无不良记录。 【教育与专业】 全日制统考类本科及以上学历，计算机、通信、电子、软件工程等相关专业 【能力】 1.具备系统分析与设计能力，有良好、规范的编程习惯和文档编写习惯； 2.有责任心，工作积极主动、严谨细致，有团队合作精神和良好的沟通能力； 3.具备有很好的学习和逻辑能力，强烈的探索和求知欲； 4.具备一定的抗压能力，善于应对来自工作上的各种压力； 5.英语CET-4及以上，有良好的英语听说读写能力。 【技能】 1.大学本科以上学历，2年以上前端开发经验； 2.熟练掌握HTML/CSS/JavaScript等前端开发技能； 3.熟练掌握React/Angular/Vue等主流前端库且有实际项目经验，对MVC/MVVM模式、前端组件化开发有一定理解和思考； 4.熟悉前端工程化相关的Webpack/Grunt/Gulp等工具的使用和配置； 5.熟悉常见web性能优化&衡量方法； 6.熟悉HTTP、HTTPS等常见网络协议。,2026-03-14
大数据开发工程师,博创智能装备股份有限公司,广州-增城,1-1.5万/月,广州-增城 2年经验 本科 招2人 03-14发布 计算机科学与技术,合资,500-1000人,机械/设备/重工,大数据开发高级工程师 职责描述： 1、负责大数据套件产品核心技术架构、核心设计方案的确定，负责开发、管理、监控和性能调优，保障集群高效稳定运行； 2、负责大数据平台的搭建，完成系统调试、集成、实施与调优，保证大数据产品的上线运行； 3、负责架构分析、设计，参与核心代码开发；相关新技术研究，评估新技术的可行性； 4、参与项目管理，主导技术方案编写，负责关键技术的预研和选型，并完成相关验证性测试； 任职要求： 1、在大数据核心技术领域有5年以上大数据项目实战工作经验，具有丰富的面向企业大数据架构设计和数据管理经验；本科以上学历。 2、精通Linux操作系统，熟悉Java开发常用框架；拥有丰富的大数据架构设计经验，熟悉Hadoop、Hbase、Storm、Spark、Pig等开源框架，并熟悉其工作原理，有Hadoop、Spark、Hbase平台性能调优经验； 3、熟悉其它分布式相关技术，包括HDFS，Hive、Redis、Mongodb、 Flume、Kafaka、Sqoop、Zookeeper、ElasticSearch、Kylin等； 4、具有一定的项目规划和决策能力，善于捕捉业务需求、并给出有效的解决措施和方法； 5、沟通交流、抗压能力强。,2026-03-14
数据分析师,四川铁骑力士实业有限公司,成都-锦江区,5-8千/月,成都-锦江区 3-4年经验 本科 招若干人 03-14发布,民营公司,500-1000人,"农/林/牧/渔,快速消费品(食品、饮料、化妆品)",1、熟悉如何用数据驱动电商/零售业务，制定业务数据的采集策略，设计、建立、测试相关的数据模型，从而实现从数据中提取决策价值，提升数据支持运营能力; 2、负责公司数据管理，寻找如何用数据驱动业务，形成固化报表，提升数据支持运营能力，并规范业务端数据整理流程; 3、能够与客户高层对话，问出有质量的问题，深度了解业务需求和痛点，并能结合客户发展和品牌现状，提供解决方案; 4、满足客户数据需求，并能提供更深入的分析，建立不同场景的业务分析体系; 5、熟悉电商主要的数据工具平台，如数据银行和数据工厂，熟悉数据挖掘、数据建模，能利用并丰富公司数据，运用大数据做深度分析； 6、对品牌电商表现的进行分析，交付数据分析结果，协助出具分析报告; 7、将研究及项目成果以数据可视化形式产出，并将用户洞察交付外部或内部使用; 8、负责数据监控(营销数据、交易数据、商品管理、顾客管理) ; 9、定期针对推广效果进行跟踪、评估，并提交推广效果的统计分析报表，及时提出营销改进措施，给出切实可行的改进方案;控制推广费用、致力于ROI***化; 任职资格: 1、市场营销、会计等专业本科以上学历，3年以上数据分析领域工作经验，喜欢深度思考，愿意挖掘事物背后潜藏的本质; 2、对数据如何驱动业务有深入理解和经验; 3、喜欢通过数据发掘业务中存在的问题点和机会; 4、具备良好的业务理解能力、逻辑思维能力和优秀的表达能力; 5、工作态度认真，喜欢主动交流，主动寻求问题的解决方案。,2026-03-14
高级数据工程师,北明软件有限公司,广州,1.5-3万/月,广州 3-4年经验 本科 招2人 03-14发布,上市公司,1000-5000人,"计算机软件,计算机服务(系统、数据服务、维修)",岗位描述 1、计算机、数据等相关专业本科以上学历，工作2年以上;,2026-03-14
数据开发工程师,北京联创智融信息技术有限公司,上海-静安区,0.9-1.4万/月,上海-静安区 3-4年经验 本科 招1人 03-14发布,民营公司,1000-5000人,"计算机软件,金融/投资/证券",职位描述 1、参与数据平台开发、测试、配置、版本管理等工作； 2、参与数据平台的基础架构设计、优化、方案设计等工作； 职位要求 1、3年以上数据开发经历，扎实的SQL基础 2、具有扎实的大数据和数据仓库的功底，负责过大数据平台或数据仓库设计、大数据平台搭建 3、精通Kettle、informatica等etl工具的使用或开发 4、精通SQL开发，掌握ORACLE、MySql等关系数据库，熟悉redis、ES等主流非关系型数据库 5、有金融行业从业经验者优先,2026-03-14
大数据开发工程师,智网安云（武汉）信息技术有限公司,武汉-洪山区,1.5-2.5万/月,武汉-洪山区 3-4年经验 本科 招1人 03-14发布,民营公司,50-150人,计算机服务(系统、数据服务、维修),1、负责数据平台的开发和优化，基于大数据平台完成各类统计和开发任务； 2、建设大数据仓库，包括数据接入、存储、应用，数据类型涵盖流数据、非结构化数据、结构化数据； 3、针对网络安全海量数据，基于大数据技术做统计、挖掘、分析； 4、负责数据库监控、优化大数据计算性能； 5、研究前沿、成熟技术，解决实际场景中的业务问题。 1、本科及以上学历，具有良好的英文文档阅读能力，计算机相关专业优先； 2、至少具有3年以上开发经验，能独立完成JAVA后端研发工作，有大数据研发经验优先； 3、熟悉Linux平台开发，至少掌握Python，Scala/Java编程语言两种之一； 4、熟悉Hadoop、Spark、Hbase、Kafka、ELK，对源码有研究者优先； 5、掌握常用的数据库如Redis、Mongodb等，有图数据库相关经验者优先； 6、良好的系统分析、架构设计能力，有独立设计分布式数据开发框架经验者优先； 7、具有实际开源情报相关工作经验者优先； 8、具有数据挖掘、自然语言处理、信息检索、机器学习背景者优先； 9、思路清晰，善于主动思考，有创新、能独立分析和解决问题，具有良好的沟通能力和团队合作精神。,2026-03-14
大数据开发工程师（双休，14薪）,武汉华工科固建筑技术工程有限公司,武汉-洪山区,4.5-8千/月,武汉-洪山区 在校生/应届生 大专 招2人 03-14发布,民营公司,50-150人,"互联网/电子商务,建筑/建材/工程",福利待遇： 1、公司提供住宿，家电齐全，从宿舍步行至公司10分钟； 2、双休，14薪，7.5小时工作制； 3、国家法定节假日带薪休假，超长年假10-15天； 4、不定期组织聚餐活动，不定期下午茶； 5、人性化管理制度，领导很nice，同事关系相处融洽。,2026-03-14
总公司科技事业部大数据部资深软件开发岗BI(J14637),前海人寿保险股份有限公司,成都-高新区,1-1.5万/月,成都-高新区 3-4年经验 本科 招1人 03-14发布,民营公司,1000-5000人,"保险,金融/投资/证券",工作职责: 1.负责BI需求沟通分析、报表开发、测试验证； 2.负责数据同步和数据处理设计开发； 3.设计和开发数据仓库和数据集市； 4.参与软件项目需求分析研究项目技术细节，进行系统框架和核心模块的详细设计，编写相应的技术文档； 5.开发软件模块；根据需要及时修改、完善； 6.编写相应的技术文档；编制开发文档、记录质量、测试结果； 7.完成软件编码工作，配合进行软件测试工作； 8.其他BI应用相关工作。 任职资格: 1.全日制大学本科及以上 2.计算机科学类相关专业 3.3-5年同类岗位工作经验 4.精通sql开发，熟悉主流的数据库，具备一定的sql调优能力；有千万数据量以上的开发经验；熟悉BI、Tableau、FineReport、FineBI等报表开发工具 5.工作有责任心，善沟通及团队合作；有较强的学习能力，对技术有钻研精神，并有较高的热情，热衷于新技术学习和实践 6.有echarts开发经验更佳；熟悉Etl工具，有开源kettle开发经验优先；具有大数据程序性能调优、运维、开发经验者优先,2026-03-14
数据分析师,上海宝时物流有限公司,上海-松江区,0.8-1.2万/月,上海-松江区 2年经验 本科 招1人 03-14发布 计算机科学 数学与应用数学,民营公司,50-150人,交通/运输/物流,1、负责公司业务数据分析，结算自动化体系的建设，提供技术支持，确保准确性、实用性及可衡量性； 2、负责业务部门报表需求沟通，完成结算数据脚本设计与研发; 3、协助公司内部运营需求，设计并研发数据可视化工具； 4、负责与财务团队合作规划数据仓库，参与数据平台日常监控维护。 任职要求： 1、统招本科以上学历，计算机、数学、统计学相关专业，有物流相关背景者优先； 2、熟练使用Excel、Mysql 、Stata/SAS/SPSS等软件； 3、熟练掌握Python优先； 4、较强的沟通能力、学习能力、逻辑思维、独立解决问题能力； 5、熟练使用SQL语句以及ETL工具，熟悉Cassandra、Mongodb和MySQL者优先,2026-03-14
数据分析师,富德生命人寿保险股份有限公司山东分公司,济南-历下区,5-8千/月,济南-历下区 2年经验 本科 招1人 03-14发布,民营公司,10000人以上,保险,一、工作内容： 1.负责业务数据监控和分析，提交数据分析报告； 2.深入理解业务、对海量数据进行挖掘、为公司业务决策提供数据支撑； 3.结合数据挖掘算法、数学模型、业务知识，设计大数据应用模型。 二、资格要求： 1.金融、经济、财会、管理、计算机等本科以上学历； 2.具有良好的数学、统计学、数据挖掘理论知识； 3.有金融数据分析、财务数据分析工作经验者优先； 4.有良好的团队合作能力者优先考虑； 5.有责任感、敬业，善于沟通； 6.有创新精神和创新意识者优先考虑。,2026-03-14
数据分析师/数据分析助理/双休,杭州美嗖文化创意有限公司,杭州-滨江区,4.5-6千/月,杭州-滨江区 在校生/应届生 本科 招若干人 03-14发布,民营公司,50-150人,"互联网/电子商务,快速消费品(食品、饮料、化妆品)",岗位职责： 1. 直播相关产品与竞品历史最低价格监测分析与时下爆款选品推荐； 2. 直播观看量、转粉率、销售数据制表分析; 3. 直播样品管理统计，供应商样品接收与发出。 岗位要求： 1、愿意在淘宝直播行业发展； 2、本科学历，统计学、经济学相关专业毕业优先，有相关工作经验优先，优秀应届生也可； 3、善于协调各方面资源，会统筹。,2026-03-14
数据开发工程师,陕西天行健车联网信息技术有限公司,西安-经济技术...,1-1.5万/月,西安-经济技术开发区 3-4年经验 本科 招若干人 03-14发布,国企,50-150人,"互联网/电子商务,计算机软件",岗位职责： 1、负责天行健存储的结构化数据过滤和抽取工作； 2、负责数据的清洗、转换、导入及车辆模型的实现和优化。 工作经验：3年以上相关工作经验。 专业技能：具备Hadoop相关开发经验，熟练使用redis/Hbase/kafka中间件；能使用大数据中间件的某些特性设计和完成数据的转换过程；具备线上数据优化经验，至少参与并主导过一次优化过程。 素质要求：良好的学习能力、对大数据的处理思路具备独立的思考视角。 教育背景：本科及以上学历，计算机等相关专业。,2026-03-14
大数据开发工程师,迪比信可信息技术服务（南京）有限公司,南京-玄武区,15-25万/年,南京-玄武区 3-4年经验 本科 招1人 03-14发布 英语熟练,外资（欧美）,150-500人,计算机软件,"1 General Description 2 Accountabilities 3 Specific Skills Required AWS solutions,hands on experience on Glue/Athena/S3/EMR 4 Experience and Qualifications",2026-03-14
大数据开发工程师,世纪怡嘉软件科技有限公司,上海,1-1.7万/月,上海 1年经验 招1人 03-14发布,民营公司,50-150人,"计算机服务(系统、数据服务、维修),通信/电信/网络设备",主要职责 1、对Hadoop生态中的工具/系统进行开发与优化工作； 2、对Hadoop生态中的开源组件进行优化和改进，并贡献至开源社区； 3、对公司大数据平台的组件进行维护，修复前端技术支持、客户支持团队所提交的问题； 4、优化公司大数据平台产品，提升产品的稳定性和可维护性。 任职要求 1、计算机相关专业，本科及以上学历，掌握软件需求分析和系统设计相关的基础知识； 2、熟悉Hadoop生态相关技术，深入了解大数据计算平台常规架构和相关产品组件（Hadoop、Hive、Spark、Storm、Kafaka）原理，掌握部分组件原理及源码，对Hadoop开源社区有贡献者优先； 3、熟悉C、Java语言及常用库，熟练掌握常用开发工具； 4、熟悉SQL语言，了解Oracle或MySQL的使用和维护。,2026-03-14
大数据分析工程师,南京拾柴信息科技有限公司,南京-浦口区,0.6-1万/月,南京-浦口区 1年经验 大专 招2人 03-14发布,民营公司,50-150人,"计算机软件,计算机服务(系统、数据服务、维修)",岗位职责： 1、在电信运营商及银行半驻场工作，充分理解并不断学习电信大数据的内涵以及金融行业的营销和风控业务； 2、进行日常数据处理、格式转换、与第三方数据对接、数据交付并解释数据结果，协助运用数据挖掘及机器学习算法建立模型，为金融行业营销和风控提供有效支持； 3、参与建设反馈体系，评估模型的有效性，持续优化模型效果； 4、参与建设数据体系，让底层数据更稳定，让中间层数据更准确、更易用。 任职条件： 1、大专及以上学历，计算机、通信、电子信息、统计学、应用数学、金融等相关专业； 8、可适应一定的驻场工作与出差安排。,2026-03-14
大数据运维/软件实施工程师,南京英斯特网络科技有限公司,南京-建邺区,0.6-1万/月,南京-建邺区 2年经验 大专 招若干人 03-14发布,民营公司,少于50人,"互联网/电子商务,计算机软件",【工作职责】 1、负责项目大数据平台的运行维护工作，保障平台服务7*24稳定高效运行； 2、负责公司项目的现场实施与维护，安装产品运行环境：如网络、服务器、数据库等基础运行环境； 3、完成产品业务上线部署，编写项目实施要求的相关文档，对客户进行操作培训； 4、收集与分析客户需求、实施方案制定，对需求变更，项目进度和项目质量进行及时有效反馈； 5、负责软件的技术服务支持工作，解决系统使用中客户碰到的问题。 【岗位要求】 1、大专及以上学历，计算机及其相关专业，有2年以上相关工作经验者优先； 2、熟悉linux操作系统，如redHat、ubuntu、centOS； 3、熟悉计算机软硬件及网络相关知识； 4、具有良好的学习能力，有独立处理和解决问题的能力； 5、善于沟通，责任心强，较强的团队合作精神； 6、有大数据数据库维护经验者或了解医疗系统信息化行业者优先。 【福利待遇】 1.补贴：含交通、午餐及通信补贴； 2.奖金：享受年终奖金； 3.旅游：每年度至少安排一次集体旅游度假； 4.体检：每年度安排一次体检。 【员工保险】 所有员工均享有五险一金（工伤、综合医疗、养老、失业、生育保险）及住房公积金。,2026-03-14
数据分析师,上海百事通信息技术股份有限公司,广州-越秀区,6-8千/月,广州-越秀区 2年经验 本科 招1人 03-14发布 计算机科学与技术 信息与计算科学,民营公司,500-1000人,互联网/电子商务,岗位职责： 1、 能熟练使用各软件，对各种数据进行收集和处理，整理成有用的信息供公司领导决策。 2、负责各类数据的整理、汇总和分析处理工作，并编制成报表。及时向上级领导及有关部门上报相关报表。 3、研究数据分析的方法，做到报表制作简单、方便、实用，以保证各类数据分析分析报表的规范和优化。 4、建立部门每日、周、月、季、年度数据分析报表，根据上级需求制作各种专题报告。 5、建立完善的数据库及知识库，为后期数据统计、知识 解答工作提供支持。 6、做好各类数据的保密工作， 严禁向未授权部门及个人提供各类信息数据。 7、协助公司各部门进行分析报告相关信息的收集。 8、根进上级领导交办的其它工作任务。 岗位要求： 1、本科以上学历，数学、统计学、数据分析相关专业； 2、2年以上数据处理、报表管理、分析报告相关工作经验。熟练应用excel/ppt等办公软件，了解数据库知识，熟练使用SQL数据库，掌握R语言 、SPSS、eviews、VBA和数据分析工具者优先； 3、对数字有较强的敏锐性，有独立的思维能力和判断力； 4、执行力强，有较强的工作责任心和严谨细致的个人品质，良好的团队协作素质，能胜任高负荷的工作环境;、 5、有法学背景、法律行业或政府合作项目相关工作经验优先。 考查方式： 面试+实操测试,2026-03-14
数据分析师,上海储吉信息技术股份有限公司,上海-杨浦区,0.7-1.1万/月,上海-杨浦区 3-4年经验 本科 招1人 03-14发布,上市公司,150-500人,"计算机软件,互联网/电子商务",数据处理、过滤、整理归档； 学历：本科以上 年龄：35岁以下 专业：统计、财务专业优先考虑 相关工作经验：3-5 年及以上； 熟悉数据处理、统计、维护、分析工作； 熟练使用办公软件，如excle、ppt等； 有数据分析、数据挖掘能力，有较强的数据敏感度和优秀的分析总结能力； 具有团队协作意识、工作认真、吃苦耐劳，有较强的学习能力和意愿； 汽车经销商和汽车咨询行业从业经验、有数据分析、经营分析经验者，优先考虑。,2026-03-14
产品数据工程师,上海天德勤汽车零部件有限公司,上海-嘉定区,0.8-1万/月,上海-嘉定区 3-4年经验 大专 招1人 03-14发布,民营公司,50-150人,"汽车,贸易/进出口",1、负责TecDoc、电子目录应用和优化工作； 2、负责ERP系统中产品数据的优化工作； 3、负责车型配件数据标准化工作； 4、根据EPC等零部件软件，构建和更新车型、配件数据库，为公司的配件开发工作提供数据库支持。 5、根据公司/市场需求，客户的反馈，更新和优化相关数据，维护数据库； - 任职要求 1、全日制本科及以上学历，数学、统计、车辆工程、计算机、或管理等相关专业； 2、一年以上工作经验，熟悉车辆和汽车零件信息尤佳； 3、熟悉Excel、access等MS-OFFICE软件； 4、有较强的逻辑性，数据处理能力和数据敏锐性； 5、熟悉至少一种数据库产品，熟练查询语句。 6、英语良好，能适应工作需要； 7、工作认真细心，有责任感； 8、团队合作，协调性良好，积极主动， 学习能力强。,2026-03-14
数据挖掘 数据分析工程师（大数据）,广州博纳信息技术有限公司,广州,1.5-2.8万/月,广州 3-4年经验 本科 招5人 03-14发布 计算机应用 软件工程,民营公司,500-1000人,"计算机软件,计算机服务(系统、数据服务、维修)",职位描述： 1) 负责为客户构建数据分析与数据挖掘业务分析体系，数据类挖掘、分析的整体架构设计与规划，挖掘并充分发挥数据的价值，促进客户业务发展； 2) 建立客户业务的数据分析模型来指导业务的发展，对数据库信息进行深度挖掘和有效利用，充分实现数据的商业价值； 3) 对数据进行深度分析关联，以数据为依托预制精准的分析方案，对数据进行有效分析和评估； 深入挖掘客户业务需求，构建、开发、验证、评估各类数据挖掘算法模型；研究、创新、开发和实践新技术应用。 1) 计算机、数学、统计学等相关专业本科以上学历； 2) 至少3年以上的数据处理、分析工作经验，有丰富的大数据分析项目经验，并在项目中担任重要角色，金融行业或电信运营商行业数据类项目（大数据平台或数据仓库）经验者优先； 3) 熟悉数据结构、主流算法和设计模式； 4) 熟练掌握数据开发和挖掘工具的使用，包括但不限于Sql/R/Python/Hive/SAS/SPSS/ RapidMiner/ finereport；有熟练使用finereport经验者优先； 5) 对数据挖掘技术的发展有较深入的了解和追踪，对技术市场有一定的敏感度，能为公司的技术发展及产品应用提供决策性的建议； 6) 具备对新技术有较强的学习和独立解决疑难技术问题的能力； 7) 工作认真、作风严谨、责任心强；具备较强的组织协调能力，善于沟通，服从工作安排，能承受一定工作压力； 5年以下工作经验者勿扰。,2026-03-14
数据分析师,成都易我科技开发有限责任公司,成都,0.8-1.3万/月,成都 1年经验 本科 招1人 03-14发布,民营公司,50-150人,计算机软件,岗位职责： 1、负责产品的数据分析、数据解读、数据跟踪等工作，并从数据角度辅助产品、运营、供应链等各个环节的优化； 2、负责以数据驱动产品的用户增长，并以数据分析结论推动优化产品中的各个功能和流程； 3、负责行业数据的跟踪及分析、竞品的数据分析，结合产品提出产品建议； 任职要求： 1、本科及以上学历，计算机专业，1年以上数据分析、BI、或算法经验； 2、熟悉SQL，熟悉shell、matlab、R、python等至少一种语言，有较强的技术开发背景优先； 3、 熟练使用tableau工具； 4、熟悉数据挖掘算法，能够熟练运用数据挖掘技术对数据进行分析处理，并从数据中提取有价值的信息； 5、熟悉数据分析的基本概念和方法，熟练使用技术手段进行数据分析和挖掘，并通过数据解决问题和辅助决策； 6、逻辑思维能力和推理能力强；优秀的沟通协调能力和团队合作精神，高度的责任感，有上进心和主动性。,2026-03-14
数据科学家/数据分析师,成都厚立信息技术有限公司,成都,1.5-2万/月,成都 3-4年经验 本科 招1人 03-14发布,民营公司,50-150人,计算机软件,1、原始数据分析，参与模型算法选择； 2、参与大数据建模，编写建模代码； 3、模型分类算法分析，分类结果评估； 4、参与评估模型结果，改进建模方法。 岗位要求： 1、本科（3年以上工作经验）或硕士统计数学或相关专业毕业； 2、精通至少一种通用编程语言，如Python、R或Java； 3、精通至少一种数据库通用语言，如SQL； 4、对数据敏感，热衷于数据分析挖掘； 5、有机器学习方法学或大数据分析经验，如回归分析、分类算法、聚类分析等优先； 6、对并行运算，大数据框架（spark、mapreduce等）了解的优先； 7、做过医疗大数据的优先。,2026-03-14
房地产市场/数据分析师,上海联城房地产评估咨询有限公司,上海-静安区,1.5-2.5万/月,上海-静安区 8-9年经验 本科 招1人 03-14发布,民营公司,50-150人,"专业服务(咨询、人力资源、财会),房地产",岗位职责： 1. 负责研究房地产市场发展趋势、房地产市场动态，能够独立撰写研究报告； 2. 根据公司要求，参与各行业协会合作相关课题研究，在各类专业期刊上发表相关论文； 3. 保持市场敏锐度，分析和研究最新产品动态，并撰写产品研究报告； 4. 根据项目及业务需求，积极配合市场和销售，探索客户需求，完成相关产品； 5. 代表公司或项目，可在相关研讨会及沙龙上进行演讲，接受媒体采访； 任职资格： 1. 知名大学毕业或在读，硕士及以上学历； 2、从事经济、房地产等领域相关工作8年以上； 2. 熟悉房地产行业相关法律、法规； 3. 对数字敏感，有较强的逻辑思维能力、分析能力； 4. 有很强的语言表达能力、沟通能力、擅长于媒体沟通； 5. 熟练使用计算机 PowerPoint 、 word 、 excel 等办公软件； 6. 有较强的团队管理能力，具备团队合作精神、适应能力、抗压力。,2026-03-14
数据分析师(外汇/黄金分析师）,苏州兴志合软件信息服务有限公司,苏州-工业园区,0.8-1万/月,苏州-工业园区 在校生/应届生 大专 招2人 03-14发布 普通话良好,外资（非欧美）,150-500人,"电子技术/半导体/集成电路,金融/投资/证券",投递简历请注意： 1、本岗位为金融技术岗，非软件行业的纯数据分析； 2.因公司发展需简要，诚向社会招收优秀的金融人才，只要你拥有完善的操作系统，能够稳定性盈利，或者对金融行业非常感兴趣，致力于成为优秀的金融人才，公司都会提供相应的资金以及机会。 岗位描述： 1、本科及以上学历，经验丰富的专科学历者可考虑，金融、证券、经纪等相关专业背景（***懂外汇交易） 2、熟悉金融市场，有金融类投资分析师资格证和金融公司从业经历优先 3、掌握各类经济分析理论和工具，对金融市场规律有深刻理解，对宏观经济层面有独到的分析能力 4、具备较强的信息收集、热点捕捉和文字写作能力，以及独立的行情研究与判断的能力并能及时进行相关性分析及讲解 5、熟练使用各种技术分析指标，有较强的分析能力，可以结合市场走势及时提出分析和策略参考建议并能遵循风控制度，及时上报操作中出现的差错和异常 6、 通过模型，对数据做比较、分析，做修正 对无相关从业经验者提供岗前培训，并在实习期内根据个人能力，定向发展成为：分析师助理（储备分析师），培训助理（培训讲师）。,2026-03-14
java高级工程师（大数据服务产品线）,北京思特奇信息技术股份有限公司湖南分公司,长沙-芙蓉区,1-1.5万/月,长沙-芙蓉区 3-4年经验 本科 招2人 03-14发布,上市公司,1000-5000人,"通信/电信/网络设备,计算机软件",您的岗位职责： 1、负责湖南本地项目（湖南移动、电信、联通）的开发、上线、部署等。 2、负责与本地客户的交流、需求分析，为研发团队提供输入； 岗位要求： 1、三年以上Java开发相关工作经验，熟悉Java核心技术，有电信行业工作背景优先； 2、熟悉常用的数据库如oralce、mysql等关系型数据库，有分布式缓存、分布式存储技术经验者优先； 3、熟悉大数据基础架构，对流式系统、并行计算、实时流计算等技术有较深的理解； 4、熟悉Hadoop、Hive、Hbase、Storm等技术和架构； 5、熟悉JavaScript/理解jQuery等框架/HTML5/Bootstrap者优先； 6、责任心强，具有良好的团队合作精神，学习能力强； 我们给您的提升： 1、全称参与整个项目周期、不仅局限在某一环节； 2、过程中技术大牛毫无保留的对您各方面的工作指导； 3、主流技术的实践、技术成果的沉淀、知识网面的拓宽等； 加入我们的理由： 1、一切从薪开始：我们提供具行业竞争力的工资 2、靠谱完善的福利待遇：五险一金+餐补+话补+交通补贴+双休+带薪年假+节日福利等都是小意思 3、带你培训带你飞：定期组织外部和内部职业化和管理能力培训（部门内部培训、公司层面培训）、给予个性化的培训资助 5、透明的晋升机制：明确的晋升制度、健全的管理体系、工资和职位的提升机会就在眼前你是否已经对小公司的发展空间感到窒息？ 你是否正在为储存已久的能量寻找更为广阔的平台？ 别再犹豫了、生命短暂、经不起一份错误的工作、快加入我们吧！,2026-03-14
数据分析师（市场方向）,中粮可口可乐辽宁（南）饮料有限公司,大连,3-4.5千/月,大连 1年经验 本科 招若干人 03-14发布 数学与应用数学,合资,1000-5000人,快速消费品(食品、饮料、化妆品),硬性要求： 统招全日制本科或以上学历（数学、统计相关专业）；有数据分析经验；能熟练应用Excel公式及PPT。 1、通过对部门客户的销售数据的收集和整理，协助部门主管完成月度销售及市场回顾、总结，下阶段的工作计划，及制定各阶段的促销方案； 2、 负责数据分析和重点门店的品类管理项目，确保数据的及时性和准确性； 3、搭建和维护大辽宁重点客户零售数据库，收集各大客户系统日销售POS数据，完成各客户系统的POS数据分析； 4、 根据重点客户零售数据预测MT市场份额并出具数据建议； 5、负责KA市场促销活动的落地执行（月度/年度），包括客户促销、消费者促销等，完成业务宣导，并协助业务落实执行。,2026-03-14
数据分析师-W-T,上海古道商务咨询有限公司,武汉,4-6千/月,武汉 1年经验 本科 招1人 03-14发布,民营公司,150-500人,"互联网/电子商务,贸易/进出口",1、负责电商数据采集整理，对数据进行深度分析、挖掘和建模（包含市场分析数据， 运营中数据， 售后数据， 策略数据 等）； 2、对用户行为数据进行分析和挖掘，建立数据分析体系及各项报表，并撰写分析报告； 3、调研平台上新产品、利润及竞争对手分析，分析客户需求，做好产品生命周期管理； 4、对业务部各站点销售情况进行统计分析，对市场分布情况、重点商品结构、利润结构进行分析 5、独自完成数据提取、报表制作、深入分析等； 6、负责公司月度、季度、年度库存数据分析。 7、负责竞争对手热销品和新品数据分析，协助业务部主管制定销售策略； 职位要求： 1、有一年以上电商数据分析工作经历，统计学、计量经济学、数学、数据挖掘、信息类等数据分析相关专业本科以上学历 2、 有数据统计分析、数据挖掘等互联网行业数据分析经验 3、 熟悉数据建模知识、数据挖掘理论，掌握数据分析体系方法； 4、 具备一定的产品思维，熟练掌握产品需求分析、设计技巧，对交互设计过程有一定的理解 5、具备较强的数据分析能力、逻辑思维能力、对内外组织沟通能力、执行能力和团队精神；,2026-03-14
大数据开发资深工程师,苏州佳祺仕信息科技有限公司,苏州-高新区,1.5-3万/月,苏州-高新区 3-4年经验 本科 招2人 03-14发布 英语良好,民营公司,150-500人,"仪器仪表/工业自动化,机械/设备/重工",岗位职责： 1、参与大规模数据快速查询系统的架构设计和开发； 2、流数据分析平台的开发； 3、研究大数据前沿技术，优化性能提升效率； 4. 参与大数据的采集、存储、处理，参与大数据平台构建，并通过分布式大数据平台加工数据； 5. 参与数据挖掘算法的设计、对海量数据进行挖掘分析和发掘数据价值及机器学习算法的实现 任职要求： 1、计算机或相关专业本科学历及以上，如条件优秀可放宽，精通Java、Scala、C#、Python中的至少两种编程语言 2、熟悉Hadoop、ES、Spark、Kafka、Flink等一个或多个主流大数据处理框架与技术 3、熟悉处理数据模型、数据ETL以及存储管理 4、熟悉分布式系统概念、架构，有大规模分布式系统设计、实现、部署等经验 5、有常见的数据分析算法模型、数据分析、数据挖掘相关的项目经验的加分 6、具有优秀的学习能力、独立分析和解决问题能力，良好的团队合作精神 7、有IoT行业相关工作经验者优先,2026-03-14
数据分析师,北京微播易科技股份有限公司,上海-徐汇区,0.8-1.2万/月,上海-徐汇区 2年经验 本科 招2人 03-14发布,民营公司,150-500人,"互联网/电子商务,广告",1、理解公司现有数据能力，为业务拓展提供数据支持，独立完成相关研究报告； 2、从客户需求和市场环境出发，对公司现有数据业务进行梳理，提出长期优化建议并不断落实； 3、基于长期数据洞察积累，协同数据分析团队产出行业通用的社媒投放策略模型和工具。 1、本科及以上学历，统计学、心理学、定量方向的社会学、计量经济学等专业优先； 2、3年及以上数据分析或时长研究相关工作经验，有社媒、电商行业分析经验优先； 3、熟练操作Excel、PowerPoint等Office工具，熟练使用数据分析和挖掘工具（如SPSS/Clementine等）优先； 4. 商业感觉敏锐，对数据敏感，能快速理解业务，能主动寻找业务各环节中数据分析的应用机会； 5、良好的逻辑分析及文字表达能力； 6、良好的沟通表达能力强，善于协调，有责任心，具备强烈的进取心、求知欲及团队合作精神。,2026-03-14
大数据开发工程师,上海金指软件技术有限公司,上海-浦东新区,1.2-1.8万/月,上海-浦东新区 3-4年经验 本科 招10人 03-14发布,民营公司,50-150人,"互联网/电子商务,计算机软件",岗位名称：大数据开发工程师 岗位职责： 1、负责系统设计和核心代码的编写； 2、负责协助项目经理完成技术评审和代码评审； 3、负责完成单元、联调等测试问题的修复； 4、负责协助测试人员和用户完成测试，并根据测试反馈进行问题修复； 5、完成项目经理交代的其它任务。 岗位要求： 1. 计算机及相关专业本科以上学历； 2. 至少2年以上Java开发经验，其中有1至2年大数据开发经验； 3. 熟悉大数据相关组件如：Hadoop/Spark/Hive/Kafka/Storm等； 4. 熟悉Linux操作系统； 5. 掌握常用的设计模式和架构模式，能够熟练使用建模工具进行系統设计； 6. 能够完成核心产品代码的研发工作，解决项目中关键问题和技术问题； 7. 工作责任心强，具备良好的团队合作精神，良好的沟通及协作能力。 福利和薪资待遇： 一、上海金指软件技术有限公司按国家规定为所有员工缴纳五险一金，实行项目绩效奖金、有节日补贴； 二、每周提供免费活动场地，组织羽毛球等健身活动，让员工快乐工作，乐享生活； 三、为员工提供一系列的专业化培训，提升员工技能； 四、公司包中餐，同时为有需要的员工提供员工宿舍； 五、每年春、秋季公司组织全体员工旅游； 六、优秀员工可持有一定量的公司股票。 工作地点：上海市浦东新区,2026-03-14
生物医学大数据工程师（初级）,慧算医疗科技（上海）有限公司,上海-浦东新区,6-8千/月,上海-浦东新区 招2人 03-14发布 生物医学工程 软件工程,民营公司,50-150人,"制药/生物工程,计算机软件",工作职责: 1、负责爬虫的设计和开发，网页信息抽取技术的研究和开发； 2、数据库维护和监控，开发相应的API查询接口； 3、负责管理公司平台核心数据库系统； 任职资格: 2、精通python/R语言；熟悉常用算法和数据结构， 3、精通PMySQL开发， 熟悉HTML、PHP、JavaScript、CSS、XML、AJAX等知识； 4、熟悉或了解信息检索基本概念，有文本挖掘、信息处理、知识系统等方面的研究与开发经验者优先。,2026-03-14
数据分析师,上海视互力商贸有限公司,上海-嘉定区,0.8-1.2万/月,上海-嘉定区 3-4年经验 本科 招1人 03-14发布,民营公司,150-500人,"互联网/电子商务,快速消费品(食品、饮料、化妆品)",1.负责零售的产品、会员、供应链的指标建立以及数据体系搭建和优化； 2.负责数据报表的制作，并进行常态的监控，推动数据平台的完善(Temp BI)； 3.及时对业务进行分入分析，发现业务中存在的问题，并提供改进意见； 4.根据具体业务问题，提供专项的数据分析报告； 5.了解常用数据挖掘算法(如分类、聚类、回归、关联规则等)，具备相关项目经验优先； 6.完成领导交代的其他任务； 任职要求： 1、本科以上学历，理工科专业，2年以上相关工作经验； 2、熟练掌握SQL，熟悉Python、Oracle、R等数据库/语言； 3、熟练使用Excel、PPT、Tableau、PowerBI、TempBI等商业BI工具； 4、熟练使用X-mind制作各种思维导图； 5、有很强的责任感，良好的团队意识， 有良好的数据敏感度、数据分析能力和思维， 具备较强的自学能力和良好的沟通协调能力。,2026-03-14
数据分析师,江苏五一互联电子商务有限公司,苏州-吴中区,0.8-1万/月,苏州-吴中区 1年经验 本科 招1人 03-14发布,民营公司,150-500人,互联网/电子商务,岗位职责： 1、大宗产品相关产业研究、市场调研、行业分析，制作、撰写相关的项目报告及汇报方案，并做实地调研及现场汇报等工作； 2、深入研究某行业领域，更好的服务行业客户的个性化需求，提供满足客户需求的解决方案、产品策略、分析模型等； 3、组织、管理、协调项目组成员工作，在规定的时间妥善解决项目中出现的问题。 任职资格： 1、本科及以上学历，材料学或金融、经济、政治类、数学等相关专业者优先； 2、在有色领域平台一年以上的工作经验； 3、熟练使用office办公软件，具备一定的文字撰写、数据分析处理、编辑排版能力； 4、有市场调查、项目洽谈、招投标、产品/项目经理、有色金属期货分析操盘经验优先。,2026-03-14
大数据算法工程师,安徽百诚慧通科技有限公司,合肥-高新区,1.5-2.2万/月,合肥-高新区 招1人 03-14发布,民营公司,50-150人,互联网/电子商务,岗位职责： 1、研究前沿大数据深度学习、机器学习算法 2、为业务需求设计解决方案，模型构建、部署和监控，持续给出优化、升级方案 3、跟踪技术发展，发掘新技术的应用场景 任职资格： 1、 计算机、机器学习等相关专业背景，本科及以上学历； 2、熟悉Linux开发环境，具有优秀的代码能力 3、扎实的数学、机器学习、数据挖掘和深度学习基础 4、 满足以下一个或多个条件 a) 非常熟悉至少一种主流深度学习算法框架 包括但不限于PyTorch Tensorflow MXNet Keras等； b) 熟悉推荐、广告、搜索等各类算法； c) 大数据处理经验; d) 大规模机器学习算法实现； 5、积极主动，优秀的分析问题和解决问题能力； 6、具有良好的沟通表达能力，具备较强的团队合作意识。,2026-03-14
大数据开发工程师,上海通方信息系统有限公司,上海-静安区,1.5-2万/月,上海-静安区 2年经验 大专 招若干人 03-14发布,民营公司,150-500人,"计算机软件,互联网/电子商务",1. 负责基于Hadoop/Spark生态系统的大数据计算和挖掘研发； 2. 基于业务需求，抽象并开发相关数据业务； 3. 参与大数据集群的扩容及性能优化，以及大数据基础环境的架构设计与改进； 4. 跟进大数据前沿技术发展，将核实的技术方案引入业务。 任职要求： 1. 两年及以上大数据开发经验，掌握Java/Scala语言，熟悉SHELL，能熟练进行Hadoop/spark之上的开发； 2. 熟悉大数据开源技术，包含(不限于)Hive/spark streaming/spark sql/Hbase/Kafka/IMPALA/KYLIN/FLUME 等分布式采集/计算/存储/查询相关技术； 3、对大数据组件工作原理有深入的研究，具备实际的性能调优经验; 4、具备快速学习掌握新知识的能力，优秀的分析、解决问题能力，具备良好的抽象归纳能力和创新能力，对新技术有钻研精神。,2026-03-14
数据工程师,中国科学院上海高等研究院,上海-浦东新区,1-1.5万/月,上海-浦东新区 本科 招1人 03-14发布 英语精通,事业单位,1000-5000人,政府/公共事业,1. 能够对于数据库使用etl规则进行抽取放入kudu或者Hbase中 2. 对数据进行清洗，分类。能够对多源数据进行 3. 实现数据目录管理，搭建elasticsearch建立索引 4. 实现数据的统计以及展现 5. 熟悉数据库Mongodb、Hbase、kudu等 1、 1年以上linux平台上JAVA服务器开发工作经验，熟悉shell或脚本语言； 2、 熟练使用JAVA开发语言进行基于web的应用开发，熟悉数据缓存及数据库开发（具备在大型数据库进行java语言的开发经验）； 3、 了解非结构化数据，能对视频等进行提取与存储。 4、 较强分布式系统的开发经验； 5、 熟悉缓存、消息等机制；能对分布式常用技术进行合理应用，解决问题； 6、 熟悉TCP/IP协议，熟悉socket和多线程开发，具备高访问量web开发工作经验；,2026-03-14
大数据工程师,博微太赫兹信息科技有限公司,合肥,1.5-2.5万/月,合肥 3-4年经验 硕士 招3人 03-14发布,国企,150-500人,"学术/科研,政府/公共事业",岗位职责： 1、根据需求完成海量数据的综合分析和处理任务； 2、对数据应用进行架构设计； 3、运用开源大数据软件解决问题。 任职要求： 1、硕士及以上学历，计算机、应用数学、信息处理等相关专业； 2、精通C/C++编程，熟悉JAVA、Python等编程语言； 3、有大数据相关研究经验，有数据挖掘能力； 4、熟悉主流数据库应用开发； 5、能吃苦耐劳，适应出差。,2026-03-14
大数据算法工程师,安徽百诚慧通科技有限公司,合肥-高新区,1.5-2.2万/月,合肥-高新区 招1人 03-14发布,民营公司,50-150人,互联网/电子商务,岗位职责： 1、研究前沿大数据深度学习、机器学习算法 2、为业务需求设计解决方案，模型构建、部署和监控，持续给出优化、升级方案 3、跟踪技术发展，发掘新技术的应用场景 任职资格： 1、 计算机、机器学习等相关专业背景，本科及以上学历； 2、熟悉Linux开发环境，具有优秀的代码能力 3、扎实的数学、机器学习、数据挖掘和深度学习基础 4、 满足以下一个或多个条件 a) 非常熟悉至少一种主流深度学习算法框架 包括但不限于PyTorch Tensorflow MXNet Keras等； b) 熟悉推荐、广告、搜索等各类算法； c) 大数据处理经验; d) 大规模机器学习算法实现； 5、积极主动，优秀的分析问题和解决问题能力； 6、具有良好的沟通表达能力，具备较强的团队合作意识。,2026-03-14
大数据开发工程师,上海通方信息系统有限公司,上海-静安区,1.5-2万/月,上海-静安区 2年经验 大专 招若干人 03-14发布,民营公司,150-500人,"计算机软件,互联网/电子商务",1. 负责基于Hadoop/Spark生态系统的大数据计算和挖掘研发； 2. 基于业务需求，抽象并开发相关数据业务； 3. 参与大数据集群的扩容及性能优化，以及大数据基础环境的架构设计与改进； 4. 跟进大数据前沿技术发展，将核实的技术方案引入业务。 任职要求： 1. 两年及以上大数据开发经验，掌握Java/Scala语言，熟悉SHELL，能熟练进行Hadoop/spark之上的开发； 2. 熟悉大数据开源技术，包含(不限于)Hive/spark streaming/spark sql/Hbase/Kafka/IMPALA/KYLIN/FLUME 等分布式采集/计算/存储/查询相关技术； 3、对大数据组件工作原理有深入的研究，具备实际的性能调优经验; 4、具备快速学习掌握新知识的能力，优秀的分析、解决问题能力，具备良好的抽象归纳能力和创新能力，对新技术有钻研精神。,2026-03-14
数据工程师,中国科学院上海高等研究院,上海-浦东新区,1-1.5万/月,上海-浦东新区 本科 招1人 03-14发布 英语精通,事业单位,1000-5000人,政府/公共事业,1. 能够对于数据库使用etl规则进行抽取放入kudu或者Hbase中 2. 对数据进行清洗，分类。能够对多源数据进行 3. 实现数据目录管理，搭建elasticsearch建立索引 4. 实现数据的统计以及展现 5. 熟悉数据库Mongodb、Hbase、kudu等 1、 1年以上linux平台上JAVA服务器开发工作经验，熟悉shell或脚本语言； 2、 熟练使用JAVA开发语言进行基于web的应用开发，熟悉数据缓存及数据库开发（具备在大型数据库进行java语言的开发经验）； 3、 了解非结构化数据，能对视频等进行提取与存储。 4、 较强分布式系统的开发经验； 5、 熟悉缓存、消息等机制；能对分布式常用技术进行合理应用，解决问题； 6、 熟悉TCP/IP协议，熟悉socket和多线程开发，具备高访问量web开发工作经验；,2026-03-14
大数据工程师,博微太赫兹信息科技有限公司,合肥,1.5-2.5万/月,合肥 3-4年经验 硕士 招3人 03-14发布,国企,150-500人,"学术/科研,政府/公共事业",岗位职责： 1、根据需求完成海量数据的综合分析和处理任务； 2、对数据应用进行架构设计； 3、运用开源大数据软件解决问题。 任职要求： 1、硕士及以上学历，计算机、应用数学、信息处理等相关专业； 2、精通C/C++编程，熟悉JAVA、Python等编程语言； 3、有大数据相关研究经验，有数据挖掘能力； 4、熟悉主流数据库应用开发； 5、能吃苦耐劳，适应出差。,2026-03-14
高新诚聘数据分析师,山东澳威企业管理咨询有限公司,济南-历城区,6-8千/月,济南-历城区 招3人 03-14发布,民营公司,少于50人,专业服务(咨询、人力资源、财会),岗位职责： 1、根据市场调研计划和目标，与部门总监一起拟定调查方案、设计调查问卷，确定调研的地点、时间和人员等，并组织实施； 2、根据已确定的市场调研方案，进行发放和收集调查问卷，访问调查对象、收集数据等具体调查工作，确保及时完成任务； 3、根据部门总监安排，监测相关行业及媒体的发展动态，收集相关资料和数据； 4、按一定的规则整理，利用数据分析工具和技术，进行数据分析，形成市场调研报告，并提供给相关领导或部门； 5、积极主动与相关人员进行沟通，确认调研结果的准确性. 6、一年十三薪，年终奖金，五险，不定期员工旅游，节日福利，带薪专业培训等福利,2026-03-14
GIS数据开发工程师,杭州经纬信息技术股份有限公司,杭州-余杭区,6-8千/月,杭州-余杭区 1年经验 本科 招3人 03-14发布,民营公司,500-1000人,"计算机服务(系统、数据服务、维修),通信/电信/网络设备",1、负责按项目需求，整理编辑基础地图数据，完成项目数据生产；,2026-03-14
数据分析师/数据专员-偏快手直播,广州集优电子商务有限公司,广州-海珠区,6-9千/月,广州-海珠区 2年经验 大专 招1人 03-13发布,民营公司,150-500人,"互联网/电子商务,批发/零售",岗位职责： 1、关注国内外大小彩妆品牌的直播带货数据并分析。 2、收集快手直播平台带货的主播，并分析数据。 3、根据快手直播中客户与主播的特性，分析与优化我们的直播，令我们在选品、活动力度等决策上更精准。 任职要求： 1、对彩妆行业与产品有一定的了解； 2、有在字节跳动/抖音/快手/今日头条等直播、短视频平台任职数据分析优先，或有快手直播/快手运营工作经验优先； 3、大专及以上学历，统计学、经济统计学、数学等相关专业优先； 4、2年及以上数据分析工作经验，对数据具有较强的敏感性； 5、具备数据分析专业知识，能够通过数据查找到营销的机会点及痛点难点，给出针对性建议； 6、熟练操作办公软件，善于运用数据分析工具。,2026-03-13
大数据模型工程师,深圳市易仓科技有限公司,深圳-南山区,1.3-2.5万/月,深圳-南山区 5-7年经验 本科 招若干人 03-13发布,民营公司,150-500人,"计算机软件,互联网/电子商务",1、负责公司数据梳理、整合和数据规范制定； 2、负责跨境电商行业数据仓库（大数据平台）项目需求，调研，程序优化，项目管理工作； 3、负责大数据系统架构设计，并推动落地；(数据接入、存储、计算、服务、应用和展现，确保系统持续稳定、高效运行) 4、定位和解决线上平台系统的各类问题，研究大数据技术发展动态，研究新型计算框架，并能够提出优化解决方案； 5、负责数据仓库业务主题数据建模，及核心代码开发，构建设计良好的数据流、数据仓库、调度系统、查询引擎，数据服务、分析系统、流程规范，数据工具产品，降低数据的使用门槛，保证系统稳定高效运行，以实现数据的价值； 岗位要求： 1、良好的沟通协调、分析解决问题能力，了解常见的电商业务流程和数据结构，热爱技术和业务创新，强烈的责任心； 2、熟悉基于Hadoop生态搭建数据仓库的数据流程及数据存储方式； 3、深度了解Hadoop、Spark、HBase、Hive、HDFS、YARN、Storm、MR、Zookeeper、Kafka、Atlas等组件，深入了解大数据处理技术的实现方法，有丰富的分布式系统疑难问题定位经验; 4、扎实的java编程基础，熟悉Python、Scala或者Go语言之一，对各种开源的框架如Spring、Mybatis、Redis等有深入的了解; 5、精通大数据数据仓库建模方法论及思路，独立完成模型优化；熟练使用PowerDesigner等建模工具进行建模；,2026-03-13
大数据开发工程师,纬创资通（昆山）有限公司,昆山,1-1.5万/月,昆山 在校生/应届生 本科 招5人 03-09发布 英语熟练 计算机科学与技术 数学与应用数学,外资（非欧美）,10000人以上,计算机软件,岗位描述： 基于数据分析及软件编程等专业能力，提案改善成立专项，提升生产效率。 1 2、硕士、博士优先 专业能力： 1 优化 优化 2 3 4,2026-03-09
算法工程师,杭州观远数据有限公司,杭州-余杭区,1.5-3万/月,杭州-余杭区 2年经验 本科 招若干人 03-14发布,创业公司,150-500人,计算机软件,1、熟练掌握各种主流机器学习算法的基础上，分析不同的业务需求，寻找并构建有效的行业解决方案； 2、对业界的分布式机器学习算法和应用有广泛了解并且能够跟踪最新进展； 3、承担深度学习相关方面的核心算法的研究工作； 4、制定有效项目进度管理机制，按照项目上线时间表，推进项目研发工作。 岗位要求： 1、拥有计算机科学、统计或相关学科的本科及以上学位，或在大数据领域有工作经验； 2、在自然语言处理（NLP）、知识图谱、机器学习、深度学习、大规模分布式机器学习领域有3-5年研发经验； 3、熟练掌握各种深度学习工具； Coding能力较强，主导过项目算法核心模块工程化实现优先； 4、良好的沟通能力和团队合作精神，有一定的组织协调能力； 5、对于把大数据分析的结果能够应用到实际业务场景产生商业价值具有强烈的热情。,2026-03-14
算法工程师-金风慧能,北京金风科创风电设备有限公司,北京,,北京 硕士 招2人 03-14发布,上市公司,,机械/设备/重工,工作职责 (1)负责运用机器学习相关技术，对风电或光伏数据进行统计分析，研究新的风/光伏电场短期和超短期功率预测建模算法，提升预报准确率； (2)主导开展专题项目研究工作，能够跨系统的沟通数据需求，针对数据产品，编写调研报告和项目解决方案； (3)负责算法平台的维护与优化工作。 任职要求 (1)研究生及以上学历；计算机、数学相关专业； (2)熟练掌握支持向量机、神经网络等机器学习算法原理，并能结合实际应用提出优化改进方案； (4)工作地点：北京/无锡。,2026-03-14
算法工程师,苏州智华汽车电子有限公司,苏州,,苏州 硕士 招1人 03-14发布,民营公司,,机械/设备/重工,1.热爱计算机科学和互联网技术，对人工智能/智能驾驶类产品有浓厚兴趣；2.具有扎实的图像处理或语音识别相关知识；3.有扎实的数据结构和算法基础；4.具有通信处理相关知识,2026-03-14
计算机视觉实习工程师,微民保险代理有限公司,深圳-南山区,150元/天,深圳-南山区 在校生/应届生 本科 招2人 03-14发布,民营公司,500-1000人,"保险,互联网/电子商务","工作职责： 1、负责证件、票据、保单等影像资料内容OCR相关算法研究与产品开发。 2、负责保险AI理赔工具和保单管理的核心算法优化，如车险划痕识别及定损等方向； 3、负责跟进行业前沿技术发展趋势，跟踪国际最新算法发展方向和相应技术 任职资格： 1、计算机相关专业 2、掌握计算机视觉和图像处理基本算法，并在如下一个或多个相关方向有较深入研究：检测、识别、OCR、分类、语义分割、图像处理； 3、良好的编程能力，熟悉linux系统、C/C++语言；精通shell、python等脚本语言；有golang开发经验者优先考虑； 4、性格开朗，责任心强，良好的沟通能力和团队协作能力； 5、在国际顶尖会议或期刊（包括但不限CVPR, ICCV, ECCV, NIPS, ICML, AAAI, TPAMI, IJCV等）上发表过论文者优先。 6、每周至少4天，实习至少3个月 公司简介： 微保WeSure是腾讯旗下保险代理平台，承载腾讯平台的连接与大数据能力，在微信九宫格中为用户提供服务。微保从众多保险产品中严选出性价比高的产品，并提供独家的优惠与增值服务。目前微保已经拥有超过5500万注册用户，为超过2500万用户提供了保险服务，人均保费超过1000元，用户投保复购率高达40%。此外，微保结合腾讯不同的场景（公交出行，支付，充值等等），让保险变得更加简单、时尚、好玩，让用户在有需要的时候接触到适合他的保障。",2026-03-14
深度学习工程师,深圳市维新教育科技有限公司,异地招聘,3-4万/月,杭州 在校生/应届生 硕士 招6人 03-14发布,民营公司,50-150人,"专业服务(咨询、人力资源、财会),中介服务","岗位职责： 1. 负责开发运行于传感器端的机器感知算法和人工智能算法并应用于低功耗、低延迟的自治系统（autonomous systems）； 2. 通过建模、仿真、实验、数据收集以及择优分析（trade-off study）等手段来评估系统的性能； 3. 参与尖端的计算视觉研究； 4. 参与硬件、自动化以及产品设计等团队的工作。 要求： 1. 图像/视频处理相关深度学习实际项目经验 2. 具有深度神经网（尤其是CNN）或强化学习（RL）方面的经验； 3. 具有实现深度学习及强化学习算法的经验； 4. 具有使用机器学习工具（例如Caffe, TensorFlow, Pytorch）等的经验； 5. 具有良好的人际交往技能、跨组和跨文化合作的能力； 6. 英文听说读写能力好。",2026-03-14
基于人工智能的算法模型与行业方案研究员（北京）,“蓝色之路”暑期实习项目,北京,,北京 本科 招若干人 03-14发布,外资（非欧美）,,机械/设备/重工,此职位为“蓝色之路”暑期实习职位 工作内容： 开展人工智能相关领域研究和开发工作。分析、设计、开发并验证不同领域的机器学习/深度学习模型算法，如计算机视觉，传感器数据分析，自然语言处理与知识图谱，推荐系统等。在此基础上结合具体行业（例如制造业，汽车，金融保险等）的业务场景需求开发相应的创新解决方案，并支持IBM公司相关产品研发；跟踪及研究机器学习及深度学习前沿技术。撰写发表高质量学术论文。 职位要求： 1、 2021年硕士及以上应届毕业生，模式识别、计算机、自动化等相关专业 2， 人工智能技术背景：例如机器学习、深度学习、增强学习、个性化推荐等； 3、 熟悉常用深度学习框架（如Caffe，Tensorflow或Torch等）； 4、 熟悉常用编程语言（如C/C++，Python）及框架（如Hadoop/Spark）； 5、 善于分析和解决问题，富有想象力和学习能力，良好的团队合作 6、 在物联网数据分析等相关领域有研发经历者优先录取； 7、 在计算机视觉，模式识别等方面有丰富研发经验者优先录取； 8、 发表过相关方向高水平学术论文者优先录取； 9、 参加过相关国际评测，并取得一定名次者优先录,2026-03-14
基于人工智能的算法模型与行业方案研究员（北京）,“蓝色之路”暑期实习项目,北京,,北京 本科 招若干人 03-14发布,外资（非欧美）,,机械/设备/重工,此职位为“蓝色之路”暑期实习职位 工作内容： 开展人工智能相关领域研究和开发工作。分析、设计、开发并验证不同领域的机器学习/深度学习模型算法，如计算机视觉，传感器数据分析，自然语言处理与知识图谱，推荐系统等。在此基础上结合具体行业（例如制造业，汽车，金融保险等）的业务场景需求开发相应的创新解决方案，并支持IBM公司相关产品研发；跟踪及研究机器学习及深度学习前沿技术。撰写发表高质量学术论文。 职位要求： 1、 2021年硕士及以上应届毕业生，模式识别、计算机、自动化等相关专业 2， 人工智能技术背景：例如机器学习、深度学习、增强学习、个性化推荐等； 3、 熟悉常用深度学习框架（如Caffe，Tensorflow或Torch等）； 4、 熟悉常用编程语言（如C/C++，Python）及框架（如Hadoop/Spark）； 5、 善于分析和解决问题，富有想象力和学习能力，良好的团队合作 6、 在物联网数据分析等相关领域有研发经历者优先录取； 7、 在计算机视觉，模式识别等方面有丰富研发经验者优先录取； 8、 发表过相关方向高水平学术论文者优先录取； 9、 参加过相关国际评测，并取得一定名次者优先录,2026-03-14
化学信息（机器学习）科学家(J14012),上海药明康德新药开发有限公司,上海-浦东新区,1.3-2.6万/月,上海-浦东新区 无需经验 硕士 招2人 03-14发布,合资,10000人以上,"制药/生物工程,外包服务","工作职责: 1，负责化合物库合成中化学信息学处理，数据统计及分析； 2，负责NGS数据的挖掘、提取及分析； 3，负责大量化合物库数据的维护； 4，负责收集汇总并应用人工智能领域研究在DNA编码化合物库的新技术，新方法。 任职资格: 1，化学信息学、生物信息学、药物设计学等科学计算或相关领域硕士及以上学历； 2，熟悉常用化学信息学工具，rdkit, CDK, knime； 3，精通计算机编程,熟悉Python、Java、C#，SQL中一门或多门语言； 4，熟悉科学计算，熟悉数据库，熟练使用Linux系统； 5，了解数据挖掘、机器学习相关算法，解决核心业务需求； 6，自学能力强，办事细致认真负责，有较强批判性思维能力和解决问题的能力； 7，中文和英语流利，有责任心，有良好的沟通和领导能力，能与其他学科的科学家有效地交流，具有积极和协作的态度； 8，能跨职能部门协作，特别是与集团IT交流。",2026-03-14
自动驾驶后端开发工程师,无锡晓枫信息产业研究院有限公司,上海-浦东新区,1.5-2.5万/月,上海-浦东新区 3-4年经验 本科 招2人 03-14发布,民营公司,50-150人,"计算机软件,计算机服务(系统、数据服务、维修)","1、参与系统开发中各个阶段的工作； 2、负责系统中某些功能模块的开发和维护； 3、与团队中其他成员合作，解决软件开发中遇到的问题； 4、编写清晰完整的系统功能文档和设计文档； 5、主要针对汽车行业进行数据的加工、处理 。 任职要求： 1、本科及以上学历,计算机等相关专业优先，4年以上经验； 2、熟悉JAVA/C++开发语言，有使用甚至参与开源项目的经验更佳； 3、熟悉SQL/NoSQL数据库，熟悉SPing框架； 4、熟悉Unix/linux下C++后台开发经验； 5、熟悉云计算Docker，K8S，FLINK等； 6、熟悉常用的处理脚本 如bat shell python等 。",2026-03-14
自动驾驶后端开发工程师,无锡晓枫信息产业研究院有限公司,上海-浦东新区,1.5-2.5万/月,上海-浦东新区 3-4年经验 本科 招2人 03-14发布,民营公司,50-150人,"计算机软件,计算机服务(系统、数据服务、维修)","1、参与系统开发中各个阶段的工作； 2、负责系统中某些功能模块的开发和维护； 3、与团队中其他成员合作，解决软件开发中遇到的问题； 4、编写清晰完整的系统功能文档和设计文档； 5、主要针对汽车行业进行数据的加工、处理 。 任职要求： 1、本科及以上学历,计算机等相关专业优先，4年以上经验； 2、熟悉JAVA/C++开发语言，有使用甚至参与开源项目的经验更佳； 3、熟悉SQL/NoSQL数据库，熟悉SPing框架； 4、熟悉Unix/linux下C++后台开发经验； 5、熟悉云计算Docker，K8S，FLINK等； 6、熟悉常用的处理脚本 如bat shell python等 。",2026-03-14
算法工程师,上海宝能信息科技有限公司,上海-宝山区,1.5-3.5万/月,上海-宝山区 2年经验 本科 招1人 03-14发布,民营公司,50-150人,计算机软件,1 负责智慧工厂、智能调度等相关算法的实现和创新研究 ； 2 负责机器学习、深度学习在智慧能源、智慧制造等领域的研究和开发及部署优化等工作。 任职要求： 1. 本科及以上学历，计算机、自动化、数学、统计学等相关专业毕业，2年以上算法相关工作经验 ； 2. 具备较好的算法知识背景，熟悉机器学习和深度学习原理与算法，优化算法等； 3. 具有大数据统计建模和工程经验，有从事能源环保管理、智能调配、运行分析优化相关工作经验者优先； 4. 具备良好沟通交流能力，具有团队精神。,2026-03-14
调度算法工程师,深圳市镭神智能系统有限公司,深圳-宝安区,0.8-1.6万/月,深圳-宝安区 1年经验 本科 招3人 03-14发布,民营公司,150-500人,"电子技术/半导体/集成电路,仪器仪表/工业自动化",职责描述： 1、负责机器人路径规划以及配合系统架构工程师完成整个调度项目的研发； 2、参与多机器人动态调度算法代码研发与编写，以及调试工作； 3、负责该岗位基本文档的编写。 任职要求： 1、有路径规划算法以及调度算法相关项目经过者优先； 2、熟悉C++、python等编程语言，掌握常用的路径规划算法及相关数据结构； 3、熟悉基于时间窗的多机器人动态调度算法； 加入镭神让您与众不同！,2026-03-14
图形算法工程师,哈尔滨福特威尔科技有限公司,哈尔滨,,哈尔滨 本科 招2人 03-14发布,创业公司,,计算机软件,职位描述： 1. 3D点云数据 mesh 生成； 2. 3D图形模型重建，用以精确描述3D点云数据的几何形状； 3. 能依据项目的具体功能要求，设计合理、有效的3D图形处理算法并实现；,2026-03-14
物联网开发工程师,苏州方正璞华信息技术有限公司,北京-海淀区,1-1.5万/月,北京-海淀区 2年经验 本科 招若干人 03-14发布,民营公司,500-1000人,计算机软件,岗位描述： 1、负责公司产品的软件开发及架构设计 2、保证系统稳定性、性能优化等相关工作 3、探索并应用前沿技术，以保持技术的先进性 4、根据实际工作需要，参与特定项目的开发和运维实施任务。 任职要求： 1、自动化、电子、机械、通信、计算机相关专业本科或以上学历；2年以上相关工作经验； 2、拥有扎实的Java基础，熟悉应用程序调优、JVM调优手段，有高并发下系统调优经验者优先，良好的设计模式与思维； 3、精通使用 Spring，SpringMVC，MyBatis，Hibernate等开发框架，熟悉Tomcat等开源服务器； 4、熟练使用html，css，js等WEB前端技术，至少掌握一种前端UI框架，至少掌握并熟练使用一种主流 5、精通MySQL，Redis，对NoSQL存储技术有一定的了解，有数据库优化经验者优先； 6、熟练使用Linux / Unix，具备Linux / Unix平台上1年以上的开发经验； 7、熟悉分布式系统的设计和应用，熟悉数据库、缓存、消息队列、RPC等内部机制 8、技术视野开阔，有较强的分析和解决复杂问题的能力，具备良好的沟通、组织协调能力以及强烈的责任心； 9、熟悉工业网关、MES、DCS、SCADA等工业现场系统，有PLC、空压机、机床CNC等工业设备联网经验者优先；,2026-03-14
算法工程师（济南）,北京亚控科技发展有限公司,济南,,济南 硕士 招50人 03-14发布,民营公司,,计算机软件,"1、招聘要求： 1）工业工程、控制工程 、数学、计算机专业的博士或优秀的硕士； 2）熟练使用C++或matlab或Python, 熟悉数据库知识； 3）工作勤奋，有团队精神，能承担一定的工作压力，接受中短期出差； 4）熟悉规划模型、优化算法、数据挖掘算法者优先； 5）具有离散或流程行业信息化系统调度算法的研究者优先； 2、岗位职责： 负责研究指定行业的APS系统并建立相应的调度算法。",2026-03-14
算法工程师,成都玻尔兹曼科技有限公司,成都,1.5-2.5万/月,成都 1年经验 本科 招2人 03-14发布 计算机科学与技术 软件工程,民营公司,150-500人,计算机软件,： 1、算法设计：负责项目前期规划，寻找和设计相关算法及模型； 2、样本采集：结合项目的任务需求和运行实际情况，进行样本集采集和制作； 3、网络搭建：搭建网络实现算法设计的要求； 4、训练调优：调整网络结构，以及网络中的超参数，保证训练效果； 5、项目总结：总结项目过程中的难点和遇到的Bug，项目方案资料汇总归档。 ： 1、熟悉Python、C、C++、Matlab、java编程语言中的一种或多种； 2、熟练使用Caffe、Tensorflow、PyTorch、Keras等开源深度学习框架中的一种或多种； 3、至少精通结构化数据、计算机视觉、语音、自然语言处理、强化学习等其中一个领域，并有建模全流程相关工作经验； 4、熟悉计算机视觉和处理的常用方法(物体分割、识别、检测、跟踪等)；熟悉深度学习原理和基本模型cnn，rcnn，frcnn，yolo，svm其中至少一种，并且有实战经验； 5、要求有优良的数学功底，在机器学习、深度学习，统计学等方面有较深入的研究； 6、良好的英文阅读能力； 7、对前沿算法有强烈的兴趣，思辨能力强，沟通协作意识好，责任心及结果导向意识强，自驱力强。,2026-03-14
人工智能（AI）工程师,浙江青草地控股集团有限公司,异地招聘,1-1.5万/月,宁波-高新区 3-4年经验 本科 招2人 03-14发布,合资,50-150人,"环保,互联网/电子商务",1.人工智能机器人软件研发。项目主要集中于应用层的开发。 软件研发主要集中在机器人，机械臂，路径规划，人工智能等方向的功能。 2.按照项目需要使用指定软件工具，开发需要的功能。.软件工具可以是Java Python C。 任职要求： 1.自动控制、计算机、电子、机电类专业，硕士毕业。本科毕业，需要有至少2年软件开发经验。 2.熟练掌握一门编程语言，JavaPythonC。或者对编程或者电子制作有强烈爱好的初级人员。 3.对机器人相关系统编程开发有经验者优先。 4.对做电子和机械类、机器人、人工智能开发有兴趣爱好者。 5.基本的沟通协调能力，基本的文档能力。 6.性格开朗，兴趣广泛，学习能力强。 有以下经验优先： 1、CC 2、机器学习、数据挖掘、深度神经网络 3、图形图像处理、自然语言处理 4、数学工程工具，如：MATLAB、Mathematica、Octave 5、程序算法的硬件加速优化 6、高性能计算、分布式计算,2026-03-14
物联网工程师,宁波华自智能科技有限公司,宁波-高新区,1-1.5万/月,宁波-高新区 2年经验 大专 招若干人 03-14发布,民营公司,50-150人,"计算机软件,计算机服务(系统、数据服务、维修)",职位信息 团队合作意识强，有较强的学习能力，积极向上。,2026-03-14
机器感知软件算法工程师,航天图景（北京）科技有限公司,北京-顺义区,1.5-2万/月,北京-顺义区 无需经验 本科 招1人 03-14发布,民营公司,50-150人,"计算机软件,机械/设备/重工","1、负责研发基于多传感器（视觉、激光雷达、超声波等）融合的地图构建算法以及自主定位算法（SLAM）； 2、负责研发空中机器人（无人机）自主路径规划以及运动规划算法； 3、负责算法计算性能优化，注重算法实时性，并推动其上线应用； 4、推动基于主动感知的人工智能算法在空中机器人（无人机）上的研究与应用； 任职要求： 1、掌握计算机视觉或定位导航的基础理论与算法，熟悉SLAM算法； 2、熟悉ROS,有ROS开发经验者优先（有机器人、无人机相关开发经验优先）； 3、熟悉C/C++/Python/CUDA编程和常用数据结构算法； 4、熟悉计算机视觉、机器学习、深度学习等人工智能算法； 5、有较强的逻辑思维能力以及算法实现能力； 6、具有良好的沟通能力和团队合作精神。",2026-03-14
物联网工程师,宁波华自智能科技有限公司,宁波-高新区,1-1.5万/月,宁波-高新区 2年经验 大专 招若干人 03-14发布,民营公司,50-150人,"计算机软件,计算机服务(系统、数据服务、维修)",职位信息 团队合作意识强，有较强的学习能力，积极向上。,2026-03-14
机器感知软件算法工程师,航天图景（北京）科技有限公司,北京-顺义区,1.5-2万/月,北京-顺义区 无需经验 本科 招1人 03-14发布,民营公司,50-150人,"计算机软件,机械/设备/重工","1、负责研发基于多传感器（视觉、激光雷达、超声波等）融合的地图构建算法以及自主定位算法（SLAM）； 2、负责研发空中机器人（无人机）自主路径规划以及运动规划算法； 3、负责算法计算性能优化，注重算法实时性，并推动其上线应用； 4、推动基于主动感知的人工智能算法在空中机器人（无人机）上的研究与应用； 任职要求： 1、掌握计算机视觉或定位导航的基础理论与算法，熟悉SLAM算法； 2、熟悉ROS,有ROS开发经验者优先（有机器人、无人机相关开发经验优先）； 3、熟悉C/C++/Python/CUDA编程和常用数据结构算法； 4、熟悉计算机视觉、机器学习、深度学习等人工智能算法； 5、有较强的逻辑思维能力以及算法实现能力； 6、具有良好的沟通能力和团队合作精神。",2026-03-14
测试工程师（物联网平台）,上海适趣信息科技有限公司,上海,1.5-3万/月,上海 5-7年经验 本科 招2人 03-14发布,创业公司,少于50人,计算机软件,岗位职责： 1. 参与物联网平台研发的全过程，负责软件测试工作，进行缺陷跟踪和质量监控； 2. 根据测试计划和部署文档进行测试环境的搭建和维护； 3. 负责对产品进行功能测试/接口测试/自动化测试/性能测试等工作，包括测试文档编写，测试报告输出，改进建议等； 4. 涉及领域：网站前端、接口服务； 职位要求： 1. 统招本科以上学历； 2. 5-10年工作经验； 3. 计算机科学与技术类相关专业； 4. 熟悉各种软件测试的技术、流程、理论、方法并在实际工作中应用； 5. 熟悉压力测试、性能测试，对自动化测试有研究，熟悉linux部署环境； 6. 熟悉oracle/mysql/postgreSQL等任一数据库，具备SQL脚本编写能力； 7. 熟悉移动应用测试的特点，熟悉Web网站测试的特点； 8. 研究和改善测试技术方法，提高测试效果； 9. 对测试有浓厚的兴趣，有上进心，善于沟通，逻辑性强，学习能力强，且具有创新进取精神； 10. 具有良好的团队合作精神和协调能力-良好的沟通能力、职业素质和团队精神；,2026-03-14
图像算法工程师,苏州磐启微电子有限公司,上海,1-3万/月,上海 2年经验 本科 招若干人 03-14发布,合资,50-150人,"电子技术/半导体/集成电路,计算机服务(系统、数据服务、维修)",岗位职责： 1、负责项目需求的网络摄像机图像质量优化和isp功能实现； 2、负责网络摄像机图像新功能，新需求的调研和开发； 3、网络摄像机图像控制算法（3A）的优化和改进； 4、跨团队、跨部门沟通合作解决产品相关问题。 岗位要求： 1、本科学历，计算机、电子工程或光学仪器专业，1年以上相关工作经验；硕士、图像处理专业优先； 2、精通图像质量分析和评估，深入理解tuning 流程，有丰富的Camera产品经验； 3、理解摄像机图像处理算法原理（HDR，3A，Sharpen，De-noise，…）； 4、熟悉Camera 整体工作原理包括：镜头，ISP，sensor，理解多领域应用Camera解决方案； 5、精通C/C++编程，熟悉LINUX，有独立开发能力； 6、有较好的学习沟通能力和团队合作意识； 7、有海思、TI、安霸平台ISP经验优先。 工作态度要求： 1、具有良好的团队精神、执行力、责任心强，编码规范良好、踏实的工作态度、高效的沟通能力，能够承担较大的工作压力； 2、思路清晰，善于思考，良好的分析和独立解决问题的能力，良好的专业英文文档阅读能力 3、对编程有浓厚的热情、有自己的想法，具备良好的自学能力和独立思考解决问题的能力。,2026-03-14
RPA软件算法工程师,上海容智信息技术有限公司,上海-黄浦区,300元/天,上海-黄浦区 1年经验 硕士 招若干人 03-14发布,民营公司,少于50人,"互联网/电子商务,计算机软件",【岗位职责】 1、参与人工智能/机器学习/深度学习的研究； 2、负责设计和实现具体应用的模型/策略/算法； 3、深度参与如下研究方向：图像识别 【任职要求】 1、计算机/通信/电子/数学/物理专业毕业，学历高者优先，发表过相关领域高品质论文者优先(***或第二作者)；【欢迎有相关实习经验，且在校期间获得过全国数学建模竞赛名次者，表现优异可直接转正】 2、很强的逻辑分析、问题定位、数学推理能力； 3、很强的求知欲和快速学习能力； 4、丰富的机器学习、图像识别/自然语言处理/RPA相关经验； 5、丰富的数据处理、数据建模、算法优化和验证的分析和设计经验； 6、很强的动手开发能力，精通Python/R/Matlab/Java/C/C++之一；熟悉Tensorflow/Keras等； 7、熟悉机器学习常用算法。 8、熟悉神经网络理论，熟练使用TensorFlow、Keras进行建模和训练。熟悉CNN\RNN\LSTM\Reinforced Learning原理。 9、在GitHub等平台上有好的开源项目者优先 10、良好的沟通能力、适应能力，责任心强，能承受一定的工作压力，有责任心，上进心和自我驱动力；,2026-03-14
算法/深度学习软件工程师,西安凤鸣九天网络科技有限公司,西安-高新技术...,1-1.5万/月,西安-高新技术产业开发区 3-4年经验 本科 招1人 03-14发布,民营公司,少于50人,计算机服务(系统、数据服务、维修),"岗位职责： 1、利用深度学习技术建立动物、植物等农业领域的算法模型； 2、根据业务要求对已有相关模块进行重新设计和调优； 3. 与产品研发团队协作，将算法模型融入到产品中； 4. 带领模型开发小组按时完成工作任务，保证开发质量； 5. 完成相应算法模型文档的编写和输出。 任职要求： 1、本科及以上学历，3年以上算法模型或5年以上软件开发经验； 2、具有扎实的数学功底，熟悉常用算法和数据结构； 3、熟练掌握Python语言，对脚本编写和调优有丰富的实践经验； 4、具有较强的Java技能，掌握Spring/SpringMVC等一种或几种常用开源框架； 5、熟悉Tensorflow或者PyTorch等深度学习框架中的一种,有实际项目开发经验； 6、具有良好的沟通能力、团队管理能力，能适应高强度的工作。",2026-03-14
图像算法工程师,杭州晨安科技股份有限公司,杭州,1-2万/月,杭州 2年经验 硕士 招1人 03-14发布 英语良好,民营公司,150-500人,电子技术/半导体/集成电路,任职要求： 1.硕士及以上学历，计算机AI相关领域。 2.有较好的数学基础，并且有较强的视频算法实现能力。 3.熟练掌握c，c++，python，matlab等语言，能调试算法，能移植开发算法。 4.有视频算法领域论文或文献的阅读，理解，实现能力。 5.有团队沟通与协作能力。 6.有Hisi平台npu或Nvidia平台gpu相关开发经验者优先。 工作职责： 1.在视频算法领域，有基于神经网络的检测，跟踪，识别等研究经历或者开发经验。 2.在arm，gpu，npu等平台调试与开发算法，能够独立搭建平台，实现算法，运行算 法，移植算法，优化算法。 3.了解数据，有采集，标注，处理，分析，增强数据经验。 4.能够使用caffe，pytorch，darknet等神经网络依赖库进行模型训练，结果分析。 5.会查阅文献，并有能力从中获取到信息去解决问题以及优化算法。 6.能够根据产品形态，设计让其完美运行的算法逻辑。,2026-03-14
人脸识别算法工程师,深圳市悦保科技有限公司,深圳,1.5-3万/月,深圳 3-4年经验 本科 招2人 03-14发布,外资（欧美）,50-150人,"互联网/电子商务,计算机软件",岗位职责： 1. 负责宠物（猫狗）脸检测、对齐、识别、活体检测，或猫狗鼻纹识别等相关技术的调研，设计，开发工作； 2. 负责猫狗识别产品落地； 3. 指导相应的数据收集及标注工作； 4. 负责跟进行业前沿技术并用于改进产品性能。 任职要求： 1. 具有三年及以上人脸识别或指纹识别相关项目工作经验，具有 别项目经验会优先考虑； 2. 熟练掌握python、C/C++等编程语言，具有扎实编程基础，能熟练掌握OpenCV； 3. 掌握至少一门深度学习框架：Tensorflow、Keras、Pytorch、MXNet； 4. 熟悉深度学习算法，如CNN，RNN，GAN等；机器学习算法，如SVM，adaboost等； 5. 熟悉人脸识别相关，指纹识别相关算法，并能追踪前沿技术； 6. 具有较强学习能力，沟通能力，团队协作精神。,2026-03-14
图像算法工程师,江苏比微曼智能科技有限公司,苏州-工业园区,0.8-1.5万/月,苏州-工业园区 2年经验 硕士 招若干人 03-14发布,国企,少于50人,"机械/设备/重工,电子技术/半导体/集成电路",1 负责数据图形算法设计和实现及文档的编写； 2 熟悉软件工程、软件开发规范，有良好的软件编程习惯； 3 良好的团队协作精神、学习能力；工作积极主动； 4 配合研发团队完成产品说明书及其他技术文件的撰写。 5工作两年以上 任职要求： 1 数学，计算机，控制工程专业等相关专业，本科及以上学历； 2 熟练使用C/C#/C++编程语言，精通opencv，halcon等，并有相关编程经验； 3 负责图像分析算法的研发、实现以及模块代码编写、以确保算法的可实现性、结构性； 4 对现有算法的改进、维护工作，以确保算法的有效性、正确性； 5 编码过程遵循规范要求，编写相应开发文档。,2026-03-14
算法工程师,株洲航飞翔数字系统有限责任公司,株洲,0.8-1.2万/月,株洲 3-4年经验 本科 招1人 03-14发布,民营公司,少于50人,"航天/航空,电子技术/半导体/集成电路",1、负责航空发动机控制系统分析、建模； 2、负责航空发动机健康管理装置的算法研究和开发。 1、计算机、电子信息、控制工程、自动化等相关专业本科或以上学历； 2、熟悉机器学习、神经网络、数据挖掘等相关知识，具有一定算法开发经验； 3、熟悉Matlab/Simulink等建模工具； 4、具有规范的开发、设计文档编写能力； 5、良好的逻辑思维能力，对新事物和技术有强烈的学习欲望，具备钻研精神和团队合作精神。,2026-03-14
物联网工程师,西安维思自动化工程有限公司,西安-未央区,5-8千/月,西安-未央区 2年经验 本科 招2人 03-14发布,民营公司,少于50人,仪器仪表/工业自动化,任职资格：,2026-03-14
Python工程师（人工智能）,朗曦国际（上海）信息技术有限公司,上海-静安区,1-1.5万/月,上海-静安区 3-4年经验 招1人 03-14发布,合资,少于50人,"互联网/电子商务,计算机软件",1.参与ai人工智能等相关系统的设计、开发及封装。 2.根据业务需求进行设计并开发高效算法，并对模型及算法进行验证和实现，解决实际业务问题。 3.负责深度神经网络的训练数据的采集和生成，完成深度神经网络的训练，并对训练结果进行分析、评估和优化。 4.人工智能相关算法研究学习，并结合业务情况进行实际开发与设计。 任职资格： 1、计算机类相关专业，本科及以上学历； 2、熟悉Python（必须具备）、java等一门或多门编程语言； 3、熟悉深度学习、机器学习相关技术，熟悉人脸识别、图像识别、OCR技术者优先； 4、了解深度学习TensorFlow开源框架（必须具备的技能）。,2026-03-14
雷达算法工程师,上海智瞳通科技有限公司,上海-浦东新区,0.8-1.6万/月,上海-浦东新区 在校生/应届生 本科 招2人 03-14发布 计算机科学与技术 计算机应用,民营公司,少于50人,"电子技术/半导体/集成电路,计算机软件",1. 基于24GHz/77GHz 毫米波雷达算法开发，涉及目标跟踪、数据融合等。负责软件的需求分析，架构设计，详细设计及代码实现； 2. 软件集成和测试，持续改进； 3. 软件评审及相关工作。 岗位要求： 1. 本科及以上（电子信息，自动化，通信工程或相关专业）； 2. 目标跟踪或数据融合相关项目经历； 3. 嵌入式软件开发经验。 4. 熟练使用C语言进行嵌入式编程； 5. 熟练使用MATLAB或LabVIEW等软件； 6. 熟悉目标跟踪的基本过程，掌握数据关联（NN、PDA、JPDA、MHT等）、滤波（KF、EKF、UKF等）等基本算法（至少熟悉其中两个）； 7. 有着良好的团队合作精神，有较强的责任心。,2026-03-14
编码算法工程师,上海航天电子有限公司,上海,2-3.5万/月,上海 在校生/应届生 博士 招若干人 03-14发布 英语熟练 通信工程 自动化,国企,500-1000人,航天/航空,技能要求： 1.通信或电路分析与设计相关专业，具备算法相关专业背景，具有独立开发软硬件平台实现算法及编码的能力； 2.具备集成电路ASIC、FPGA设计的自主设计开发能力； 3.熟悉国际标准AES算法、双正交码算法和国军标要求； 4.独立编写算法相关技术论文且在核心刊物上发表； 工作内容： 1.负责加解密算法软硬件实现的研发，参与配套测试设备的开发和研制工作； 2.负责CBB模块的芯片花，ASIC电路、SOC电路的集成化设计、技术要求提出等； 3.负责编码算法的编辑、更新、优化等工作； 4.负责制定加解密数据算法的规则和安全等优化工作。,2026-03-14
算法工程师,南京导纳能科技有限公司,南京-栖霞区,0.8-1万/月,南京-栖霞区 本科 招3人 03-14发布 信息与计算科学 电子信息科学与技术,民营公司,少于50人,"电气/电力/水利,仪器仪表/工业自动化",岗位职责 1、参与故障诊断或数据分析项目的可行性分析、技术可行性分析和需求分析； 2、负责核心算法的研究、设计、优化、改进及代码实现； 3、负责系统的详细设计工作（按项目具体要求，承担软件的设计与开发）； 4、负责系统的编码实现（按系统设计完成功能模块编写）； 5、制定及维护所负责研发项目的详细技术文档。 任职资格 1、本科及以上学历，数学、计算机、电子相关专业，高学历优先； 2、具备扎实的算法和数据结构基础、较强的逻辑思维能力； 3、具有一定的编程能力，精通C++、Matlab等编程工具； 4、按照详细设计说明书，独立完成程序单元的编码和调试任务，能定位程序问题、分析和解决问题； 5、具有数字信号处理、图像处理算法研究或开发经验。,2026-03-14
算法工程师,广州数控设备有限公司,广州,0.6-1.8万/月,广州 在校生/应届生 本科 招4人 03-14发布,民营公司,1000-5000人,"机械/设备/重工,仪器仪表/工业自动化",岗位职责： 负责数控系统/工业机器人运动控制核心算法软件设计及开发，并进行实验验证算法有效性。 岗位要求： 1、计算机、机器人、控制、自动化、数学等专业，具备扎实的计算机基本功及数学基础，熟练运用各种常用算法和数据结构； 2、熟悉Windows和Linux平台上的编程环境，精通C/C++/Python等至少一种开发语言； 4、具有良好的团队合作精神，较好的沟通能力； 5、具备较强的学习能力、接受新技术的能力，独立分析解决问题的能力； 6、对机械加工、运动轨迹等有深度了解，有实际运动控制算法开发经验优先； 7、有意向从事算法研究工作的优秀应届毕业生亦可考虑。,2026-03-14
目标检测高级算法工程师,上海欧菲智能车联科技有限公司,上海-浦东新区,2-3万/月,上海-浦东新区 3-4年经验 本科 招1人 03-14发布,外资（欧美）,500-1000人,电子技术/半导体/集成电路,"1.负责基于图像数据的目标检测、聚类、识别、分割场景理解的算法开发，实现高精地图数据的智能化、自动化生产 2.负责融合数据源的目标检测识别和语义分割算法的研发 3.负责研究和探索基于传统算法和基于深度学习的前沿算法发展，不断优化迭代，保证产品在相关领域的先进性和竞争力 任职要求： 1.计算机信息科学、人工智能、数学或相关专业本科以上学历，3年以上相关工作经验，扎实的概率统计, 线性代数理论基础 2.熟悉Linux开发，精通C/C++，Python编程 3.精通深度学习物体检测、识别、语义分割理论及算法如CNN, RNN等并有实际项目经验 4.熟悉常用2D/3D检测识别框架及基础网络，如YOLO、Faster RCNN、FCN等 5.熟悉深度神经网络加速、压缩、裁剪方法。 6.丰富的基于主流框架如Caffe、TensorFlow、PyTorch的项目开发经验；具有丰富的神经网络训练、调优经验，包括数据清洗、扩增、样本均衡等数据处理经验 7.有嵌入式移植经验优先 8.具备良好的学习能力，能够熟练阅读英文文献，并根据文献快速实现相关算法 9.较强的沟通能力、逻辑思维能力和抽象能力，较强的责任心 10.有项目管理经验者优先",2026-03-14
算法工程师,深圳市天英联合教育股份有限公司,深圳-南山区,1-1.5万/月,深圳-南山区 招若干人 03-14发布,民营公司,50-150人,"电子技术/半导体/集成电路,计算机软件","1、 参与新项目算法部分的方案设计及程序开发； 2、 提供算法接口给固件开发人员，并协助开发固件； 3、 维护现有产品的算法代码； 4、 负责编写项目技术文档； 5、 完成领导安排的其他开发任务 任职资格： 1、3年及以上算法开发经验； 2、深刻理解计算机数据结构和算法设计； 3、精通C/C++/VC++编程语言,有良好的编程功底； 4、了解数据库，熟练使用SQL语句； 5、能够使用python、visual studio 等开发工具； 6、良好的编程习惯与代码风格，良好的英文阅读能力。",2026-03-14
高级图像算法工程师,杭州学谷智能科技有限公司,杭州-余杭区,2-3万/月,杭州-余杭区 3-4年经验 硕士 招3人 03-14发布 英语精通 计算机科学与技术 计算机工程,创业公司,少于50人,计算机服务(系统、数据服务、维修),1、 结合商业问题，提出解决方案； 2、 即时反馈，整合项目进度，把控项目开发速度； 3、 定时完成商业产品的落地； 岗位要求： 1.有过OCR项目实际落地经验，复杂场景下的文字识别等经验 2.对模型轻量化，对移动端的移植，分布式有工程经验， 3. 要求熟练使用python 并掌握C++， java，安卓等多语言之间的交互 4.带领过团队者优先， 5.在国际期刊发表过论文，有社区贡献者优先,2026-03-14
物联网应用开发工程师,舜宇光学（浙江）研究院有限公司,杭州-滨江区,1-1.5万/月,杭州-滨江区 1年经验 硕士 招1人 03-14发布,上市公司,50-150人,电子技术/半导体/集成电路,工作职责： 1. 设计基于物联网技术的新一代无人车联网系统； 2. 负责业务中台、后台的项目构建与中间件开发； 3. 负责物联网后台服务、数据库后台管理、业务后台开发； 4. 与前端同事一起进行前后端接口定义。 任职要求： 1. 了解物联网基础架构，对MQTT 协议有一定研究，并有多客户端设计经验者优先； 2. 熟悉互联网基础传输协议与标准，对HTTP、WebSocket 协议有较深的理解，并能熟练运用； 3. 熟悉HTML、CSS、JavaScript 等前端技术，能熟练运用JavaScript 进行高效业务构建与模块设计； 4. 熟悉常用的前后端框架、工具软件，比如webpack、express、bootstrap、koa、stylus 等； 5. 互联网、物联网技术发展很快，各种新技术层出不穷，我们属于中央研究院先锋部队，是一批有想法、对新事物充满探索欲的年轻人。如果你喜欢钻研最新、最有趣的技术与应用，去为世界做一点点改变，这里会非常适合你。,2026-03-14
算法工程师,深圳市海锶智能科技有限公司,深圳-南山区,1-2万/月,深圳-南山区 2年经验 本科 招1人 03-14发布 英语熟练,民营公司,少于50人,计算机软件,岗位职责： 1. 穿戴设备心电、血氧、血压、计步等生理特征检测算法的开发与维护； 2. 撰写算法开发相关文档，制定算法相关数据采集方案与验证方案； 3. 负责新传感器算法的评估、开发。 任职要求 1. 硕士学历，2年以上开发经验，信号处理、生物医学工程、电子信息、模式识别等专业； 2. 熟悉数字信号处理理论，对电生理信号有一定了解； 3. 熟悉matlab/python等算法开发工具； 4. 熟练使用C语言编程，了解信号处理算法在嵌入式平台实现方法； 5. 熟练阅读英语技术资料； 6. 具有较强的责任心和良好的团队合作精神； 7. 有医学信号处理，心率、血氧等运动健康算法优先。,2026-03-14
SLAM算法工程师,北科天绘集团,北京,1.2-3万/月,北京 2年经验 硕士 招1人 03-14发布,民营公司,50-150人,"仪器仪表/工业自动化,电子技术/半导体/集成电路",1、负责研究SLAM、多传感器融合、地图构建以及定位、路径规划和导航避障等算法； 2、负责算法在嵌入式平台的实现、优化以及产品化； 岗位要求 1、硕士及以上学历，计算机、自动化、应用数学、电子通信类相关专业或激光SLAM算法两年以上实际开发经验，有机器人或无人车相关经验者优先； 2、熟练掌握目前现有的开源SLAM算法，有激光雷达SLAM开发经验，深入理解开源Gmapping、cartographer、LOAM等建图定位技术。 3、有扎实的数学基础，包括矩阵理论、线性代数、概率以及最优化等，熟悉EKF、粒子滤波、g2o、BA等算法； 4、良好的编程能力，精通C++、Python编程和数据结构，熟悉Linux下ROS系统的优先 5、有科研能力并有成果发表在国际***会议、期刊者优先 6、具有良好的团队合作意识、沟通能力、协调能力，能够承担工作压力；,2026-03-14
SLAM算法工程师,北科天绘集团,北京,1.2-3万/月,北京 2年经验 硕士 招1人 03-14发布,民营公司,50-150人,"仪器仪表/工业自动化,电子技术/半导体/集成电路",1、负责研究SLAM、多传感器融合、地图构建以及定位、路径规划和导航避障等算法； 2、负责算法在嵌入式平台的实现、优化以及产品化； 岗位要求 1、硕士及以上学历，计算机、自动化、应用数学、电子通信类相关专业或激光SLAM算法两年以上实际开发经验，有机器人或无人车相关经验者优先； 2、熟练掌握目前现有的开源SLAM算法，有激光雷达SLAM开发经验，深入理解开源Gmapping、cartographer、LOAM等建图定位技术。 3、有扎实的数学基础，包括矩阵理论、线性代数、概率以及最优化等，熟悉EKF、粒子滤波、g2o、BA等算法； 4、良好的编程能力，精通C++、Python编程和数据结构，熟悉Linux下ROS系统的优先 5、有科研能力并有成果发表在国际***会议、期刊者优先 6、具有良好的团队合作意识、沟通能力、协调能力，能够承担工作压力；,2026-03-14
故障诊断/AI算法工程师,广东粤港澳大湾区硬科技创新研究院,广州,,广州 硕士 招1人 03-14发布,事业单位,,机械/设备/重工,岗位职责： 1、针对航天数据和任务应用场景，发掘故障诊断和AI算法需求，完成故障诊断及工智能算法设计与实现； 2、跟踪最新故障诊断和人工智能技术进展； 3、配合应用系统研发工程师实现故障诊断和AI算法落地。 任职资格： 1、硕士及以上学历，计算机、人工智能、数学相关专业优先； 2、熟悉人工智能和机器学习方案和应用流程，具备定制算法方案、完成工程开发的能力； 3、熟悉故障诊断、人工智能、机器学习领域当前热点和前沿技术； 4、熟练掌握Linux下的编程，至少掌握一种脚本语言，如Python、Shell等； 5、较强的学习能力，好奇心，思维活跃。 薪资待遇：面议,2026-03-14
Hadoop研发工程师,广州触网软件有限公司,广州-天河区,0.8-2万/月,广州-天河区 3-4年经验 本科 招1人 03-14发布,民营公司,少于50人,"计算机软件,通信/电信运营、增值服务",1. 负责公司大数据引擎Hadoop应用程序设计、开发、部署、测试、发布及技术支持。 2. 独立完成运维过程中问题定位、问题解决、并进行总结文档编写。 岗位要求： 1. 本科及以上学历，优秀的英文读写能力，事业心强，敢于面对挑战； 2. 两年或以上大数据平台运维经验； 3. 已有基于hadoop的大数据项目设计、开发、部署、测试、发布及技术支持经验； 4. 熟悉大数据： Hadoop(HDFS/Hbase/Hive)、 Spark(Spark SQL)、 Storm， 熟悉hadoop组件技术； 5. 熟悉Linux操作命令，能编写常用Shell和Python脚本； 6. 熟练掌握Java优先。,2026-03-14
算法工程师,芯和半导体科技（上海）有限公司,异地招聘,0.8-2万/月,上海-浦东新区 在校生/应届生 硕士 招若干人 03-14发布,民营公司,50-150人,"计算机软件,电子技术/半导体/集成电路",岗位描述 任职要求,2026-03-14
立体视觉算法工程师,深圳市繁维科技有限公司,深圳-南山区,1.5-3万/月,深圳-南山区 3-4年经验 本科 招1人 03-14发布,民营公司,50-150人,电子技术/半导体/集成电路,职位信息： 公司现有和规划中的视觉算法支持，结合产品需求进行算法开发和优化 负责公司高精三维扫描仪、内窥镜等产品相关算法优化 岗位要求： 1. 本科及以上学历，三年工作经验，计算机、数学、电子信息类相关专业 2. 熟练掌握数据结构和算法设计，扎实的数学基础 3. 强烈的好奇心，快速的学习能力，且具备较强的责任心 4. 熟练掌握视觉相关原理，并能熟练应用opencv/pcl等基础库 5. 具有较强的编程能力，熟练使用C++/python/Matlab等编程语言和编译环境，有算法移植、算法优化经验优先 6. 有参与以下项目或模块经验可优先考虑： 深度图优化、三维扫描、三维重建,2026-03-14
资深算法工程师,东声（苏州）智能科技有限公司,苏州-工业园区,1.5-4万/月,苏州-工业园区 2年经验 博士 招1人 03-14发布,创业公司,少于50人,计算机软件,1.负责计算机视觉和深度学习算法的研发，研发方向包括不限于：物体检测、跟踪、识别、分类、图像处理、强化学习等相关算法； 4.深度学习视觉算法的优化、升级、维护等平台建设工作。 岗位要求： 1.博士学历，对图像视觉算法、计算机视觉等领域有深入研究和独到见解； 2.较强的编程能力， 3.精通Python.熟悉C#/C++、Opencv等图像处理算法优先； 4.精通TensorFlow、pytorch等框架至少其中之一，有GPU、Cuda、Cudnn开发经验优先 5.至少要有一种CNN或RNN模型的深度优化经验 5.有较强的研究能力者优先，比如在国际顶尖会议或期刊（包括不限于CVPR、ICCV、ECCV、NIPS等）上发表过论文； 6.有很强的代码能力者优先，比如代码开源在GitHub上有较大影响者优先； 7.有很强的比赛经验者或一些重要数据集的排行榜上靠前的优先，比如ActivityNet竞赛、ImageNet，FDDB等。,2026-03-14
物联网工程师,上海碳索能源环境服务有限公司,上海-闵行区,1.2-2万/月,上海-闵行区 2年经验 本科 招1人 03-14发布 电子信息科学与技术 计算机信息管理,民营公司,50-150人,"建筑/建材/工程,环保",1、负责物联网系统的本地环境搭建，主要包括系统环境（windows/Linux）的安装及部署，Python虚拟环境创建、Docker环境部署。 2、利用Python进行物联网数据通信的开发，进行业务数据处理。 3、负责阿里物联网平台的数据关系配置以及项目的数据采集、点位配置。 4、熟悉阿里云物联网平台，了解本地到云端的数据操作流程，配合算法部门进行接口开发。 职位要求： 1、熟悉基于TCP/IP协议的开发，熟悉MQTT通信； 2、能熟练使用Django，具有Python的Web开发经验；有Python/Django的高级知识，包括面向对象的编程和数据分析 3、精通数据库的配置与使用，熟悉阿里云相关数据库、大数据计算产品，了解本地到云端的开发流程。 4、精通Linux，熟悉Linux服务器的环境部署和运维； 5、有物联网数据采集和通讯经验，熟悉物联网协议优先考虑； 团队优势： 1、团队致力于通过软硬件结合的方式解决工业厂房、建筑楼宇等用能场景的高能耗、低效率、维护难的问题； 2、你将有机会了解工业领域的暖通与制冷系统，学习到软硬结合的产品化思路及人工智能落地应用的方法；,2026-03-14
物联网Web前端开发工程师,广州恒科通信技术有限公司,广州-海珠区,10-20万/年,广州-海珠区 2年经验 本科 招2人 03-14发布 计算机网络 软件工程,民营公司,50-150人,通信/电信/网络设备,本次招聘是我司代广州慧特安科技有限公司发布招聘信息 广州慧特安科技有限公司组建了充满科技创新活力的技术团队，对电梯运行安全、智能在线监控技术不断研究，实现了运用物联网、在线智能监控技术、云计算、人工智能等技术的电梯安全物联网综合解决方案，通过安装在电梯的智能终端，采集电梯运行数据，经状态计算和模型识别，对可能发生的故障进行判断实现安全预警；并通过有效监测电梯运行数据和电梯的运行环境，实现对电梯的实时监测、困人自动告警和智慧应急响应，从而保障乘客乘梯安全。 企业网址： htpp：//gzhta.com/ 1、聚焦电梯物联网项目，负责Web系统前后端的开发和维护。 2、负责物联网软件的开发和维护，进行开发项目文档的编写与整理。 3、参与解决项目开发中的技术难题。 4、保证项目进度，总结项目经验，归纳案例，实现经验共享。 1、电子、计算机、自动化相关专业本科以上学历，熟悉自动化、信息化实现流程，具有2年以上物联网项目软件编程的经验； 2、专业知识与技能： （1）有前端框架vue、angular或react开发经验者优先； （2）熟悉Javascript / jQuery，良好的编码风格；有RWD页面开发经验尤佳； （3）熟悉Restful API及webSocket串接应用 （4）有git使用经验者优先 （5）能独立解决需求者优先 （6）具备UI开发能力者优先 （7）对用户体验、交互操作流程、及用户需求有深入理解，对用户体验优化有浓厚兴趣。 3、思维活跃、思路敏捷，善于应对复杂和多变的市场环境； 4、具备较强的客户沟通能力和良好的团队协作精神，有耐心和自信心，个性积极主动，较好的学习能力，有团队合作精神。 · 欢迎有意者将简历投至邮箱：hta@gzhta.com 合适则约面试。 · 电话：020-34328692,2026-03-14
ROS算法工程师,广州易来特自动驾驶科技有限公司,广州-天河区,0.8-1.3万/月,广州-天河区 招3人 03-14发布,民营公司,150-500人,"新能源,汽车",任职条件： 1、男女不限，本科以上学历 2、有无人驾驶ros算法相关开发经验者优先 3、,2026-03-14
有限元算法工程师,晟鹰信息科技（上海）有限公司,上海-杨浦区,2.5-3万/月,上海-杨浦区 1年经验 硕士 招1人 03-14发布 力学 土木工程,民营公司,少于50人,"计算机服务(系统、数据服务、维修),建筑/建材/工程",1、参与开发完善大规模结构有限元分析计算程序。 2、结合用户需求定制开发线性，非线性静力，动力分析特定力学分析功能。 3、开发大规模并行计算功能。 4、对比同类商业软件计算结果。 5、进行算例测试，编写算法文档。 任职要求： 1、力学，应用数学，土木，机械等相关专业统招硕士研究生。 2、具备较强的力学，数学功底及逻辑思维公式推导能力。 3、具备一年以上C++，Fortran程序开发经验，熟悉有限元基本理论，具备较强的独立开发力学计算程序的能力。 4、具备团队精神，有责任心，善于沟通，语言表达流程。,2026-03-14
机器人算法工程师,凌鸟（苏州）智能系统有限公司,苏州-工业园区,1-3万/月,苏州-工业园区 1年经验 本科 招5人 03-14发布,民营公司,少于50人,"电子技术/半导体/集成电路,计算机软件",2、研究并开发机器人自主导航算法。包括路径规划、运动规划，自主避障等。 3、研究并开运动控制，多传感器融合算法，包括差速控制，多传感器时间同步，矫正及信息融合等； 4、研究并开发机器人图像识别匹配算法。 5、负责算法的优化、移植和产品化等。,2026-03-14
卫星导航算法工程师,上海利正卫星应用技术有限公司,上海-闵行区,1.5-2.5万/月,上海-闵行区 3-4年经验 硕士 招2人 03-14发布,国企,50-150人,航天/航空,职位要求：,2026-03-14
算法工程师/AI算法专家,广州娱梦网络科技有限公司,广州-天河区,1-3万/月,广州-天河区 本科 招1人 03-14发布,民营公司,少于50人,"网络游戏,互联网/电子商务",岗位职责： 1. 跟进和改进最新的机器学习算法，创造性解决问题，推进新算法在图像识别和模式识别等领域的应用； 2. 负责相关数据处理程序的编写、调试和优化； 3. 从事特定项目（面谈）的大数据建模、计算、统计分析、深度学习等 任职要求： 1、一年以上AI相关从业经验或学习能力极强能快速掌握AI相关理论知识； 2、立志于深度学习方向的研究和应用，熟悉深度学习的多种理论框架； 3、熟练使用Python和TensorFlow独立完成模型搭建、测算和调参等工作； 4、英语六级以上，能快速阅读和完全理解相关英文资料； 5、有扎实的算法理论功底，有图像识别、分类、检测方面的相关项目经验优先； 6、具有很强的逻辑思考能力，善于解决开放式问题； 7、极强的求知欲，能够独立寻求咨询，形成问题解决框架。 待遇：起薪一万，不论是否有实际工作经验，职业空间广阔。,2026-03-14
算法工程师,广州如加网络科技有限公司,广州,1-2万/月,广州 2年经验 本科 招若干人 03-14发布,民营公司,50-150人,计算机软件,1.根据产品开发计划，负责图像和特征处理算法的研究、分析、技术预发工作； 2. 负责图像、特征处理算法的设计、开发、测试和维护工作； 3. 负责图像、特征处理应用软件的设计、开发、测试和维护工作； 4. 负责算法、软件开发过程中相关研发文档的编写； 5. 雷达、摄像头应用支持，接口对接 6.协调其它系统的设计开发工作 7.上级交办的其它任务 任职要求： 1、2年以上相关工作经验 2、理工类本科或以上学历，计算机、汽车电子、自动化、电气工程、车辆工程等相关专业； 3、具备数字图像处理及模式识别相关的基础理论和算法知识 4、具备至少一年的图像、特征处理相关经验； 5、具有较强的问题分析能力和程序设计能力 6、精通算法与数据结构，精通C/C++编程语言,2026-03-14
嵌入式算法工程师,南京艾伊科技有限公司,南京-江宁区,0.5-1万/月,南京-江宁区 3-4年经验 本科 招1人 03-14发布,民营公司,50-150人,"环保,仪器仪表/工业自动化",任职要求： 1、本科及以上学历，电子、仪表、信号处理相关专业； 2、具有3年以上信号数据处理或相关算法研究经验，具有扎实的数学基础； 3、熟练掌握数学分析软件，并掌握小波、博里叶变换、矩阵运算、遗传算法以及最小二乘法等常用信号处理的算法运用； 4、能通过数学建模以及单片机、DSP编程实现算法功能，并能够根据实际应用开发或优化算法； 5、有过分析仪器仪表设计、小信号处理者优先。 岗位职责： 1、及时完成公司要求的研发设计任务； 2、能针对开发任务和设计需求，制定具有实施方案和开发计划； 3、完成设计工作相关文档的编写，保证文档质量、及时性和完整性； 4、能在工作过程中，不断学习成长，以便能不断接受新的挑战； 5、对设计、流程提出合理化建议。,2026-03-14
嵌入式算法工程师,南京艾伊科技有限公司,南京-江宁区,0.5-1万/月,南京-江宁区 3-4年经验 本科 招1人 03-14发布,民营公司,50-150人,"环保,仪器仪表/工业自动化",任职要求： 1、本科及以上学历，电子、仪表、信号处理相关专业； 2、具有3年以上信号数据处理或相关算法研究经验，具有扎实的数学基础； 3、熟练掌握数学分析软件，并掌握小波、博里叶变换、矩阵运算、遗传算法以及最小二乘法等常用信号处理的算法运用； 4、能通过数学建模以及单片机、DSP编程实现算法功能，并能够根据实际应用开发或优化算法； 5、有过分析仪器仪表设计、小信号处理者优先。 岗位职责： 1、及时完成公司要求的研发设计任务； 2、能针对开发任务和设计需求，制定具有实施方案和开发计划； 3、完成设计工作相关文档的编写，保证文档质量、及时性和完整性； 4、能在工作过程中，不断学习成长，以便能不断接受新的挑战； 5、对设计、流程提出合理化建议。,2026-03-14
人工智能开发工程师,上海科络达云软件技术有限公司,上海,3-4万/月,上海 3-4年经验 本科 招若干人 03-14发布,外资（非欧美）,50-150人,"计算机软件,互联网/电子商务",1、负责大数据相关应用算法的设计、研发与产品化； 任职资格：,2026-03-14
调度算法工程师,杭州南江机器人股份有限公司,杭州-滨江区,1-2万/月,杭州-滨江区 3-4年经验 本科 招1人 03-14发布,民营公司,50-150人,"仪器仪表/工业自动化,计算机软件","岗位职责： 设计灵活的架构，编写有范代码，控制、调度仓库的各种机器人、自动化设备。让机器听令你的指挥，使机器具有个性，实现各种智能和玩法。 1、负责移动机器人调度平台系统的开发工作，包括产品的内部设计，完成设计文档和代码编写； 2、按照规范及设计文档完成编码、自测工作，并对代码质量负责； 3、按照规定提交相应的开发文档； 4、参与平台系统的维护、调优、部署工作； 5、参与制定开发规范并推进执行； 6、用于调度测试的模拟AGV的开发和维护； 任职条件： 1、计算机相关专业，本科及以上学历； 2、3年以上平台或软件开发经验； 3、掌握JAVA或Go语言, 多线程、多进程、内存共享、网络通信编程技术； 4、熟悉关系性数据库，熟悉掌握SQL语言； 5、了解HTML、CSS、Javascript、Ajax、Json等技术，了解前端框架； 6、具有良好的沟通能力，有较强的逻辑分析能力和学习总结能力； 7、工作主动性强，具体团队协作精神；",2026-03-14
视觉算法工程师,苏州凡贤电子科技有限公司,苏州-吴江区,20-30万/年,苏州-吴江区 2年经验 本科 招2人 03-14发布,民营公司,50-150人,"机械/设备/重工,仪器仪表/工业自动化",知识技能： 个人素质：,2026-03-14
边缘计算仪表工程师,上海自动化仪表有限公司,上海,15-30万/年,上海 8-9年经验 招1人 03-14发布,国企,,仪器仪表/工业自动化,1.负责边缘计算仪表开发团队管理工作。 2.负责边缘计算仪表需求调研。 3.负责边缘计算仪表关键技术确定。 4.负责边缘计算仪表试点推广。 1.本科及以上学历，45岁以下。硕士/博士/教高工优先。 2.熟悉当前主流边缘计算算法。 3.精通大数据、物联网、人工智能等相关软件技术。 4.精通人工智能算法在嵌入式平台的实现。 5.精通MEMS传感器相关设计和产业化技术。,2026-03-14
算法工程师 (雷达传感器方向),深圳市易探科技有限公司,成都-郫都区,0.9-1.6万/月,成都-郫都区 1年经验 本科 招2人 03-14发布,民营公司,50-150人,"电子技术/半导体/集成电路,通信/电信/网络设备",1、 负责传感器毫米波雷达产品信号处理算法的研究与开发(如：雷达目标检测、定位、跟踪、验证等)： l 根据产品需求规格进行雷达信号进行算法方案设计； l 进行算法理论性研究，为雷达系统实现提供理论依据，并转换为算法实现； l 进行雷达信号处理与数据处理算法Matlab数学仿真建模； l 负责落实算法的代码实现与集成验证，并进行调优。 2、 分析并解决开发过程中的技术问题，完成核心技术。 3、 进行照明传感器领域雷达类预研课题的立项、方案编写、验收，技术动态跟踪。 1、 本科或硕士以上学历，通信、信号处理、雷达、数学等相关专业，数学功底好，能深刻理解数学对工程的指导意义所在。 2、 精通C语言、精通Matlab、并进行雷达信号处理算法和数据处理算法仿真。 3、 熟悉常规数字信号处理（时域、频域、空域和极化域）、统计数字信号处理、数据处理算法，具有算法筛选的基本功底，了解国内外前沿信号处理发展方向。 4、具有规范的技术文档写作能力。 5、责任心强，艰苦奋斗，具备良好的学习与沟通能力，关注技术创新，敢于挑战权威。,2026-03-14
图像算法工程师,深圳学达科技有限公司,深圳-南山区,1.5-3万/月,深圳-南山区 5-7年经验 本科 招1人 03-14发布,民营公司,50-150人,"教育/培训/院校,互联网/电子商务",1. 负责深度学习图像算法的研究与实现，主要用于图像识别、人脸识别、动作识别等； 2. 根据具体的项目需要，配合应用工程师，完成算法集成与项目开发、实施； 3. 跟踪最新的深度学习技术发展，将其融入到公司的产品中。 1. 本科及以上学历，计算机、机器视觉、大数据等相关专业，3年以上软件开发经验，2年及以上AI算法和应用的开发经验； 2. 熟悉常用NLP/图像识别等算法原理，并能根据需求场景加以灵活应用。有图像识别、人脸识别等相关实际上线项目经验的优先； 3. 算法基础扎实，熟练掌握python或c/c++/java/编程，有较强的算法实现能力，可以快速将想法实现。,2026-03-14
算法工程师,杭州东信北邮信息技术有限公司,成都,0.6-1万/月,成都 2年经验 本科 招5人 03-14发布,国企,500-1000人,"通信/电信运营、增值服务,通信/电信/网络设备","岗位职责 1、负责流式计算平台的任务开发、和调优； 2、负责数据调研、实时数据接入、实时数据清洗、实时数据建模等工作； 3、负责项目文档的撰写、维护 4、参与用户数据分析，为用户做个性化推荐； 5、参与推荐系统的迭代升级和持续优化； 6、参与或主导所在方向技术规划、技术选型、架构设计；对同方向的同学进行指导和培养 基本条件 1、2年以上java开发经验，至少1年以上大数据开发经验； 2、需要有1个或多个流式项目开发经验； 3、有推荐系统工作优先； 4、有良好的沟通能力、有责任心、做事踏实严谨，对技术充满热情，能自我驱动学习 岗位技能 1.非常熟悉spark streaming,能独立完成复杂流式计算业务开发调优； 2.掌握Java、Python或scala语言之一，对数据结构有较为深刻的理解； 3.熟悉flink流处理框架； 4.熟悉Hadoop生态圈，如Hive、HBase、Kafka； 5.熟悉推荐算法优先 6.注意：该岗位不是做Java Web，做实时数据处理分析。",2026-03-14
通信算法工程师,重庆赛真达智能科技有限公司,重庆-长寿区,18-24万/年,重庆-长寿区 1年经验 硕士 招2人 03-14发布,合资,少于50人,"通信/电信/网络设备,电子技术/半导体/集成电路",岗位职责： 1. 负责无线通信领域新技术研究、算法设计与建模仿真等相关工作； 2. 负责物理层算法设计和选型、链路开发与仿真、性能优化等； 3. 负责联调支持、问题定位分析、硬件定点实现等。 任职条件： 1. 通信、电子等相关专业硕士及以上学历， ； 2. 掌握无线通信物理层同步、信道估计、均衡、调制解调、信道编解码中的常见算法； 3. 掌握MIMO结构和常见算法； 4. 具有OFDM通信项目经验，具有WIFI物理层项目经验者优先； 5 调研英文文献、撰写技术报告； 6 使用MATLAB、C/C++、Python等仿真算法； 7. 理论功底扎实，算法研究和学习能力强，具有独立分析和解决问题的能力和创新精神；,2026-03-14
视觉算法研发工程师,深圳德聚企业管理咨询有限公司,深圳-南山区,2-2.5万/月,深圳-南山区 5-7年经验 本科 招1人 03-14发布,民营公司,150-500人,计算机软件,1. 参与研发核心视觉算法、产品、项目研发； 1. 重点本科及以上学历； 2. 具有扎实的数学和图像处理算法基础； 3. 精通C++和Python，具有扎实的算法和数据结构基础； 4. 熟悉各类图像滤波检测算法，熟悉SIFT，FAST等图像特征，熟悉RANSAC，ICP等经典视觉算法； 5. 熟悉深度学习基本原理，以及至少一种深度学习框架；,2026-03-14
算法工程师,南京中孚信息技术有限公司,南京,,南京 本科 招10人 03-14发布,民营公司,,计算机软件,计算机、大数据、人工智能等相关专业,2026-03-14
ETL工程师,佛山市顺德万和电气配件有限公司,佛山,23-28万/年,佛山 5-7年经验 本科 招1人 03-14发布,民营公司,少于50人,家具/家电/玩具/礼品,工作职责: 1、负责数据仓库的设计与开发、存储过程编写、ETL过程的设计与开发; 2、负责各业务系统数据源数据探查调研，准确性完整性验证; 3、参与公司BI项目中ETL流程优化及解决ETL相关技术问题； 4、参与数据仓库相关应用系统需求分析、开发、测试； 任职资格: 1、全日制本科及以上学历，数据挖掘方向或计算机相关专业; 2、3年-5年以上ETL开发经验，精通Mysql、Oracle、SqlServer数据库，精通SQL开发技术及性能优化； 3、精通ETL层级架构，了解日常作业的部署和调度; 4、至少掌握数据一种ETL开发工具，如Kettle、informatica等; 5、责任心强、有良好的沟通能力、组织能力、团队协作能力。 6、有帆软开发经验优先;,2026-03-14
深度学习算法工程师,深圳市铱硙医疗科技有限公司,深圳-南山区,1.5-2万/月,深圳-南山区 1年经验 硕士 招2人 03-14发布,民营公司,少于50人,"计算机软件,贸易/进出口","岗位职责： 1、与公司国内外AI团队一起负责机器学习、深度学习相关算法研发； 2、负责公司相关医疗AI产品的实现和专利论文的编写； 3、维护与优化公司脑医生云平台； 技能要求： 1、硕士及以上学历，计算机及相关理工科专业； 2、2年以上python开发经验，有扎实的数学基础，熟悉机器学习、深度学习相关算法；； 3、熟悉TensorFlow, Keras, Caffe, PyTorch等常用深度学习框架至少一种； 4、有使用python进行数据分析的经验，熟练使用Python常用库和工具，比如pandas，numpy，matplotlib等； 5、有良好的英文文献阅读能力，适应全英文开发环境（包括英文论文／技术文档，英文交流，英文注释等）； 6、善于思考，能提出高质量的问题，沟通能力良好，善于团队合作。 有以下条件者优先考虑： 1、有使用python进行deep learning数据分析的经验，熟悉CNN，R-CNN； 2、能够熟练使用腾讯云或者阿里云资源，例如：云服务器、信息安全、IO、存储和网络产品； 3、有分布式系统开发和维护经验； 4、具有计算机视觉以及数据分析专业背景； 5、211、985以及国外名校计算机相关专业毕业并具备相关经验；",2026-03-14
算法工程师,青岛镭测创芯科技有限公司,青岛-崂山区,0.6-1万/月,青岛-崂山区 在校生/应届生 硕士 招1人 03-14发布 英语熟练 大气科学 应用物理学,民营公司,少于50人,"电子技术/半导体/集成电路,仪器仪表/工业自动化",岗位职责: 1. 针对气象、污染扩散、风电气象、航空气象应用领域进行算法开发 2. 针对多普勒测风激光雷达反演算法进行开发、测试和验证 3. 利用激光雷达测风数据进行测试数据分析、比对，编写数据比对报告 4. 配合软件实现算法集成和测试 优先录用条件： 1. 具备大气科学特定领域专项技能和综合分析能力； 2. 具备气象观测、天气气候预报综合实践能力； 3. 熟悉大气、风电、航空等应用领域的模型和算法； 4. 掌握风资源测量与评估、风电场选址等方法； 5. 具备较强的计算机应用能力和多元数据获取及分析处理能力，熟练使用C++/Matlab开发语言（或其它语言）实现算法，形成数据产品。,2026-03-14
图形算法工程师,浙江博采传媒有限公司,杭州,1.8-3.5万/月,杭州 1年经验 本科 招2人 03-14发布,民营公司,150-500人,"影视/媒体/艺术/文化传播,互联网/电子商务","任职要求： 1、有深度学习相关的知识积累，有责任心强，有良好的沟通和团队意识，熟练使用至少一门编程语言；主要参与三维重建、三维动画等项目的开发，包括但不限于三维重建、SLAM、几何处理、骨骼动画，表情动画等，目标是实现AI算法在影视项目里的实际应用，提高影视项目的制作效率和效果。 2、熟悉常用算法和数据结构，熟悉多线程编程技术，在深度学习、统计机器学习、计算机视觉和最优化方法等方面有较深入的研究优先（深度学习方向要求），至少某一方面，有一定的理论研究和实践经验； 3、动手能力强，熟练掌握C/C ++ python语言及相关的开发环境visual studio/Qt等，熟悉模板使用，STL库，c11/c 11为加分项； 4、图像处理、模式识别、机器学习相关专业本科以上,熟练使用OpenCV者优先（机器视觉方向要求）； 5、熟悉图像理解（分类、分割等），视频分析等常用算法优先（机器视觉方向要求）； 6、熟悉物体（行人、车辆、人脸、通用目标）检测、跟踪与识别等算法优先（机器视觉方向要求）； 7、熟悉cnn，rcnn，frcnn，boost，svm其中至少一种，并且有实战经验优先（深度学习方向要求）； 8、熟悉Caffe、MxNet、Tensorflow、Cuda-convnet、Torch等任一种深度学习开源框架者优先（深度学习方向要求）； 9、熟悉图像视频分析识别和训练优化模型。",2026-03-14
软件开发java (物联网)(J10811),北部湾旅游股份有限公司,北京-朝阳区,2.5-3万/月,北京-朝阳区 8-9年经验 本科 招1人 03-14发布,上市公司,10000人以上,酒店/旅游,工作职责: 1.LoRa/wifi/zigbee等多协议物联网平台开发及协议开发； 2.参与产品需求分析，系统架构设计，编码实现产品需求； 3.解决系统运行中遇到的问题，进行系统功能优化，安全等保证系统安全、稳定和快速运行； 任职资格: 1. 本科及以上学历，3年以上Java开发及物联网开发工作经验； 2. 精通 Java 开发，对 Spring 框架与 J2EE 体系结构有一定了解； 3. 熟悉 JAVA 多线程开发、TCP/IP通信程序开发； 4. 精通高并发、高性能的分布式系统的设计及应用； 5. 熟悉 Mongodb/GassDB/MYSQL数据库，熟悉kafka、redis、Tomcat等优先； 6. 具有丰富的模块设计和重构经验，有中大型平台开发经验者优先；,2026-03-14
心电算法工程师,杭州诺诚医疗科技有限公司,杭州-滨江区,1-1.5万/月,杭州-滨江区 3-4年经验 本科 招1人 03-14发布 计算机科学与技术 电子信息科学与技术,民营公司,150-500人,医疗设备/器械,岗位职责： 1、研发心电数据信号处理的各种算法，实现心电有效特征快速检测与推理，对算法进行优化分析并加速； 2、研发基于心电信号的深度学习算法，为心电疾病诊断提供强有力的算法支撑。 岗位要求： 1、专业：计算机、电子、信号处理/深度学习/机器学习等相关专业 2、学历：本科/硕士 3、熟悉信号处理中时域与频域分析的基本方法，尤其是熟练使用卷积滤波，频域信号处理，多尺度小波变换解决降噪，信号增强，特征发现等问题； 4、熟练掌握常用的降维，回归，分类，聚类等机器学习算法，并可以写出实现思路； 5、熟练运用matlab或python，具有2年以上心电研发经验进行开发。,2026-03-14
3D点云处理算法工程师（金桥）,上海优益基医疗器械有限公司,上海,1.5-3万/月,上海 1年经验 硕士 招若干人 03-14发布,民营公司,150-500人,"医疗设备/器械,贸易/进出口",1. 负责点云后处理相关算法的开发与优化； 2. 负责点云生成网格及基于网格的相关算法的开发与优化。 应聘要求： 1. 硕士及以上学历，数学、物理、图形学、计算机视觉、模式识别、图像处理等相关专业，数学基础较好，擅长全局、半全局优化，理解并熟练运用空间树形结构，如Kd树、八叉树等； 2. 熟悉3D点云数据处理，开发过具体的点云或网格数据处理算法，如点云匹配，点云增强滤波，点云搜索，点云分割，mesh处理显示等； 3. 熟悉计算机图形学的一个或多个方向：如网格生成，匹配，融合，简化，光顺，特征增强等； 4. 精通C++编程，有1年以上开发C++经验，至少熟悉PCL、MeshLab、CGAL等其中一种常用开源库，有并行计算、算法优化经验的优先； 5. 能阅读英文技术文档，维护技术说明书，能独立编写完整的设计文档； 6. 优秀的团队合作能力，能与其他成员良好的合作和沟通。,2026-03-14
电机算法工程师,深圳市固胜智能科技有限公司,深圳,1.4-2.4万/月,深圳 本科 招若干人 03-14发布,民营公司,150-500人,"电子技术/半导体/集成电路,仪器仪表/工业自动化",工作职责： 1、负责直流无刷电机驱动控制算法，直流无刷电机的测试与标定； 2、负责直流无刷电机和驱动控制板的性能测试和验证； 3、直流无刷电机模型参数辨识，电机控制相关的滤波器算法的开发及实现； 4、其他应用项目的实施和调试。 任职要求： 1、重点院校本科及以上学历，自动化、电力电子、自动控制等相关专业，具有良好的英 语阅读能力，能对外文文献进行评估，至少有一年的电机控制相关项目经历，熟练使 用C2000系列DSP的优先考虑； 2、具备自动控制原理、电机控制等相关理论知识，熟悉直流无刷电机工作原理、测试流 程和控制算法； 3、能独立完成直流无刷电机驱动控制，包括SVPWM、电流环、弱磁控制及死区补偿； 4、精通C语言，会使用MATLAB/Simulink进行数据处理、动力学建模与仿真，具有良 好的编程习惯； 5、具有良好的文档写作能力、学习能力、团队协作能力、责任意识和上进心。 其它福利： 1、上班时间：5天8小时制 2、入职即购买五险一金（社保是购买深圳基本医疗保险一档） 3、入职满一年即享受5天-15天年假 4、端午节、中秋节、春节等传统节日发放过节费或礼品 5、公司不定期举行聚餐，生日会、户外旅游等活动 6、每年两次调薪机会,2026-03-14
雷达算法工程师,长沙莫之比智能科技有限公司,长沙-岳麓区,1.2-2.5万/月,长沙-岳麓区 5-7年经验 硕士 招3人 03-14发布,民营公司,50-150人,电子技术/半导体/集成电路,岗位职责： 1.负责毫米波雷达相关项目算法开发，涉及信号处理算法的需求分析、算法仿真、算法实现、算法调试和测试等； 2.与软硬件工程师协调，对算法进行优化，并参与系统调试； 3.负责自研产品的算法研发，协助算法跨平台移植和性能优化，预研产品算法设计和可行性评估； 4.负责跟进行业前沿技术发展趋势，跟踪国际最新算法发展方向和相应技术，并落地实现。 任职要求： 1.信号与系统、雷达系统、信号处理、自动化等专业方向，硕士研究生及以上学历，2年以上同岗位工作经验； 2.精通数字信号处理或图像处理算法相关理论和算法，精通MATLAB信号处理编程及仿真； 3 .雷达信号处理理论功底深厚； 4.了解雷达工作体制及工作原理，具有FMCW雷达信号处理和雷达数据处理经验者优先； 5.具有良好人际沟通能力及团队合作精神。,2026-03-14
算法工程师,浙江生意家集团有限公司,杭州-江干区,6-8千/月,杭州-江干区 在校生/应届生 本科 招5人 03-14发布,民营公司,50-150人,"金融/投资/证券,贸易/进出口",要求 1、本科及以上学历，计算机、软件工程、数学、金融、财务等相关专业； 2、英语六级以上，具备流利的英文沟通能力； 3、对Salesforce、Zoho等SaaS技术和应用产品有浓厚兴趣； 4、掌握或者学习过Java、Python等任意一门语言，以及Oracle、MSSQL等数据库的基本操作； 5、拥有出色的分析能力，有设计和构建解决复杂问题的系统的热情和诀窍，对市场、金融充满浓厚兴趣。,2026-03-14
图形算法工程师,昆明典雅阁医疗美容有限公司,昆明-西山区,1.5-2万/月,昆明-西山区 大专 招2人 03-14发布 计算机科学与技术 软件工程,民营公司,50-150人,"医疗/护理/卫生,美容/保健",1、通过数学方法，将不规则模型重构为顶点有规律分布的三维网格模型。 2、其他可能涉及的三维图形处理算法。 岗位要求 1、熟练掌握C++编程语言，同时至少掌握一门其他现代编程语言。 2、具有良好的编程习惯，熟悉各类设计模式和数据结构。 3、对三维多边形模型和三维坐标系相关知识有一定的了解。 4、能够使用git或其他版本控制系统进行协同开发。 5、有良好的沟通能力和团队协作能力。 6、英语四级以上，并具有较强的英语阅读能力。 7、不惧挑战，勇于尝试新技术，有较强的学习能力。 8、有三维美术工作经验或教育背景者优先。 9、有数学或计算机图形学专业背景者优先。 10、有数据库、网络编程经验者优先。 11、有深度学习相关工作经验或教育背景者优先。,2026-03-14
电子战算法工程师,北京源仪迅驰科技有限公司,北京-海淀区,2-3.8万/月,北京-海淀区 2年经验 本科 招2人 03-14发布,民营公司,50-150人,计算机服务(系统、数据服务、维修),岗位职责： 1.电子战建模和仿真； 2.模型设计和代码实现； 3.雷达探测、电子侦察、干扰算法开发。 职位要求： 1.信号处理专业或相关专业本科及以上学历； 2.电磁建模、电子战的基本原理、算法及仿真手段； 3.熟练掌握C++编程语言。,2026-03-14
推荐算法工程师,上海心灵伙伴览育信息技术有限公司,上海-普陀区,1.5-2.5万/月,上海-普陀区 3-4年经验 本科 招2人 03-14发布,民营公司,150-500人,"互联网/电子商务,教育/培训/院校",负责公司心理学方面人工智能产品的算法设计及其落地过程。 1. 跟踪研究大数据技术、大数据算法； 2. 深入分析现有算法，了解业务需求，给出有效的优化解决方案，推进项目研发工作； 4. 利用大数据相关技术对各业务线进行数据挖掘支撑，对业务模型进行充分的技术验证评估及优化 任职要求 1、数学、物理或计算机相关专业硕士以上学历，3年以上相关工作经验。 2、具有良好的数学基础和算法功底，熟练使用Python、R、Scala、Java中至少一门语言。 3、熟悉下列至少一个领域并有实际项目经验： 1）机器视觉 2）自然语言处理 3）神经网络 4）数据挖掘中 4、有较强的求知欲和探索精神、团队合作精神，有和较好的抗压能力。,2026-03-14
AI研发工程师（深度学习工程师）,思凯迈（福州）科技有限公司,北京,1.5-2.5万/月,北京 3-4年经验 硕士 招2人 03-14发布,合资,50-150人,"计算机软件,学术/科研",任职要求： 1. 模式识别/人工智能/数学/计算机相关专业，硕士以上学历； 2. 熟悉各种深度神经网络模型，并掌握相关实现及优化方案，有优化经验者优先； 3. 有深度学习实战经验，熟悉常用框架，有多机多卡分布式集群开发部署经验者优先； 4. 具有较强编程能力，熟练使用至少一种语言（java/scalal等），有C++开发经验，熟悉linux开发环境，有MPI、CUDA经验更佳； 5. 善于分析和解决问题，有较强的学习能力和创造性思维，对人工智能领域有浓厚的兴趣； 6. 熟悉Hadoop生态，具有大数据开发经验者优先； 7. 在知名刊物上发表过深度学习相关算法论文者优先； 岗位职责： 1. 负责根据需求研究并实现深度学习算法和相关系统研发； 2. 负责Deeplearning4j框架和模型底层修改，提升线上运算效率 3. 负责Deeplearning4j领域前沿算法及框架跟踪，搭建面向企业级应用的大规模深度学习计算平台（Skymind SKIL）； 4. 应用深度学习技术，进行数据建模分析，为相关产品提供智能化支持，推动业务发展；,2026-03-14
数据工程师,海默尼药业股份有限公司,重庆,1.5千以下/月,重庆 2年经验 大专 招若干人 03-14发布,民营公司,500-1000人,"制药/生物工程,医疗设备/器械",工作职责： 1、负责对公司信息系统相关数据的清洗、提取、结构化等工作； 2、负责数据标准管理、主数据管理、元数据管理、数据治理管理及数据生命周期管理 ； 3、负责企业内部数据管理制度、规范、流程的设计，参与数据治理平台的建设和管理； 4、 负责建立有效的数据质量管控和数据需求变更流程体系。 任职要求： 1、本科及以上学历，计算机、软件工程、数学等相关专业； 2、熟悉JAVA语言，精通SQL语言，熟悉linux基本操作； 3、参与过元数据管理、数据质量管理、数据标准化、数据治理、前端数据可视化开发等的相关工作； 4、了解主流的大数据处理架构（消息队列、Hadoop、Spark，Hbase）； 5、 工作经验2年以上，有项目实施经验优先考虑。,2026-03-14
Java开发工程师（大数据服务）KIT-3,金蝶软件（中国）有限公司,深圳,1-2万/月,深圳 2年经验 本科 招若干人 03-14发布,外资（非欧美）,5000-10000人,"计算机软件,互联网/电子商务","岗位职责： 1、负责数据分析系统系统设计、开发、单元测试等工作； 2、负责及时汇报工作进展，以及撰写高质量开发过程文档。 任职要求： 1、大学本科以上学历，2年以上工作经验，计算机及相关专业毕业， 2、JAVA基础扎实，了解设计模式，熟练使用Struts、Mybatis、Spring、Ajax、JMS、AOP、Junit等框架和技术的原理和实现方式； 3、熟悉 JS、XML，JSON等WEB前端技术； 4、熟悉Redis,Memecached等常用Nosql框架； 5、熟练使用至少一种大型数据库，Oracle、MySQL者尤佳； 6、熟悉linux操作系统；熟练使用svn、git等版本控制工具； 7、2年以上开发经验；技术视野开阔，学习能力好，对业界新技术敏感，喜欢钻研，具有良好的学习能力； 8. 具有较好的抽象设计能力，思路清晰，善于思考，能独立分析和解决问题，责任心强，具备良好的团队合作精神和承受压力的能力。",2026-03-14
高级大数据开发工程师（实时计算）,T3出行,南京-江宁区,1.5-3万/月,南京-江宁区 5-7年经验 本科 招2人 03-14发布,民营公司,150-500人,"互联网/电子商务,计算机软件","1.负责项目的需求分析、概要设计、详细设计，技术文档的编写； 2.负责开发框架的搭建、改进，协助完成项目的测试、系统交付工作，对项目实施提供支持； 3.负责跟进软件系统安全、稳定、维护和性能优化等工作； 4.分布式技术研究，及关键技术的开发工作； 5.相关数据平台系统的开发与调试以及后期优化； 6.负责搭建行业产品大数据的存储、调度、计算等框架以及主要代码编写。 任职要求： 1.计算机、通信等相关专业，全日制本科以上学历； 2.IT相关行业5年以上工作经历； 3.具备3年以上Java开发经验，熟悉JDBC，XML，Web Services 和设计模式； 4.熟悉MySQL, redis、kafka等数据管理技术中的一种或几种； 5.有良好的操作系统、数据结构和软件编程算法功底，熟悉主流技术框架、分布式、缓存等相关技术，在安全、高性能、高可用、稳定性等方面丰富的经验； 6.阅读过Hadoop, Hive, HBase, Spark, Flink, ElasticSearch, Kafka, Kylin等常见大数据组件的源码或做过二次开发者优先； 7.优秀的技术开发能力，且有极佳的团队合作和沟通能力，工作积极主动，自我驱动能力强，主动思考，心态开放，思路清晰。 8.有flink或spark stream开发经验者优先考虑。 9.java技能优秀者优先考虑",2026-03-14
高级数据分析师,T3出行,南京-江宁区,1.5-3万/月,南京-江宁区 5-7年经验 本科 招1人 03-14发布,民营公司,150-500人,"互联网/电子商务,计算机软件","1、对公司大数据进行整理和分析，从多维度制作围绕各部门的分析报告，为公司重点工作提供策略性的指导； 2、深入了解业务、挖掘数据特征，关联性，发展趋势等为客户运营，产品规划等提供数据支持； 3、根据实际需要完成诸如数据采集、数据报表制作、指标梳理、数据提取、数据埋点设计、文档编写 4、关注业界内BI类产品、可视化及大数据应用产品 负责整体数据应用输出相关规划&设计，独立完成数据调研、方案设计以及协调各方资源推动上线； 任职要求： 1、3年以上数据分析和产品设计经验，统计、数学、计算机相关专业优先； 2、熟练使用SQL及其他分析工具，对于大数据解决方案有自己的理解； 3、熟练掌握互联网产品设计相关软件，如Sketch，Axure，Visio等； 4、有B端数据产品经验优先,熟悉业内的BI产品，如Tableau、PowerBI、BDP等； 5、具备优秀的沟通组织协调，推进执行能力； 6、善于系统思考、自我驱动，能够站在业务视角审视、发现并快速解决问题； 7、有较强的逻辑思维能力，对数据变化比较敏感，能够依据数据制定出合理的可实施的改善意见和方案； 8、用数据工程能力有限考虑。",2026-03-14
大数据系统架构师,中冶赛迪重庆信息技术有限公司,重庆,,重庆 本科 招3人 03-14发布,国企,,计算机软件,工作职责： 1、参与大数据方案及架构技术选型，参与大数据平台建设、数据管理平台建设及基于平台的大数据分析解决方案的制定； 2、参与企业定制化大数据项目建设，负责数据采集、数据清洗、数据挖掘等相关技术开发。 任职资格： 1、本科及以上学历，计算机/统计学/应用数学等相关专业； 2、熟悉数据库、数据挖掘基础知识，具有数据分析、数据挖掘、数据仓库或大数据开发经验者优先； 3、了解hadoop、spark生态圈并有相关经验者优先； 4、具有较好的数据思维、分析能力、逻辑思维能力和解决问题的能力，至少掌握Python、Java等语言中的任意一种。,2026-03-14
大数据开发工程师,朗新科技股份有限公司,天津,,天津 本科 招5人 03-14发布,上市公司,,计算机软件,岗位描述： 1.进行大数据相关产品的研发，包括时序存储、流计算、离线分析等 2.利用统计，机器学习，深度学习等算法解决问题，将人工智能算法应用到各种应用场景 岗位要求： 1.熟悉Java，熟悉数据结构与算法设计，了解并发程序设计，熟悉Python、MATLAB、Octave等某一种的开发经验 2.对Hadoop或者Spark有过开发经验，对分布式队列以及分布式数据库有过开发经验 3.具有很强的数据分析能力与敏感度，能快速从给定的数据中找出规律 4.有扎实的基本功和良好的逻辑思维能力,2026-03-14
大数据分析工程师,朗新科技股份有限公司,天津,,天津 本科 招5人 03-14发布,上市公司,,计算机软件,岗位描述： 1.进行大数据相关产品的研发，包括时序存储、流计算、离线分析等 2.利用统计，机器学习，深度学习等算法解决问题，将人工智能算法应用到各种应用场景 岗位要求： 1.熟悉Java、scala，熟悉数据结构与算法设计，了解并发程序设计，熟悉Python、、Octave等某一种的开发经验 2.对Hadoop、Spark、flink、hive、hbase等有过开发经验，对分布式消息中间件以及分布式数据库有过开发经验 3.具有很强的数据分析能力与敏感度，能快速从给定的数据中找出规律 4.有扎实的基本功和良好的逻辑思维能力,2026-03-14
数据仓库架构师（广州）,重庆锐云科技有限公司,广州,,广州 本科 招4人 03-14发布,民营公司,,计算机软件,岗位职责： 1、负责数据仓库的架构设计及数据集市建设，落地及后续的运维； 2、负责各业务线的数据整合方案设计及日志规范； 3、负责数据分析指标体系建设及元数据管理，稽查和监控数据质量。 任职要求： 1、本科及以上学历，计算机相关专业毕业； 2、精通SOL、SSIS、SSRS和OLAP等进行数据库及数据模型设计； 3、熟悉Kettle、Informatic、Datastage、DataService等ETL开发工具。,2026-03-14
数据仓库架构师（重庆）,重庆锐云科技有限公司,重庆,,重庆 本科 招4人 03-14发布,民营公司,,计算机软件,岗位职责： 1、负责数据仓库的架构设计及数据集市建设，落地及后续的运维； 2、负责各业务线的数据整合方案设计及日志规范； 3、负责数据分析指标体系建设及元数据管理，稽查和监控数据质量。 任职要求： 1、本科及以上学历，计算机相关专业毕业； 2、精通SOL、SSIS、SSRS和OLAP等进行数据库及数据模型设计； 3、熟悉Kettle、Informatic、Datastage、DataService等ETL开发工具。,2026-03-14
数据分析师,云腾九州科技（北京）有限公司,贵阳,4-8千/月,贵阳 1年经验 本科 招1人 03-14发布,民营公司,50-150人,"通信/电信运营、增值服务,计算机软件",岗位职责： 1. 负责电信运营商存量经营数据分析； 2. 负责存量经营精准目标用户挖掘； 3. 负责营销活动的执行情况跟踪； 1.本科及以上学历，计算机、信息系统等相关专业； 2.熟练使用数据库语言SQL； 3. 熟悉电信运营商数据口径和基本业务口径（经分数据）； 4. 有运营商业务支撑、数据分析和系统支撑等经验；,2026-03-14
数据分析师,云腾九州科技（北京）有限公司,石家庄,4-7千/月,石家庄 1年经验 本科 招2人 03-14发布,民营公司,50-150人,"通信/电信运营、增值服务,计算机软件",岗位职责： 1. 负责电信运营商存量经营数据分析； 2. 负责存量经营精准目标用户挖掘； 3. 负责营销活动的执行情况跟踪； 岗位要求： 1.本科及以上学历，计算机、信息系统等相关专业 2.熟练使用数据库语言SQL； 3. 熟悉电信运营商数据口径和基本业务口径（经分数据）； 4. 有运营商业务支撑、数据分析和系统支撑等经验； 5. 有一定的文档基础，能完成日常的数据分析报告；,2026-03-14
大数据工程师（北京）,北京亚鸿世纪科技发展有限公司,北京,,北京 本科 招2人 03-14发布,民营公司,,计算机软件,岗位职责： 1、独立完成JAVA后端研发的工作，有大数据研发经验优先； 2、建设大数据仓库，包括数据接入、存储、应用。数据类型涵盖流数据、非结构化数据、结构化数据。 3、针对海量数据，基于大数据技术做统计、挖掘、分析； 4、研究前沿,2026-03-14
软件开发工程师（大数据开发方向）(J10620),中移（苏州）软件技术有限公司,苏州-高新区,2-2.5万/月,苏州-高新区 3-4年经验 本科 招4人 03-14发布,国企,1000-5000人,计算机软件,工作职责: 1. 负责大数据应用系统的开发及维护。 2. 负责相关数据处理开发及组件优化运维工作。 3. 负责大数据相关业务需求的开发。 任职资格: 大学本科及以上学历（***学历为统招本科及以上，不包含独立院校），计算机等相关专业。 工作经验要求：3年以上相关工作经验。 核心技能要求： 1.熟悉大数据技术如MapReduce、Hive、HBase、Spark，Flink等，有HDP或者CDH套件使用维护经验更佳； 2.熟悉Hadoop、Spark、Kafka、Flink等的设计原理，熟悉其中一种或几种开源工具的源码更佳； 3.扎实的编程基础，善于分析问题，乐于钻研； 4.掌握基本Linux系统的运维工具 5.精通Java语言，熟悉spring boot技术栈，熟悉Python、Scala等其它开发语言更佳； 6.熟悉关系数据库以及NoSQL数据工具至少一种产品，如MySQL、Redis，ES等； 7.逻辑性强，心理素质好，能承受工作压力,2026-03-14
高级大数据产品架构师(J10824),中移（苏州）软件技术有限公司,苏州-高新区,2.5-3万/月,苏州-高新区 5-7年经验 本科 招1人 03-14发布,国企,1000-5000人,计算机软件,工作职责: 1.从事移动云大数据产品架构设计工作； 2.负责基于开源生态的移动云大数据产品核心研发工作； 3.追踪大数据领域开源社区动态，对业界大数据领域前沿技术进行研究； 4.分析和解决用户在公有云、私有云场景中大数据产品使用难题，提供专家级技术咨询和优化服务。 任职资格: 教育程度： 大学本科及以上学历（***学历为统招本科及以上，不包含独立院校），计算机等相关专业。 工作经验要求： 5年以上相关工作经验。 核心技能要求： 1.熟悉大数据产品生态圈，包括但不限于Hive、HBase、Kafka、Flink、ES、Spark等， 对架构设计和性能优化有丰富实战经验，在大数据开源社区有任职或者贡献者优先; 2.五年以上大数据技术相关工作经验，具备数据架构或数据业务咨询能力，有良好的客户沟通和管理能力； 3.具有良好的项目交付与团队协作能力，能够组织跨团队协作、推动项目落地； 4.具有良好的逻辑思维和快速解决问题能力，能够在复杂的客户系统及应用场景中迅速帮助客户定位问题并提出可行的解决方案； 5.对大数据相关技术具有强烈的兴趣，具有较强的持续学习和自我驱动能力； 6.公有云大数据产品相关经验者优先。,2026-03-14
数据分析师,郑州大黄蜂网络科技有限公司,郑州-郑东新区,4-6千/月,郑州-郑东新区 招1人 03-14发布,民营公司,150-500人,"多元化业务集团公司,计算机软件",任职要求： 1.统计学、信息与计算科学、会计学等专业毕业，特别优秀者可放宽学历限制； 2.精通excel表格；,2026-03-14
DBA数据开发,安徽九翔信息科技有限责任公司,合肥-庐阳区,1-2万/月,合肥-庐阳区 5-7年经验 本科 招1人 03-14发布,民营公司,50-150人,"医疗/护理/卫生,计算机软件","一、职位信息 1、根据需要负责各项目数据库选型，数据架构设计，安装和升级数据库服务器以及应用程序工具构建，精通高可用数据架构； 2、负责各项目数据库的性能监控、分析调优及备份恢复演练，提高线上数据库的服务性能及可靠性； 3、排查数据库故障，分析和解决疑难问题，提出预防方案； 4、与产品开发团队紧密配合，规划、设计、评审和优化数据库设计方案；为开发者提供数据库设计、SQL优化建议，审核把关数据库设计方案，制定数据库、表、SQL规范，并对相关人员进行数据库指导和培训； 5、管理数据库系统的存储结构，预测未来存储需求，制定数据库的存储方案,数据库新技术的研究，适应快速发展的互联网业务场景； 6.监控和优化数据库的性能，制定实施数据库备份计划，灾难出现时对数据库数据进行恢复。 任职要求: 1、计算机或相关专业，大学本科以上学历，5年以上相关职位经验； 2、对关系数据库mysql，postgresql，oracle等 进行维护，性能分析； 3、对大数据（hadoop 集群或者CDH集群 ）进行维护和性能分析，熟悉impala，kudu，hbase等等组件； 4、对redis，memcache缓存等中间件安装维护和使用； 5、精通数据库备份，还原，恢复； 6、有linux系统管理经验，对数据库相关技术有强烈的兴趣和热情；",2026-03-14
数据分析师（高薪）,深圳海润天恒科技有限公司,深圳-宝安区,0.6-1.2万/月,深圳-宝安区 在校生/应届生 大专 招1人 03-14发布,民营公司,50-150人,"互联网/电子商务,贸易/进出口",1.负责跨境电商亚马逊平台产品的类目分析，市场调研和产品发掘 2.利用公司大数据资源进行产品数据分析和调研 3.了解产品的国际市场动态及需求数据分析 4.做好产品的前期调查，了解产品特性，对产品进行数据建模分析，分析利润和市场前景 5. 跟踪和研究日常数据，及时改进产品的体验完善 6. 负责供应链数据的统计分析 1. 统计学专业，对数据敏感，具备较好的数据收集，整理和分析能力 2. 较强的逻辑分析能力和良好的判断力 3. 具备一定的英语阅读能力，英语过大学四六级 4. 为人诚实可靠、品行端正 5. 有跨境电商产品开发经验优先 6.有志于在国际贸易行业发展 职位待遇： 1、基本工资（6K-12K）+提成。 我们提供什么? 1、公司管理架构扁平化，工作氛围轻松愉快。90%以上员工为90后，30%以上95后，沟通无障碍； 2、优秀应届毕业生或小白入职一年收入可超20W； 3、浓厚的学习与分享氛围助你快速成长为行业精英，我们提供系统化、领先于同行的培训体系； 4、新人将收获一对一帮带、手把手指导，快速入门； 5、公司具备完整的供应链体系、产品开发、IT等技术支持； 6、公司交通便利，临近地铁1号线坪洲站、宝体站，11号线碧海湾站、宝安站，周边生活便利，临近壹方城、大仟里等商圈，步行5分钟即可到美食街 7、公司提供完善、透明化的晋升机制以及优厚的薪酬体系； 8、我们提供以下福利List： （1）入职缴纳五险一金（很多其他公司没有公积金哦~）； （2）试用期按个人需求可提供免费半个月的品牌公寓住宿/一个月（个人承担一半房租） （3）带薪假期：享受法定节假日、年休假、婚假、产假、生育假、陪护假等带薪假期； （4）完善的培训：公司重视员工个人发展，例行培训、部门培训、岗前培训、专题培训等全方位的培训 （5）丰富文娱生活：公司每年举行一次年会活动，有乒乓球台、公司园区有羽毛球场及篮球场等、定期组织各种文娱活动、定期组织员工团队聚餐、不定期组织国内外旅游； （6）零食不限制供应、每周五丰富的下午茶，微波炉电冰箱自助售货机一应俱全，应有尽有。 （7）关注员工身体素质，开展不定期户外活动和体检项目。 （8）读书与学习基金：每年可报销1000人民币以内读书学习费用 （9）各种小惊喜：生日Party，生日礼物、传统节日过节礼品、春节红包、突出贡献大奖 （10）试用期2-3个月，能力出色者可提前转正； 我们承诺：更多的福利将随着公司发展不断完善！！！ 我们的团队是由85、90后一群充满活力和凝聚力的精英组成，拥有理想，内心澎湃，勤奋踏实的年轻人，为着共同的梦想努力奋斗；我们深信“人才”是公司的未来，公司的财富就是我们的员工。公司坚持以人为本，充分尊重、培养和优待人才，员工与公司共同成长；加入我们，你将是团队里很重要的一员！梦想有多大，舞台就有多大！我们诚挚期待您的加入！,2026-03-14
大数据架构师,广州岭南国际企业集团有限公司,广州-越秀区,31-44万/年,广州-越秀区 3-4年经验 本科 招1人 03-14发布,国企,10000人以上,多元化业务集团公司,"1.负责集团大数据平台的技术架构设计； 2.参与集团数据中台项目建设，作为项目技术总负责，构建基于大数据技术的数据分析平台； 3.负责数据采集、数据存储、数据计算、结构分析、数据建模、报表开发等工作； 4.辅助/指导/培训自助式数据分析工具使用； 5.负责数据批处理的日常调度与维护； 6.负责大数据平台的制度建立，如需求管理、开发流程、版本管理、代码管理、数据质量、运维管理、技术策略、对应规则、并推广实施； 7.参与制定信息化建设中涉及系统开发、数据交互、软硬件架构设计的技术路线； 8.领导交办的其他工作事项。 1.有2年或以上的企业级数仓设计经验； 2.具有丰富的数据开发经验，对数据处理、数据建模、数据分析等有深刻认识和实战经验，熟悉维度建模方法； 3.熟悉大数据体系的常用框架（hadoop/hive/spark/hbase等），具备大数据项目实战经验； 4.熟悉ORACLE、MYSQL、SQL等数据库, 熟悉存储过程编写，有SQL性能优化经验； 5.熟练掌握java或者scala语言，脚本语言Shell/Python/Perl之一; 6.具有Storm/Flink等实时开发经验者优先； 7.至少掌握一种ETL工具（kettle、informatic、SSIS等）； 8.业务理解能力强，对数据、新技术敏感，对云计算、大数据技术有热情； 9.具备良好的沟通技巧和数据敏感性，有较强的组织能力、高度的责任心和团队合作精神。",2026-03-14
数据仓库工程师,西安盈达信息科技有限公司,西安-雁塔区,0.8-1.5万/月,西安-雁塔区 3-4年经验 本科 招7人 03-14发布,民营公司,150-500人,计算机软件,职位职责： 1、数据仓库设计和开发 2、数据需求、报表需求分析与管理 3、数据仓库调度维护与监控 职位要求： 1、至少参与开发过一个银行数据仓库项目 2、熟悉银行核心、信贷、票据、总账、监管报送等一个或多个系统 3、熟练ETL存储过程开发（Teradata、Oracle、DB2、mysql等） 4、熟悉Hadoop、Hive、HBase、Sqoop等主流的分布式大数据技术,2026-03-14
数据科学家202002,鹏城实验室,深圳-南山区,,深圳-南山区 3-4年经验 硕士 招若干人 03-14发布,事业单位,1000-5000人,学术/科研,"1. 研发相关机器学***算法，并应用到医疗健康领域的场景中； 2. 将算法高效地实现到多种不同平台和框架上，并基于对平台和框架的内部机制的理解，持续对算法和模型实现进行优化； 3. 深度参与数据工作全过程：数据清洗和过滤、特征抽取、参数选择、算法实验、效果分析； 4. 捕捉数据中不同用户行为特征并加以应用。 计算机类相关专业硕士及以上学历 3年以上算法相关经验，掌握常用机器学习、自然语言、最优化算法，具备扎实的概率统计基础； 1、深刻掌握机器学习常用工具包（Sklearn, TensorFlow, PyTorch, Spark ML/MLLib等），熟悉通过机器学习提升传统模型的精度、算法开发与优化过程； 2、 熟练掌握常用的机器学习算法，例如：LR、Adaboost、CRF、HMM、DNN、CNN、RNN等； 3、对问题有敏锐的洞察力，有较强的理解与分析能力； 4、有较强的进取心，通过新技术优化当前问题； 5、有负责心和较强的敬业精神，良好的沟通能力和团队合作精神。",2026-03-14
数据分析师,四川鑫迈达广告有限公司,西安,4.5-6千/月,西安 1年经验 本科 招15人 03-14发布,民营公司,150-500人,"互联网/电子商务,专业服务(咨询、人力资源、财会)","技能要求： 数据挖掘，数据仓库，数据处理，数据分析，数据架构 岗位职责 1、对各类数据进行采集、统计并完成专业分析； 2、负责业务数据的清洗、补录、更新等工作； 3、根据公司需要，定期编制数据报表，针对数据分析及报表数据结果提出问题并给出解决及改进建议； 5、为前端产品研发、流程优化、部门管理、风险控制提供数据支持； 任职要求 1、本科及以上学历1年及以上相关工作经验,23-30岁； 2、逻辑思维清晰，较强的细节处理能力，抗压能力强。 福利待遇 1六险齐全、带薪年假、病假，； 2、丰厚年终奖金，享受各种补贴、节日/生日礼物； 3、定期员工活动（旅游、拓展、聚会、团建、生日会等） 4、底薪4000+项目奖金",2026-03-14
数据分析师 4k起 双休,四川省善美文化传媒有限公司,成都-锦江区,6-8千/月,成都-锦江区 1年经验 本科 招2人 03-14发布,民营公司,150-500人,"文字媒体/出版,广告",岗位职责 1.定义业务人员行程数据标准，数据指标以及使用规则 2.收集和管理业务人员日常行程数据，整理成报表 3.分析业务人员行程，总结其中的问题，提出业务人员行程改进方法 4.统计业务人员业绩、单量等相关数据，综合业务人员日常行程，提出优化方法 5.领导交代的其他事项 任职要求： 1本科及以上学历，24-28岁 2.熟练使用excel各种统计分析公式 3.责任心强，对工作认真 薪资福利: 1.薪酬:平均每月4000-6000元，基本工资+绩效工资+交通补贴+达标超量奖+年中奖+年终奖+劳动竞赛奖励; 2.五险一金+1:养老保险+生育保险+医疗保险+工伤保险+失业保险+公积金+重大疾病; 3.年中、年终奖励:为工作满半年以上的员工提供年限奖励; 4.公司组织优秀员工国内外旅行,2026-03-14
数据分析师 4k起,德阳彦霏贸易有限公司,成都-成华区,4.5-6千/月,成都-成华区 在校生/应届生 本科 招4人 03-14发布,民营公司,150-500人,"贸易/进出口,专业服务(咨询、人力资源、财会)",岗位职责 1、协助制定销售团队年度、季度、月度计划任务，对任务数据进行核查。 2、追踪销售团队任务完成情况并进行数据分析。 3、对销售数据进行专项分析，编制相关的数据分析报表。 4、原有数据报表的整合、规范和优化，研究改进数据分析的方法，建立自动推送报表机制。 任职要求： 1、本科及以上学历，24-28岁 2、熟练使用Excel函数及制图、SQL查询数据等工具。熟悉VBA者优先。 3、对工作认真负责，有优秀的逻辑思维能力、沟通能力和团队合作精神。 4、积极主动，学习能力强，善于思考工作中的问题并提出建议。 5、做事细心、耐心，性格沉稳。 薪酬福利： 1、五险一金、周末双休、上午9点下午6点，基本工资3500+绩效奖金； 2、享受带薪年假，国家法定节假日，带薪国内外旅游； 3、公司提供专业的带薪岗前培训； 4、享受5A级写字楼办公环境，全天空调室内办公，每人拥有独立的工作区； 5、集团公司、横向、纵向发展空间大，岗位晋升体系完整且透明。,2026-03-14
数据分析师 4k起,德阳彦霏贸易有限公司,成都-锦江区,4.5-6千/月,成都-锦江区 在校生/应届生 本科 招3人 03-14发布,民营公司,150-500人,"贸易/进出口,专业服务(咨询、人力资源、财会)",岗位职责 1、协助制定销售团队年度、季度、月度计划任务，对任务数据进行核查。 2、追踪销售团队任务完成情况并进行数据分析。 3、对销售数据进行专项分析，编制相关的数据分析报表。 4、原有数据报表的整合、规范和优化，研究改进数据分析的方法，建立自动推送报表机制。 任职要求： 1、本科及以上学历，经济、管理、统计相关专业，有数据分析工作经验者优先 2、熟练使用Excel函数及制图、SQL查询数据等工具。熟悉VBA者优先。 3、对工作认真负责，有优秀的逻辑思维能力、沟通能力和团队合作精神。 4、积极主动，学习能力强，善于思考工作中的问题并提出建议。 5、做事细心、耐心，性格沉稳。 薪酬福利： 1、五险一金、周末双休、上午9点下午6点，基本工资3500+绩效奖金； 2、享受带薪年假，国家法定节假日，带薪国内外旅游； 3、公司提供专业的带薪岗前培训； 4、享受5A级写字楼办公环境，全天空调室内办公，每人拥有独立的工作区； 5、集团公司、横向、纵向发展空间大，岗位晋升体系完整且透明。,2026-03-14
数据分析师 双休,四川南舟数字新媒体有限公司,成都-锦江区,4.5-6千/月,成都-锦江区 在校生/应届生 本科 招4人 03-14发布,民营公司,150-500人,"广告,文字媒体/出版",1、协助制定销售团队年度、季度、月度计划任务，对任务数据进行核查。 2、追踪销售团队任务完成情况并进行数据分析。 3、对销售数据进行专项分析，编制相关的数据分析报表。 4、原有数据报表的整合、规范和优化，研究改进数据分析的方法，建立自动推送报表机制。 任职要求： 1、本科及以上学历，24-28岁； 2、对工作认真负责，有优秀的逻辑思维能力、沟通能力和团队合作精神。 3、积极主动，学习能力强，善于思考工作中的问题并提出建议。 4、做事细心、耐心，性格沉稳。 薪酬福利： 1、五险一金、周末双休、上午9点下午6点，基本工资4000+绩效奖金； 2、享受带薪年假，国家法定节假日，带薪国内外旅游； 3、公司提供专业的带薪岗前培训； 4、享受5A级写字楼办公环境，全天空调室内办公，每人拥有独立的工作区； 集团公司、横向、纵向发展空间大，岗位晋升体系完整且透明。,2026-03-14
数据分析师 双休,四川南舟数字新媒体有限公司,成都-武侯区,4.5-6千/月,成都-武侯区 1年经验 本科 招2人 03-14发布,民营公司,150-500人,"广告,文字媒体/出版",岗位职责 1、协助制定销售团队年度、季度、月度计划任务，对任务数据进行核查。 2、追踪销售团队任务完成情况并进行数据分析。 3、对销售数据进行专项分析，编制相关的数据分析报表。 4、原有数据报表的整合、规范和优化，研究改进数据分析的方法，建立自动推送报表机制。 任职要求： 1、本科及以上学历，经济、管理、统计相关专业，有数据分析工作经验者优先，特别优秀的应届生亦可考虑。 2、熟练使用Excel函数及制图、SQL查询数据等工具。熟悉VBA者优先。 3、对工作认真负责，有优秀的逻辑思维能力、沟通能力和团队合作精神。 4、积极主动，学习能力强，善于思考工作中的问题并提出建议。 5、做事细心、耐心，性格沉稳。 薪酬福利： 1、五险一金、周末双休、上午9点下午6点，基本工资3500+绩效奖金； 2、享受带薪年假，国家法定节假日，带薪国内外旅游； 3、公司提供专业的带薪岗前培训； 4、享受5A级写字楼办公环境，全天空调室内办公，每人拥有独立的工作区； 5、集团公司、横向、纵向发展空间大，岗位晋升体系完整且透明。,2026-03-14
高级数据开发工程师,杭州致成能源科技有限公司,杭州,1.2-2万/月,杭州 5-7年经验 大专 招若干人 03-14发布,民营公司,150-500人,"计算机软件,计算机服务(系统、数据服务、维修)",岗位职责： 1.负责数据库脚本创建，存储过程，触发器等数据库编程； 2.负责数据的提取，统计分析，数据挖掘及数据模型的建立; 3.负责数据库优化，包括海量数据处理SQL开发及优化。 任职资格： 1.大学专科以上学历，计算机相关专业，从事数据分析开发工作，5年以上工作数据开发经验； 2.熟练掌握数据架构设计、模型设计；熟悉数据仓库理论； 3.精通Mysql/Oracle等数据库存储过程，SQL脚本的设计和开发； 4.能够适应较强的工作压力，对工作认真负责。,2026-03-14
大数据算法工程师,杭州致成能源科技有限公司,杭州,1.5-2.5万/月,杭州 3-4年经验 本科 招若干人 03-14发布,民营公司,150-500人,"计算机软件,计算机服务(系统、数据服务、维修)",工作职责： 1. 参与项目中大数据机器学习方向的开发工作； 2. 负责大数据相关的数据分析、加工、清理、处理程序的开发； 3. 通过对电力电量数据数据的挖掘，设计异常线损模型并进行程序开发； 任职资格： 1. 全日制本科及以上学历，计算机、统计学、数学相关专业，3年以上相关经验； 2. 熟练掌握分类、聚类、回归、降维等经典机器学习算法和技术，能够根据实际问题选择合适的模型和算法并进行相应的开发； 3. 掌握python、matlab等脚本语言，熟悉各类数据挖掘工具（如weka、Mahout），能够快速建立模型并进行验证； 4. 熟练Spark ML/Tensorflow等机器学习框架，有大数据处理经验，熟练部署与使用Hadoop/Spark集群的优先 5. 具有良好的沟通能力，有责任心，有良好的学习能力，具备优秀的沟通能力和团队精神。,2026-03-14
数据分析师,长沙二三三网络科技有限公司,长沙,0.8-1万/月,长沙 3-4年经验 本科 招1人 03-14发布,民营公司,150-500人,"互联网/电子商务,通信/电信/网络设备",1、优化运营数据分析体系，帮助确定各项运营数据指标； 2、配合业务部门给予数据支持，形成专项分析报告，为产品设计及运营提供数据支持； 3、负责用户行为数据采集分析，通过监控及分析，为营销、产品改进、运营调整提供策略建议； 4、负责根据产品需求进行数据矫正和测试，并产生相应的统计报表； 5、定期对行业环境输出分析报告，对整体行业及细分市场研究，供决策参考。 1、本科及以上学历，数学、统计、计算机等相关专业； 2、统计基础知识扎实，至少能够熟练掌握一种分析工具语言，例如：SAS、Python或熟练掌握SQL语言； 3、有2年以上的数据分析工作经验，有教育类或知识付费型项目经验的优先； 4、良好的数据敏感度，能从海量数据提炼核心结果；有丰富的数据分析、挖掘、清洗和建模的经验； 5、具备良好的抗压能力、沟通及团队协作能力、逻辑思维能力，有独立开展分析研究项目经验； 6、熟悉了解运营知识，用过Growing Io 或神策数据平台的优先。 绩效奖金+季度奖金+项目奖金+年底双薪+年终奖金+五险一金+周末双休+节日周年福利+员工旅游,2026-03-14
数据分析师,长沙二三三网络科技有限公司,长沙,0.8-1万/月,长沙 3-4年经验 本科 招1人 03-14发布,民营公司,150-500人,"互联网/电子商务,通信/电信/网络设备",1、优化运营数据分析体系，帮助确定各项运营数据指标； 2、配合业务部门给予数据支持，形成专项分析报告，为产品设计及运营提供数据支持； 3、负责用户行为数据采集分析，通过监控及分析，为营销、产品改进、运营调整提供策略建议； 4、负责根据产品需求进行数据矫正和测试，并产生相应的统计报表； 5、定期对行业环境输出分析报告，对整体行业及细分市场研究，供决策参考。 1、本科及以上学历，数学、统计、计算机等相关专业； 2、统计基础知识扎实，至少能够熟练掌握一种分析工具语言，例如：SAS、Python或熟练掌握SQL语言； 3、有2年以上的数据分析工作经验，有教育类或知识付费型项目经验的优先； 4、良好的数据敏感度，能从海量数据提炼核心结果；有丰富的数据分析、挖掘、清洗和建模的经验； 5、具备良好的抗压能力、沟通及团队协作能力、逻辑思维能力，有独立开展分析研究项目经验； 6、熟悉了解运营知识，用过Growing Io 或神策数据平台的优先。,2026-03-14
数据分析师,青木数字技术股份有限公司,广州,0.5-1万/月,广州 1年经验 本科 招2人 03-14发布,民营公司,500-1000人,互联网/电子商务,岗位要求： 1、负责行业、类目的日常数据报表整理及数据分析工作； 2、向部门负责人及项目负责人提供各类准确的运营数据，并根据项目需要进行专题性分析报告； 3、制定数据模板及规范，建立数据分析模型，开发并维护自动化报表； 4、监测电商平台后端数据，为业务运营提供数据和决策支持，并对异常情况进行深入分析和提交改善建议； 5、对行业及竞争对手信息进行采集并评估分析，为店铺运营及策略制定提供参考意见； 任职资格： 1、统招本科及以上毕业，理工科专业背景，统计、数学、计算机等优先； 2、从事过1年以上的商业数据分析/市场调研分析/消费者行为分析等工作； 3、熟练掌握excel及powerBI的使用，懂数理统计，能使用SPSS/SAS/MATLAB等任一工具，能使用Python、Golang、JavaScript、SQL等任意编程语言或数据库更佳； 4、具有优秀的逻辑分析能力，良好的商业意识与业务洞察，能独立撰写阐述分析报告、并提出可行性建议； 5、学习能力强，抗压能力好，沟通能力好，能拥抱变化。 6、具有电商平台数据分析管理相关工作经验或熟悉电商数据分析工具者（生意参谋、品牌数据银行等）优先。,2026-03-14
数据分析师（数据银行）,青木数字技术股份有限公司,广州,0.8-1.5万/月,广州 3-4年经验 本科 招1人 03-14发布,民营公司,500-1000人,互联网/电子商务,工作职责: 1、利用数据银行帮助品牌实现全链路、全媒体、全渠道的消费者运营； 2、对接品牌运营，收集数据银行需求，提供需求分析，输出计划与执行方案； 3、日常根据品牌消费者画像，提供消费者洞察与分析，并提出消费者运营建议； 4、负责品牌数据银行活动机制下的人群圈选和广告优化投放执行或建议； 5、利用策略中心为品牌开展竞品与市场分析，提供广告投放效果预估与优化； 6、根据消费者数据运营，为品牌、品牌运营团队、营销团队提供数据洞察和运营报告，向客户与内容团队解读数据发现。 任职资格: 1、具备3年以上电商行业数据分析从业经验，可将数据分析洞察转化为可执行的运营方案，具备阿里巴巴数据银行、策略中心和数据工厂项目经验者优先； 2、精通生意参谋、数据银行、DMP、等数据分析操作的使用； 3、 对数字敏感，有较强的数据分析能力，对推广带来的IP、PV、销量、 跳出率、地域分布、转化率等数据有思维判断的分析能力； 4、具备优秀的沟通能力，逻辑思维能力强，学习能力强，有钻研精神。富有工作激情。,2026-03-14
数据分析师,湖南潭州教育网络科技有限公司,长沙-岳麓区,4-7千/月,长沙-岳麓区 1年经验 大专 招2人 03-14发布,民营公司,5000-10000人,"教育/培训/院校,互联网/电子商务",岗位职责： 1.针对各事业部、分公司业绩达成情况进行统计、分析及追踪； 2.销售数据分析的建立，数据分析报表的整合和规范、优化； 3.建立部门每日、周、月、季、年度数据分析报表； 4.组织公司的统计报告，检查统计数据的完整性、正确性，按上级主管部门要求报送规定的报表 5.上级主管交办的其他工作 任职要求： 1.全日制专科以上，22-28岁，统计学、数学、财务、计算机等相关专业及1年以上数据分析经验优先；’ 2.熟悉常用数据库工具和数据常用分析工具（包含但不限于：SQLSERVER、ACCESS、R等）； 3.熟悉OFFICE办公软件，能熟练使用Word、Excel、PPT、Visio等工具，其中EXCEL需要非常熟练使用，并且会常用函数； 4.对数据敏感且有一定的数据分析能力； 5.积极学习行业知识，不断提出创新想法。,2026-03-14
数据分析师,湖南潭州教育网络科技有限公司成都分公司,成都-高新区,0.8-1.2万/月,成都-高新区 在校生/应届生 大专 招若干人 03-14发布,民营公司,,教育/培训/院校,岗位职责： 1、统计汇总各业务部门业务人员的业绩 2、统计各部门的流量投入费用和产出 3、统计各部门的成本支出 4、统计公司的成本支出 5、分析对比各业务部门的数据分析是否正常，找出不正常数据的原因，以及制定出相应的解决方案 6、通过数据分析制定相应的营销策略 任职要求： 1、本科及以上学历 2、工作认真细致，具有良好的保密意识 3、对数字敏感，逻辑清晰 4、精通EXCEL函数 5、良好的分析，预测能力 岗位单休，介意的小可爱勿扰哦~~~,2026-03-14
大数据运营工程师-金华地区,中国移动通信集团浙江有限公司,金华,,金华 本科 招若干人 03-14发布,上市公司,,通信/电信/网络设备,主要工作职责 1、负责大数据应用需求收集、挖掘、分析、需求评估实现并进行跟踪优化等工作； 2、负责大数据平台的应用维护，包括数据的同步、维护和模型发布； 3、负责大数据知识、技术能力、产品应用的培训宣传推广工作。 能力素质及知识技能要求 1、2020届普通高等学校全日制应届本科及以上学历毕业生，计算机类、信息类、数学统计类等相关专业；英语CET-4成绩达到425分及以上； 2、熟悉Hive/SQL或SAS/JAVA/R语言及Linux/Unix 平台开发，了解底层数据的架构技术以及应用层数据分析和算法的基本概念； 3、具备敏锐的商业敏感度和市场意识；优秀的数据分析能力、逻辑思维能力、细节关注能力；能够开发创新而实际的分析方法以解决复杂的商业问题，认可公司文化。,2026-03-14
大数据运营工程师-衢州地区,中国移动通信集团浙江有限公司,衢州,,衢州 本科 招若干人 03-14发布,上市公司,,通信/电信/网络设备,主要工作职责 1、负责大数据应用需求收集、挖掘、分析、需求评估实现并进行跟踪优化等工作； 2、负责大数据平台的应用维护，包括数据的同步、维护和模型发布； 3、负责大数据知识、技术能力、产品应用的培训宣传推广工作。 能力素质及知识技能要求 1、2020届普通高等学校全日制应届本科及以上学历毕业生，计算机类、信息类、数学统计类等相关专业；英语CET-4成绩达到425分及以上； 2、熟悉Hive/SQL或SAS/JAVA/R语言及Linux/Unix 平台开发，了解底层数据的架构技术以及应用层数据分析和算法的基本概念； 3、具备敏锐的商业敏感度和市场意识；优秀的数据分析能力、逻辑思维能力、细节关注能力；能够开发创新而实际的分析方法以解决复杂的商业问题，认可公司文化。,2026-03-14
大数据运营工程师-宁波地区,中国移动通信集团浙江有限公司,宁波,,宁波 本科 招若干人 03-14发布,上市公司,,通信/电信/网络设备,主要工作职责 1、负责大数据应用需求收集、挖掘、分析、需求评估实现并进行跟踪优化等工作； 2、负责大数据平台的应用维护，包括数据的同步、维护和模型发布； 3、负责大数据知识、技术能力、产品应用的培训宣传推广工作。 能力素质及知识技能要求 1、2020届普通高等学校全日制应届本科及以上学历毕业生，计算机类、信息类、数学统计类等相关专业；英语CET-4成绩达到425分及以上； 2、熟悉Hive/SQL或SAS/JAVA/R语言及Linux/Unix 平台开发，了解底层数据的架构技术以及应用层数据分析和算法的基本概念； 3、具备敏锐的商业敏感度和市场意识；优秀的数据分析能力、逻辑思维能力、细节关注能力；能够开发创新而实际的分析方法以解决复杂的商业问题，认可公司文化。,2026-03-14
大数据运营工程师-台州地区,中国移动通信集团浙江有限公司,台州,,台州 本科 招若干人 03-14发布,上市公司,,通信/电信/网络设备,主要工作职责 1、负责大数据应用需求收集、挖掘、分析、需求评估实现并进行跟踪优化等工作； 2、负责大数据平台的应用维护，包括数据的同步、维护和模型发布； 3、负责大数据知识、技术能力、产品应用的培训宣传推广工作。 能力素质及知识技能要求 1、2020届普通高等学校全日制应届本科及以上学历毕业生，计算机类、信息类、数学统计类等相关专业；英语CET-4成绩达到425分及以上； 2、熟悉Hive/SQL或SAS/JAVA/R语言及Linux/Unix 平台开发，了解底层数据的架构技术以及应用层数据分析和算法的基本概念； 3、具备敏锐的商业敏感度和市场意识；优秀的数据分析能力、逻辑思维能力、细节关注能力；能够开发创新而实际的分析方法以解决复杂的商业问题，认可公司文化。,2026-03-14
大数据运营工程师-舟山地区,中国移动通信集团浙江有限公司,舟山,,舟山 本科 招若干人 03-14发布,上市公司,,通信/电信/网络设备,主要工作职责 1、负责大数据应用需求收集、挖掘、分析、需求评估实现并进行跟踪优化等工作； 2、负责大数据平台的应用维护，包括数据的同步、维护和模型发布； 3、负责大数据知识、技术能力、产品应用的培训宣传推广工作。 能力素质及知识技能要求 1、2020届普通高等学校全日制应届本科及以上学历毕业生，计算机类、信息类、数学统计类等相关专业；英语CET-4成绩达到425分及以上； 2、熟悉Hive/SQL或SAS/JAVA/R语言及Linux/Unix 平台开发，了解底层数据的架构技术以及应用层数据分析和算法的基本概念； 3、具备敏锐的商业敏感度和市场意识；优秀的数据分析能力、逻辑思维能力、细节关注能力；能够开发创新而实际的分析方法以解决复杂的商业问题，认可公司文化。,2026-03-14
大数据运营工程师-绍兴地区,中国移动通信集团浙江有限公司,绍兴,,绍兴 本科 招若干人 03-14发布,上市公司,,通信/电信/网络设备,主要工作职责 1、负责大数据应用需求收集、挖掘、分析、需求评估实现并进行跟踪优化等工作； 2、负责大数据平台的应用维护，包括数据的同步、维护和模型发布； 3、负责大数据知识、技术能力、产品应用的培训宣传推广工作。 能力素质及知识技能要求 1、2020届普通高等学校全日制应届本科及以上学历毕业生，计算机类、信息类、数学统计类等相关专业；英语CET-4成绩达到425分及以上； 2、熟悉Hive/SQL或SAS/JAVA/R语言及Linux/Unix 平台开发，了解底层数据的架构技术以及应用层数据分析和算法的基本概念； 3、具备敏锐的商业敏感度和市场意识；优秀的数据分析能力、逻辑思维能力、细节关注能力；能够开发创新而实际的分析方法以解决复杂的商业问题，认可公司文化。,2026-03-14
大数据研发工程师,系统集成有限责任公司,北京,,北京 本科 招4人 03-14发布,国企,,通信/电信运营、增值服务,工作地点：北京 学历要求： 本科及以上 专业要求 ：通信、软件工程、计算机等相关专业毕业 岗位职责 1.负责大数据实时＼离线处理程序开发。根据产品需求，设计开发数据处理程序(Spark，hive等)；实时数据处理程序(SparkStreaming等)； 2.面向业务目标，对数据模型、数据分布、数据传输、数据存储等方面进行大数据场景的功能开发。 3.参与项目需求分析和分项设计工作。 应聘资格要求 1.本科及以上学历，计算机相关专业，有大数据相关实习经验者优先； 2.熟悉linux系统，熟练掌握JAVA或Scala语至少一种； 3.熟悉一种关系型数据库，具备一定的SQL功底； 4.有较好的沟通交流能力，较强的抗压能力，对自己的输出负责。 5.熟悉以下任一技术栈者优先：Hadoop生态，HDFS/Hbase/Hive；MapReduce，Spark；HBase、Kafka；Flink；Sparkstreaming；,2026-03-14
数据分析师-营销拓展中心,号百控股股份有限公司,上海,,上海 硕士 招3人 03-14发布,国企,,通信/电信运营、增值服务,拟招聘人数 2-3 工作地点 上海 学历要求 研究生及以上 专业要求 应用数学、计算机等相关 岗位职责 1.对接区域总监及驻地经理，承接省份对数据统计、输出、分析等相关工作； 2.协助部门领导完成本部门核心KIP相关的数据统计及分析工作 ； 3.对接运营支撑中心及产品部，梳理并调整三大业务销售相关的数据需求及统计口径。 应聘资格要求 1.统招研究生及以上学历。 2.熟悉数据分析、数据建模等主流数据工具。 3.具备强烈的责任担当意识，具有良好的协调沟通能力。 4.具有强烈的责任心和对工作的热忱，勇于承受工作压力并能高效完成各项工作。,2026-03-14
数据分析师,龙湖集团,北京,,北京 本科 招若干人 03-14发布,上市公司,,房地产,"岗位职责： 1、开发合适的数据评估模型及指标体系，及时监控发现业务发展中遇到的各种问题； 2、对产品业务问题进行逻辑抽象，将现实业务问题转化为逻辑、可量化问题，并进行相应的数学建模； 3、提出产品的潜在优化策略，并通过实验等量化评估方式，进行策略的有效性确认； 4、评估各种策略的实证效果及因果关系分析，支持产品决策，驱动产品体验优化及业务快速增长。 岗位要求： 1、本科及以上学历,应用数学、统计学、数量经济学、应用经济学、运筹学等数据科学相关专业； 2、严谨的逻辑思维能力和扎实的数理专业知识基础； 3、较强的动手实现能力，熟练使用R/Python/Matlab等相关统计数学软件的一种； 4、具备自我驱动的研究热情，有学术研究成果发表者优先考虑。",2026-03-14
数据分析师,上海联蔚信息科技有限公司,南京,,南京 本科 招2人 03-14发布,民营公司,,计算机软件,1. 整理分析日常交易数据，行为数据，提供日常数据支持； 2. 本科及以上学历，数学、统计学、计算机相关专业； 3. 有数据分析相关项目经验者优先考虑； 4. 熟悉excel，PowerPoint等办公软件； 5. 对数据敏感，熟悉数据分析工具如SQL，Python 等； 6. 思维活跃、逻辑性强，具备快速学习能力及抗压能力；沟通、协调能力强,2026-03-14
大数据工程师,建信金融科技有限责任公司,深圳,,深圳 本科 招20人 03-14发布,国企,,金融/投资/证券,岗位职责： 1.负责参与零售信贷业务大数据分析相关项目的开发和实施工作； 2.负责参与零售信贷业务运营分析相关项目的开发和实施工作； 3.负责参与零售信贷业务的业务指标体系建设相关项目的开发和实施工作。 招聘要求： 1.全日制大学本科及以上学历；计算机类、软件工程类等相关专业； 2.熟悉Linux操作系统，熟悉Shell、Java、Python、Sql等技术；熟悉Oracle、Mysql等关系型数据库； 3.了解Hadoop、Hive、Spark、HBase、Kafka、Flume、Redis等大数据开源产品和主流技术； 4.具备一定的数据分析能力，对数据敏感，有较强的学习能力； 5.具有良好的英语读写能力； 6.具备大数据相关的ETL处理和大数据应用开发经验者优先。,2026-03-14
大数据研发工程师（全文检索数据库方向）,建信金融科技有限责任公司,厦门,,厦门 本科 招1人 03-14发布,国企,,金融/投资/证券,岗位职责 1、负责Elasticsearch相关产品的新功能设计、开发、运营和维护工作 2、负责跟进研究业界前沿技术，推动产品技术升级 3、负责利用数据挖掘和数理统计的理论方法解决搜索实际问题 4、负责搜索服务性能及架构升级，提升和优化系统性能 5、负责持续优化Elasticsearch的性能，跟进研究业界前沿技术，推动产品技术升级 6、负责对外输出项目的解决方案及项目实施中，提供全文检索相关技术支持 招聘要求 1、计算机或相关专业，本科以上学历。具备良好沟通能力和表达能力 2、编程能力扎实，熟悉Java/C++/Golang 中的一种，具有良好的数据结构、算法、操作系统等计算机基本知识 3、熟悉ElasticSearch/Lucene开源系统，有实际开发经验者优先 4、具有大规模中间件等基础组件运维，运维工具开发等经验优先 5、学习能力强，善于独立思考，思维活跃，对技术有强烈激情,2026-03-14
大数据研发工程师（时序数据库方向）,建信金融科技有限责任公司,厦门,,厦门 本科 招1人 03-14发布,国企,,金融/投资/证券,岗位职责 1、负责分布式时序数据库存储和计算相关的研究和开发。 2、负责时序数据分析系统的探索和研发 3、负责时序数据查询性能的优化工作 4、负责对外输出项目的解决方案及项目实施中，提供时序数据库相关技术支持 招聘要求 1、计算机或相关专业，本科以上学历。具备良好沟通能力和表达能力 2、熟练掌握至少一种下列编程语言 java、C++、golang。java优先 3、熟悉分布式系统理论，对分布式协议、时序索引结构、近似查询索引、一致性协议、存储引擎、查询优化等分布式数据库相关技术的优先 4、对时序数据库引擎和系统OpenTSDB、Kairosdb、InfluxDB、Druid等有深入研究和相关经验的优先。 5、熟练掌握Linux软硬件环境、系统管理和优化，有做过大数据服务监控者优先； 6、 有IoT系统相关实现经验、对实时处理有大规模应用经验的优先 7、 主动性强，具有良好的沟通、协调和组织能力，富有团队精神，有较强的文档编写能力,2026-03-14
大数据研发工程师（图数据库方向）,建信金融科技有限责任公司,厦门,,厦门 本科 招1人 03-14发布,国企,,金融/投资/证券,"岗位职责 1、负责图计算Spark GraphX/图数据库TigerGraph/Neo4J等及相关生态组件内核优化、中间件开发以及BugFix。基于图计算框架或图数据库开发行业图应用 2、负责图数据库相关的研发及故障处理工作，处理各类异常和故障，确保系统平台的稳定运行 3、负责对外输出项目的解决方案及项目实施中，提供图数据库相关技术支持 招聘要求 1、计算机或相关专业，本科以上学历。具备良好沟通能力和表达能力 2、熟练掌握图数据库，图分析工作原理，有一定的应用开发经验 3、有图算法理论基础，熟悉Spark GraphX、Neo4J或其他图数据库的使用熟悉Hadoop、Spark MLlib者优先 4、熟悉图查询语言Cypher或Gremlin之一 5、熟练掌握Linux软硬件环境、系统管理和优化，有做过大数据服务监控者优先 6、 熟练掌握GSQL等至少一个图数据库语言 7、 熟练掌握Python、shell至少一门语言,有开发经验者优先 8、 主动性强，具有良好的沟通、协调和组织能力，富有团队精神，有较强的文档编写能力",2026-03-14
大数据研发工程师（Hadoop方向）,建信金融科技有限责任公司,厦门,,厦门 本科 招1人 03-14发布,国企,,金融/投资/证券,"岗位职责： 1、负责Hadoop、HBase、Hive、Spark、Kafka等大数据集群组件的二次开发工作； 2、能够基于行内行外的业务需求，对hadoop相关组件做定制化开发。 3、负责hadoop相关的研发及软件bug修复工作，处理各类异常和故障，确保系统平台软件版本的稳定； 招聘要求： 1、计算机或相关专业，本科以上学历。具备良好沟通能力和表达能力。 2、熟练掌握hdfs、hive、spark、flink、kafka等大数据组件工作原理，有平台应用开发经验。 3、熟练掌握Linux软硬件环境、系统管理和优化，有做过大数据服务监控者优先； 4、熟练掌握mysql、hbase、redis等数据存储系统。 5、熟练掌握Python、shell至少一门语言,有开发经验者优先； 6、搭建、调优并维护过Hive、Spark、Kafka、Redis等服务； 7、主动性强，具有良好的沟通、协调和组织能力，富有团队精神，有较强的文档编写能力。",2026-03-14
大数据研发工程师（实时计算方向）,建信金融科技有限责任公司,厦门,,厦门 本科 招3人 03-14发布,国企,,金融/投资/证券,岗位职责： 1.负责参与实时计算技术相关的项目和系统的设计、开发和维护工作； 2.负责参与实时计算相关技术的应用和落地，为用户提供强有力的技术支持； 3.负责参与大数据、人工智能等前沿问题的探索与研究，结合应用场景，提供技术解决方案。 招聘要求： 1.本科及以上学历；计算机、软件工程等相关专业； 2.熟悉Linux操作系统和Java、Scala、Python等至少一种语言，熟悉主流微服务框架(如：Spring Cloud等)； 3.熟悉Flink、Spark Streaming、Storm等开源流式计算框架的优先； 4.熟悉大数据、容器相关开源技术的优先，包括但不限于Hadoop，Spark，Kafka，MPP，Kubernetes、Docker； 5.具备良好的数据和逻辑分析能力；有较强的学习能力、钻研精神；具备良好的沟通能力和团队协作精神； 6.具备良好的英语读写能力。,2026-03-14
大数据工程师,建信金融科技有限责任公司,广州,,广州 本科 招1人 03-14发布,国企,,金融/投资/证券,岗位职责： 1、负责数据平台的架构和规划； 2、负责海量数据下风控、营销平台流计算、实时计算的设计； 3、负责海量数据下可视化模块开发，依据业务需求和方案开发可视化产品； 4、负责海量用户行为分析和预测，以及专家模型、分布式算法模型在风控、营销方面的实现和应用等。 招聘要求： 1、本科及以上学历，计算机等相关专业； 2、精通至少一种编程语言，如Java、Python； 3、熟悉主流大数据平台中的一种或多种，例如Hadoop、Hbase、CDH等； 4、具备数据挖掘、数据分析、机器学习知识背景，拥有反欺诈系统、推荐系统、精准营销、信息检索等方面的实践经验优先； 5、具有良好的沟通表达能力、服务意识、较强的团队合作意识和责任心； 6、具有良好的英语读写能力。,2026-03-14
大数据研发工程师（数据服务方向）,建信金融科技有限责任公司,厦门,,厦门 本科 招1人 03-14发布,国企,,金融/投资/证券,岗位职责： 1.大数据平台数据服务框架的建设 2.大数据平台OpenAPI网关等相关系统的建设 岗位要求： 1.本科及以上学历，熟悉java、python、go语言中的至少一个种。 2.熟悉Spring框架，特别是对Spring boot有一定的了解 3.了解Spark SQL的相关技术,2026-03-14
大数据研发工程师（容器化方向）,建信金融科技有限责任公司,厦门,,厦门 本科 招2人 03-14发布,国企,,金融/投资/证券,岗位职责： 1.负责大数据相关的项目开发和系统开发优化工作；参与包括但不限于大数据云容器引擎、大数据计算框架的设计、开发和维护； 2.根据产品需求设计优化高性能、高可用的大数据云容器引擎； 招聘要求： 1.本科及以上学历；计算机、软件工程等相关专业； 2.熟悉Linux操作系统和Java语言； 3.了解分布式架构、容器、等主流开源产品与技术；熟悉spark、flink等大数据计算框架者优先； 4.具备良好的数据和逻辑分析能力；有较强的学习能力、钻研精神；对技术有热情； 5.具备良好的英语读写能力。,2026-03-14
大数据研发工程师（数据分析可视化方向）,建信金融科技有限责任公司,厦门,,厦门 本科 招4人 03-14发布,国企,,金融/投资/证券,岗位职责： 1、负责大数据挖掘分析后的结果进行可视化、研发工作 2、对数据可视化有深入的研究，能够结合业务场景设计出实用的可视化方案，并提供优秀的用户体验 3、为数据可视化产品提供功能设计和产品优化方案，将用户需求转化为产品设计并提供实现 招聘要求： 1.本科及以上学历；计算机、软件工程等相关专业； 2.熟悉Web前端开发，熟悉当前主流的前端开发框架，熟悉echarts、d3.js或其他图形渲染插件，熟悉Vscode、Subtext、Webstorm等至少一种前端开发工具，了解webpack打包工具； 3.熟悉移动端H5开发、微信小程序开发者优先，熟悉Apache、Nginx等Web服务器者优先； 4、熟练掌握多种统计和挖掘方法，能够使用工具或R、Python等语言进行数据分析可视化展现； 5、熟悉海量数据计算的相关算法模型，会hadoop、spark等大数据技术； 6.具备良好的数据和逻辑分析能力；有较强的学习能力、钻研精神；对技术有热情； 7.具备良好的英语读写能力。,2026-03-14
大数据研发工程师（通用）,建信金融科技有限责任公司,厦门,,厦门 本科 招10人 03-14发布,国企,,金融/投资/证券,岗位职责： 1. 负责大数据平台相关的研发及相关组件的开发和系统优化迭代； 2. 负责参与数据分析过程，应对多样的业务场景，攻坚开发过程中的技术问题； 3. 持续改进并优化平台性能，支撑业务的快速发展； 4. 和上下游业务进行良好的沟通合作，转化需求为平台服务； 5. 负责参与大数据、分布式计算、人工智能等前沿问题的探索与研究，结合应用场景，提供技术解决方案。 招聘要求： 1. 本科及以上学历；计算机、软件工程等相关专业； 2. 扎实的数据结构及算法基础，理解面向对象设计的基本原则，熟悉常见的设计模式； 3. 熟悉Linux操作系统，熟悉Python/Java及相关的微服务开发框架; 4. 了解大数据领域主流技术，有Hadoop/Spark/Kubernetes/Docker等分布式计算技术实用经验者优先 5. 了解机器学习/人工智能领域主流技术，对sklearn/tensorflow/pytorch等AI框架有实用经验者优先； 6. 具备强烈的责任心，良好的沟通、学习能力，良好的团队合作意识，勇于接受技术挑战； 7. 具备良好的英语读写能力。,2026-03-14
数据仓库开发工程师,建信金融科技有限责任公司,广州,,广州 本科 招2人 03-14发布,国企,,金融/投资/证券,岗位职责： 1、负责数据仓库建设、维护和优化，包括元数据管理、数据集成、调度、OLAP 系统开发等； 2、负责建设数据指标体系和经营分析模型，实现数据价值； 3、负责海量用户行为分析和预测，以及专家模型、分布式算法模型在精准营销方面的实现和应用等； 4、参与大数据相关系统开发、部署以及运维； 5、完成岗位其他相关工作。 招聘要求： 1、本科及以上学历，计算机、软件、数学、通信、人工智能等相关专业，有大数据开发相关项目经历者优先； 2、熟悉至少一种编程语言，Java、Scala、Python； 3、熟悉mysql等数据库、熟悉sql语言，对数据库优化、sql优化等有相关经验优先； 4、了解数据仓库的理论和数据库建模； 5、了解hadoop、mppdb、hive、hbase、zookeeper、hue、es等中的多个； 6、了解spark mllib、python sklearn中的多个，或者有相关经验优先； 7、具有较强的学习、分析、解决问题的能力，团队合作意识和责任心； 8、具有良好的英语读写能力。,2026-03-14
大数据研发工程师（MPP数据库方向）,建信金融科技有限责任公司,厦门,,厦门 本科 招1人 03-14发布,国企,,金融/投资/证券,岗位职责： 1、负责MPP数据库的运行优化、功能改进等技术研究工作 3、负责大数据云存储和计算负责的落地，并持续完善 4、负责大数据基础环境的需求分析、资源规划、方案编写、上线实施等 招聘要求： 1、本科及以上学历，理工类专业，熟练掌握MPP数据库架构 2、熟练掌握C语言和python语言 3、对常用的SQL实现方式有一定的了解 4、具备一定的数据库、操作系统使用操作经验,2026-03-14
大数据开发实习生,亚信科技（中国）有限公司,北京,,北京 本科 招若干人 03-14发布,外资（欧美）,,计算机软件,【工作职责】 1、负责数据处理解决方案的设计与实施，以满足特定行业的生产需求； 2、负责大数据相关组件进行二次开发； 3、负责大数据的应用开发； 4、负责研发族群文档编写 。 【职位要求】 1、2021届应届毕业生，本科及以上学历，计算机软件、通讯相关专业； 2、较强的编程(JAVA/Scala)以及脚本编写基础； 3、大数据以及分布式计算领域相关基础知识； 4、熟悉至少一种如下大数据相关组件，如：Hadoop/Spark/Kafka/Hbase/Hive/Storm/HAWQ/ /AMBARI/Solr； 5、性格开朗，学习及语言表达能力强，善于与人沟通、交流 。,2026-03-14
市场部数据分析师（大连）,日常实习生项目,大连,,大连 本科 招若干人 03-14发布,外资（非欧美）,,机械/设备/重工,工作内容： 此职位为日常实习生职位。实习周期：每周3-5天，不少于4个月。 1. 市场分析数据抽出，管理。 2. 报表制作，更新。 3. 与客户及时沟通，了解市场营销策略和客户在数据分析方面的需求 4. 根据客户需要提供营销方案的效果评估分析，问题调查和解决方案上的数据支持。 职位要求： 1. 大学本科以上在校学生； 数据分析、市场营销等相关专业。 2. 工作认真负责，细心耐心，拥有快速学习及在规定时间内完成工作的能力。,2026-03-14
基础技术研究-人工智能、大数据算法研究,北京科东电力控制系统有限责任公司,沈阳,,沈阳 本科 招3人 03-14发布 英语良好 计算机科学与技术 信息安全,国企,,电气/电力/水利,工作内容：负责开展行业人工智能、大数据等新技术预研，跟踪国内外相关领域研究动态，开展基础、前瞻技术研究，开展新产品或原型系统研制等工作 其他：熟悉人工智能、大数据分析挖掘的基本原理与方法； 掌握人工智能、大数据分析的常用开发框架与开源软件，熟练掌握Java/Python； 有相关课题研究与项目经验者优先。,2026-03-14
软件开发-大数据（深圳),金蝶软件（中国）有限公司,深圳,,深圳 本科 招若干人 03-14发布,民营公司,,计算机软件,工作职责： 1、负责企业领域金蝶云大数据服务平台的大数据套件后台系统的开发和维护。 职位要求： 1、2020年毕业，本科及以上学历，热爱互联网，对探索未知领域有浓厚的兴趣； 2、熟悉大数据套件及使用经验（hadoop、hive、spark、flume、kylin等等）； 3、熟悉Java语言编程，熟悉linux 平台、shell/python等脚本编程； 4、对数据结构和算法设计有较为深刻的理解； 5、良好的逻辑思维能力，对数据敏感，强烈的上进心和求知欲，较强的学习能力和沟通能力，具备良好的团队合作精神。 工作地点：深圳,2026-03-14
大数据算法工程师,成都极米科技股份有限公司,成都,,成都 硕士 招5人 03-14发布,民营公司,,互联网/电子商务,岗位职责： 1、负责分析挖掘客户/行业对大数据产品的需求，包括个性化推荐或自然语言处理方向等相关工作； 2、大数据场景下的数据统计、数据挖掘，包括数据整理、模型建立、模型应用、评估优化等； 3、个性化推荐或自然语言处理相关业务的工程实践及闭环。 任职要求： 1、硕士及以上学历，数学、统计学、计算机、软件等相关专业； 2、至少熟练掌握 Python/Scala/Java 中的1门语言开发，了解数据库、数据结构等基本计算机基础知识； 3、熟悉常用机器学习和数据挖掘算法，包括但不限于决策树，线性回归，聚类，支持向量机，神经网络等，熟练使用TensorFlow框架者优先。,2026-03-14
大数据工程师（北京）,北京神州数码有限公司,北京,,北京 本科 招5人 03-14发布,民营公司,,计算机软件,工作职责 1. 对海量业务数据进行诊断、分析，从数据中挖掘和整理客户行为特征，满足建模研究的需要； 2. 分析业务问题，通过应用统计学的相关理论、数据挖掘模型、机器学习方法建立数据模型，为用户的业务发展、产品策略、市场活动、风险管理等提供决策支持。,2026-03-14
数据仓库工程师（出差绵阳）,中软国际科技服务有限公司,成都-武侯区,1-1.5万/月,成都-武侯区 3-4年经验 本科 招3人 03-14发布,合资,10000人以上,"计算机软件,计算机服务(系统、数据服务、维修)",1，源系统接入分析 2，cognos报表开发 3，datastage job的开发 4，模型层，共性加工层、报表集市层的扩展开发 5、业务需求分析 1、本科及以上学历，计算机、数学相关专业，3年以上开发经验； 2、精通使用SQL语言； 3、熟悉Oracle、 MySQL、DB、Postgre 等主流关系型数据库，具有实际开发经验； 4、具有强烈的责任心及团队合作精神，良好的分析问题解决问题的能力，具有较强的沟通能力、学习能力。 优选条件： 1、熟悉 Python 等脚本语言经验者可优先考虑； 2、有一线系统问题跟踪和解决丰富经验的可优先考虑。,2026-03-14
数据仓库工程师,中软国际科技服务有限公司,成都-锦江区,1.2-1.8万/月,成都-锦江区 3-4年经验 本科 招2人 03-14发布,合资,10000人以上,"计算机软件,计算机服务(系统、数据服务、维修)",ssis工具ETL维护及开发，DW数据仓库建模以及业务逻辑维护开发，使用BIEE工具搭建bi报表系统。 2.数据量大，在项目中优化了大量查询SQL，ETL程序。 3.熟悉python语言，熟悉numpy，pandas等数据分析库，熟悉常见机器学习算法，如逻辑回归，SVM，随机森林，GBDT等。熟悉机器学习流程。 4.熟悉hadoop原理，熟悉 map/reduce，hive，sqoop等数据ETL数据加工。熟悉Linux系统以及shell编程。,2026-03-14
大数据开发Hadoop,中软国际科技服务有限公司,深圳-福田区,1.4-2万/月,深圳-福田区 3-4年经验 本科 招2人 03-14发布,合资,10000人以上,"计算机软件,计算机服务(系统、数据服务、维修)",： 1、负责业务需求分析、设计、开发和测试上线 2、根据业务需求对数据进行分析以及价值挖掘，合理设计业务架构 3、持续提升业务系统在高并发、海量请求数下的高处理性能 4、解决各类潜在系统技术风险，保证系统的安全、稳定、快速运行 任职要求: 1、熟悉Java/golang/Python等语言及相关算法和数据结构，具有2年以上的编程开发经验 2、熟悉Linux操作系统，熟练掌握shell等脚本语言 4、熟悉大数据/Hadoop相关技术，有机器学习、数据挖掘等相关工作经验者优先 5、有较强的学习能力，较强的动手能力与逻辑分析能力，性格积极乐观，沟通协调能力较好，能够在压力环境下工作。,2026-03-14
大数据开发工程师,中软国际科技服务有限公司,广州-天河区,1.5-2万/月,广州-天河区 3-4年经验 本科 招3人 03-14发布,合资,10000人以上,"计算机软件,计算机服务(系统、数据服务、维修)",（1）熟悉JAVA开发，了解常用设计模式，3年以上（含）JAVA开发经验； （2）2年以上（含）Hadoop大数据相关工作经验，熟悉大数据生态（如Hive/HBase/Spark/Storm/Flume等），并有实际的相关产品和项目开发经验；熟悉华为大数据产品FIHD优先； （3）熟悉Linux/AIX操作系统，熟悉运用linux基本操作命令； （3）有海量数据的分析能力和处理经验优先；,2026-03-14
大数据开发工程师,中软国际科技服务有限公司,广州-天河区,1-1.5万/月,广州-天河区 3-4年经验 招若干人 03-14发布,合资,10000人以上,"计算机软件,计算机服务(系统、数据服务、维修)",岗位要求： 1.参与项目或系统模块的研发工作，包括需求分析、设计、编码等环节； 2.解决系统实现过程中遇到的关键技术问题，根据业务进展情况进行新技术的研发； 3.根据公司的要求编写相关的技术文档，撰写所承担功能模块的设计说明书、开发说明书、部署文档。,2026-03-14
数据开发工程师,中软国际科技服务有限公司,深圳-福田区,1.2-1.8万/月,深圳-福田区 3-4年经验 本科 招5人 03-14发布 计算机科学与技术 数学与应用数学,合资,10000人以上,"计算机软件,计算机服务(系统、数据服务、维修)",岗位职责： 1、 负责业务需求相关的数据仓库应用产品开发和维护工作； 2、 负责实时数据处理系统、历史数据分析系统的开发和维护工作； 3、 参与相关系统的建设、运维工作，保证系统稳定可靠运行。 基本要求： 1、 本科及以上学历，计算机、数学相关专业，3 年以上开发经验； 2、 精通使用 SQL 语言； 3、 熟悉 MySQL、DB、Postgre、greenplum 等主流关系型数据库，具有实际开发经验； 4、 具有强烈的责任心及团队合作精神，良好的分析问题解决问题的能力，具 有较强的沟通能力、学习能力。 优选条件： 1、 熟悉 Python 等脚本语言经验者可优先考虑； 2、 有一线系统问题跟踪和解决丰富经验的可优先考虑。,2026-03-14
数据分析师（西安）,中软国际科技服务有限公司,西安-高新技术...,1-1.5万/月,西安-高新技术产业开发区 本科 招1人 03-14发布,合资,10000人以上,"计算机软件,计算机服务(系统、数据服务、维修)",与跨职能部门协作和沟通，以了解业务需求并从主要或次要数据源获取数据，在应用分析， 预测分析和规范分析的开发，部署和应用方面的技术团队中工作 使用描述性统计和机器学习方法进行探索性和有针对性的数据分析，尤其是时间序列分析和NLP（自然语言处理）方法 很好地理解基础数据科学概念。 有数据库（SQL等）和编程经验（R，Python） 英语读写良好 强大的理性能力，沟通能力，人际关系和演讲技巧 能够识别，分析和解释复杂数据集中的趋势或模式 展示航空业的热情和经验将是一个加分,2026-03-14
图像数据开发工程师,中软国际科技服务有限公司,北京-海淀区,1-1.5万/月,北京-海淀区 2年经验 本科 招1人 03-14发布,合资,10000人以上,"计算机软件,计算机服务(系统、数据服务、维修)","Job Responsibilities 计算机视觉AI算法数据收集清理，工具开发: crawler, labeling tool, data processing tool Skill Requirement 1. 熟练PYTHON ，C#开发。Desktop GUI交互程序开发，同时具备 Mobile (Android, iOS)开发经验者优先。 2， AI data processing experience，尤其是数据算法清理经验 3， 熟悉数据库的基本使用和维护，对azure database, table熟悉者优先。 4， 具备后台Service开发和测试经验。 5， 工作认真负责，独立工作能力，自主计划并高质量完成。 6， 主动学习能力，可以自主寻找解决方案的能力 7， 主动沟通和团队合作能力 8， 英语读写能力",2026-03-14
Azure数据工程师,中软国际科技服务有限公司,上海-闵行区,2-4万/月,上海-闵行区 招2人 03-14发布,合资,10000人以上,"计算机软件,计算机服务(系统、数据服务、维修)",主要负责给客户推荐Azure上的数据服务、技术探讨、进行项目。数据架构师拥有azure技术客户参与，包括：架构设计会议、实现项目和/或概念证明。理想的应聘者应具有面向客户的角色经验，并成功领导与高级管理人员进行深入的技术架构和设计讨论。 与微软合作，推动Azure数据和分析服务，包括SQL数据库、Cosmos DB、SQL数据仓库、HD Insight、机器学习、流分析、数据工厂、事件中心和通知中心 架构可伸缩数据处理和分析解决方案，包括大数据存储、处理、分析的技术和开发提案(如企业数据湖策略开发、异构数据管理、多语言持久化、数据湖决策支持/BI) 将数据/数据库从本地DC/私有云/其他公共云(如AWS/Ali/谷歌)迁移到Azure 数据架构师有在敏捷开发环境中工作的经验，并且了解SDLC 3年以上Azure工作经验，熟悉AWS优先考虑 5年以上的数据库和分析经验，包括本地DC和Azure云关系数据库（如MS SQL Server、MySQL、PostgreSQL、MongoDB、Redis、Oracle）、数据仓库、大数据（Hadoop、Spark）、NoSQL和业务分析 5年以上企业数据架构设计和部署咨询技术销售经验 熟悉从本地DC/priviate cloud/Public cloud(AWS)到Azure的DB迁移 英语听说读写熟练,2026-03-14
数据分析师,中软国际科技服务有限公司,深圳-南山区,1-1.5万/月,深圳-南山区 1年经验 本科 招1人 03-14发布,合资,10000人以上,"计算机软件,计算机服务(系统、数据服务、维修)",岗位职责： 1、构建全面、准确、能反映业务线特征的整体指标体系； 2、对多种数据进行深度诊断分析、挖掘； 3、报表系统自动化搭建，报表可视化和自动化； 4、调研数据需求，进行数据专题分析，针对数据纬度、分析指标等数据体系搭建工作。 岗位要求： 1.大学本科学历，条件优秀者可适当放宽到大专 2.有一年及以上的数据分析经验，熟练使用sql等数据查询语句。 3.善于学习和接受新鲜事务。 4.工作认真细致，有较好的沟通能力和团队合作精神。,2026-03-14
大数据开发工程师,中软国际科技服务有限公司,深圳-南山区,1.1-1.9万/月,深圳-南山区 招若干人 03-14发布,合资,10000人以上,"计算机软件,计算机服务(系统、数据服务、维修)","1.技能方面：熟悉Hadoop、数据仓库理论，具备大数据BI项目经验等（因非常多的项目都有招大数据,所以技能要求就不一一列举了）。 2.业务方面：主要做平安项目和腾讯项目，上班地点主要是福田和南山及罗湖和宝安，项目不同上班地点不一样。 3.平安项目学历和年限要求：平安项目要求全日制大专三年经验起或自考本科学信网可查二年经验起。 4.腾讯项目学历和年限要求：可查即可，可民办。 5.因有非常多的项目都有招大数据工程师,会拿您的简历同时给到很多项目做简历审核，所有审核通过的项目都可以参加面试。 6.如果您考虑中软国际，烦请发送简历给我做简历审核，平安项目审核简历同时还需要您***号（导入系统用），毕业证号或拍照（查询学信网用），及籍贯，婚姻状况和现居住哪个区这些信息。",2026-03-14
数据分析师,四川长虹佳华信息产品有限责任公司,北京,1-1.5万/月,北京 3-4年经验 本科 招1人 03-14发布,国企,1000-5000人,"计算机硬件,计算机服务(系统、数据服务、维修)",岗位职责： 1.基于对公司业务的理解，搭建业务分析模型，为管理层决策和业务策略提供有质量的数据支持; 2.通过数据监控快速精准发现问题，与各团队进行沟通，落实改进措施; 3.分析相关的行业趋势，为业务提供有价值的行业趋势分析和方向建议; 4.密切与各团队配合，完成各团队提出的临时数据分析需求; 5.全流程参与公司数据中台的搭建; 任职要求： 1.全日制统招本科及以上学历，统计、数学、计算机等相关专业，3年或以上数据分析经验; 2.具备较强数据的处理能力，熟悉至少一种数据库产品（Hive、Oracle、MySQL等），具备较强的SQL代码能力； 3.有较强的数据洞察能力及独立思考问题的能力； 4.具有良好沟通协调能力、良好的抗压性、高度的责任心和团队协作精神,2026-03-14
大数据架构师,广州游爱网络技术有限公司,广州,1.5-2.5万/月,广州 3-4年经验 本科 招1人 03-14发布,上市公司,500-1000人,网络游戏,"岗位职责： 1、负责公司大数据平台的规划和建设； 2、负责制定数据建模、数据处理、数据运维和数据安全等架构规范并落地实施； 3、设计并实现数据仓库、数据挖掘、BI等数据系统建设、开发； 4、搭建与大护具平台配套的管理后台。 任职要求： 1、本科以上学历，计算机相关专业，至少3年以上的大数据平台架构工程经验； 2、深入理解云计算、大数据产品和数据分析相关技术和实现方法，并具有相关项目经验； 3、精通Hadoop、Hive、HBase、Presto、Kafka、Spark、Flink等大数据平台开源软件； 4、至少精通Java，Python，Scala一种或者多种语言，熟悉MySQL或MongoDb，熟悉Linux及Shell 5、熟悉数据挖掘、可视化分析，各种BI算法和产品等； 6、熟悉Spring Boot，有Spring Cloud 相关项目开发经验优先； 7、熟悉阿里云大数据产品：EMR, 云HBASE, MaxCompute等云上大数据Saas应用经验者优先； 8、熟悉javaweb开发,深入理解后台相关业务内容,规范开发需求。",2026-03-14
数据算法工程师,中国电子科技集团公司第十研究所,成都,,成都 博士 招若干人 03-14发布,国企,,电子技术/半导体/集成电路,岗位职责： 1、负责多平台/分布式/集群等场景下的数据融合处理算法设计与实现； 2、负责数据处理软硬件系统/模块的总体设计、系统论证、系统仿真、原型系统设计和集成联试； 3、参与相关项目申请、项目研制、项目结题等工作。 任职要求： 1、控制工程、信号与信号处理、计算机相关专业硕士及以上学历； 2、熟悉数据融合、系统控制、任务规划、集群智能等领域数据处理知识，熟练掌握其中任一领域以上的常用数据处理算法，具备相关项目经验； 3、熟悉掌握Matlab、C++、Python等开发工具； 4、熟悉机器学习的理论基础，有深度学习研发经验，具备TensorFlow、Caffe2＼PyTorch等开发经验者优先。,2026-03-14
大数据开发/BI工程师01,深圳市高吉尔斯电子科技有限公司,深圳-宝安区,1.2-2万/月,深圳-宝安区 大专 招2人 03-14发布,民营公司,50-150人,"计算机软件,互联网/电子商务",尽快到岗 岗位职责： 1.大数据产品开发，主要在hd环境下的hive开发。 2.包括产品运维，监控，优化，提取数据，分析数据，建模分析，算法分析。 3.文档编写，维护。 任职资格： 1.工科、计算机或其他相关专业； 2.无要求经验； 3.熟悉软件开发和测试流程； 4.具有良好学习能力、分析能力和解决问题的能力； 5.能接受加班，主动性强愿意自学提高自身技术水平；,2026-03-14
Python数据分析师,上海软科教育信息咨询有限公司,上海-闵行区,0.8-1.5万/月,上海-闵行区 1年经验 本科 招2人 03-14发布,民营公司,50-150人,"专业服务(咨询、人力资源、财会),学术/科研",岗位职责： 1、高校数据库的管理与维护； 2、高校数据的分析； 3、协助开发各类数据平台； 4、数据清洗与入库； 5、完成上级安排的其他工作。 岗位要求： 1、全日制本科以上学历，计算机相关专业，1年以上相关工作经验； 2、熟悉python，全面掌握python的基本语法，基本数据结构，常用library，熟悉numpy，pandas的基本用法和功能，了解Python自然语言处理； 3、熟练掌握MySQL； 4、有一定的数理统计基础，热爱和数据打交道； 5、认同创业文化，事业心强。,2026-03-14
数据开发工程师,珠海城觅科技有限公司,南京-浦口区,1.3-2万/月,南京-浦口区 5-7年经验 大专 招若干人 03-14发布,外资（非欧美）,150-500人,计算机软件,"1、能独立完成项目的技术开发和改进工作； 2、与产品人员共同确定产品的可行性，技术实施方案，并完成开发和自测工作； 3、性能优化，包括代码优化，数据库优化； 任职要求： 1、大专以上学历，计算机相关专业； 2、5年以上java开发经验，熟悉spring ,springboot ,springCloud 等技术框架 ，有微服务项目开发优先； 3、1年以上大数据开发经验，熟悉数据收集、埋点，熟悉Hadoop，spark框架，熟悉Hbase,Hive等分布式存储中间件； 4、熟悉GIT、Maven、Junit等工具； 5、熟悉Oracle、MySql数据库；熟悉非关系型数据库redis,mongodb，熟悉tomcat等应用服务器开发与配置； 6、熟悉Liunx操作系统，能在Liunx环境下部署安装软件； 7、熟练掌握一种队列，如kafka，rabbitMq等，熟悉分布式服务原理与设计，熟悉负载均衡，集群概念，zookeeper应用； 8、工作认真负责，有团队合作精神，表达能力、沟通能力、心理素质较好，能够在压力环境下工作；",2026-03-14
资深数据仓库工程师,北京安德信业信息咨询有限责任公司,北京,3-4万/月,北京 5-7年经验 本科 招若干人 03-14发布,民营公司,50-150人,"互联网/电子商务,计算机软件",岗位职责： 1、负责公司整体数仓和ETL的设计和建设，包括：数据仓库的数据架构、数据模型规划及实施、数据质量保障 2、对数仓和ETL的稳定性，数据质量和数据可用性负责 3、对海量业务数据进行清洗、整理、分析 4、研究分析用户的相关行为和数据，挖掘不同业务场景的数据价值 岗位要求： 1、 大学本科及以上学历，统计、数学、计算机或者相关理工专业 2、 从事数据仓库或相关领域至少1年以上，熟悉数据仓库模型设计与ETL开发经验 ，掌握维度建模设计方法，具备海量数据处理经验 3、 熟练掌握一门或多门编程语言，并有大型项目建设经验者优先，如Java、Python 4、 结果导向，有目标感，善于沟通，善于总结，能快速学习，乐于迎接挑战，拥抱变化，在压力下能持续产出 5、 有从事分布式数据存储与计算平台应用开发经验，熟悉Hadoop生态相关技术并有相关实践经验者优先，如Spark、Storm、Presto、Druid等,2026-03-14
双休底薪8K聘数据分析师操盘手不加班,西安嘉恒玖富网络科技有限公司,西安-未央区,6-8千/月,西安-未央区 在校生/应届生 高中 招12人 03-14发布 普通话良好,外资（欧美）,少于50人,"金融/投资/证券,互联网/电子商务","一、岗位要求： 1、18-35周岁,学历不限、性别不限、专业不限； 2、性格开朗，诚实守信、踏实勤奋，工作积极主动； 3、沟通表达能力强，较强的团队意识和协作精神； 4、有强烈的上进心。 二、工作内容： 1、对金融行业有较强的兴趣，立志成为交易市场内的一员。 2、有较强的学习能力、风险控制能力。 3、对数字及图形有较强的反应。 4、有较强的执行力和责任心。薪资待遇：（零基础面试通过公司组织免费培训） 福利待遇： 1、每月享有带薪病假，休息时也会有工资拿； 2、弹性的工作时间，让你工作自由安排； 3、各种高端大气上档次的团队建设； 4、最重要的是来到这里，你将拥有***阔的职业发展空间，最充足的资源支持，最人性化的管理； 工作时间：上午9：30—12：00 下午1：30—6：30周末双休 法定节假日正常休息 联系人：王经理 电话：18192251165 地址：西安市未央区凤城二路市图书馆地铁口A口出经发大厦B座802",2026-03-14
数据分析师,如祺出行,广州-海珠区,1-1.5万/月,广州-海珠区 5-7年经验 本科 招2人 03-14发布,合资,500-1000人,互联网/电子商务,职责描述： 1、对业务部门进行数据需求支持，挖掘分析主题，开展数据分析工作； 2、通过司机，乘客等维度进行商业数据建模，为决策层提出合理的优化建议，促进运营决策的优化； 3、通过对业务要求的理解，制定各类商业分析报表模板并进行跟进和维护； 4、与技术开发配合，完成部门安排的数据需求。 任职要求： 1、大学本科及以上学历，计算机、统计、数学、信息技术等相关专业优先； 2、3年以上相关经验，熟练应用excel ppt等办公软件，了解数据库知识，熟练使用sql数据库，掌握r语言、spss、eviews、vba和数据分析工具者优先； 3、对数据敏感，具有缜密的逻辑思维能力； 4、有较强的工作责任心和严谨细致的个人品质； 5、有财务分析背景的候选人优先考虑 。,2026-03-14
高级数据分析师-电商项目分析,广州市汇尚网络科技有限公司,上海,0.8-1.5万/月,上海 3-4年经验 本科 招2人 03-14发布,民营公司,150-500人,互联网/电子商务,岗位职责： 1、 根据对市场环境和业务的了解，独立承担复杂分析任务，对业务问题进行深入分析，为公司运营决策、产品方向、销售策略提供数据支持，能对关键分析思路进行产品化； 2、数据模型建立和运营经验、数据化运营经验、数据类产品类规划经验，有丰富的跨团队、部门的项目资源整合能力，能够独立开展研究项目； 3、熟悉并能应用数据分析技术（聚类分析、回归分析、决策树等）； 4、熟悉SQL、Python、Excel，熟悉统计类语言，R语言、Matlab***。 5、沉淀分析思路与框架，构建数据分析体系、推动数据化运营工作。 岗位要求： 1、大学本科以上学历，金融、数学、统计、计算机类专业等； 2、逻辑思维严密，有很好的分析能力和报告展示能力； 3、开阔的思维能力和较好的执行力。,2026-03-14
数据开发工程师,上海占域实业有限公司,郑州,6-8千/月,郑州 无需经验 大专 招3人 03-14发布,合资,150-500人,"计算机软件,电子技术/半导体/集成电路",岗位职责: 1.负责存储过程、函数的编写; 2.负责整理项目文档; 3.负责数据库性能分析与调优，排错; 4.系统数据库的定期维护和异常处理; 任职要求: 1.熟练使用Oracle数据库等。 2.有良好的团队合作能力。 3.熟悉UNIX、LINUX、AIX操作系统。 4.熟练掌握Shell脚本编程。,2026-03-14
大数据开发工程师,上海占域实业有限公司,上海,6-8千/月,上海 在校生/应届生 大专 招2人 03-14发布,合资,150-500人,"计算机软件,电子技术/半导体/集成电路","岗位职责: 1.负责数据分析、加工、清理、处理程序的开发; 2.负责数据相关平台的搭建、维护和优化; 任职要求: 1.计算机相关专业本科学历以上； 2.熟练掌握linux常规命令与工具,具有简单的Shell脚本编写能力； 3.熟悉Java和Scala语言； 4.熟悉MySQL数据库,具有一定的SQL优化技巧； 5.优越的办公环境，朝九晚六周末双休，提供企业级的岗前培养福利 福利待遇： 1、【薪资】转正6-1W，一年后年薪10-15万。 2、【保险】五险一金 3、【涨薪与发展】年底2-6月奖金，并两个月调一次薪。 4、【其他福利】定期体检，月度聚餐，节日旅游，生日奖 5、【工作时间】五天工作制，早9点-晚18：00，周末双休",2026-03-14
大数据开发工程师,上海占域实业有限公司,苏州,6-8千/月,苏州 无需经验 大专 招3人 03-14发布,合资,150-500人,"计算机软件,电子技术/半导体/集成电路","岗位职责: 1.负责数据分析、加工、清理、处理程序的开发; 2.负责数据相关平台的搭建、维护和优化; 任职要求: 1.计算机相关专业本科学历以上； 2.熟练掌握linux常规命令与工具,具有简单的Shell脚本编写能力； 3.熟悉Java和Scala语言； 4.熟悉MySQL数据库,具有一定的SQL优化技巧； 5.优越的办公环境，朝九晚六周末双休，提供企业级的岗前培养福利 福利待遇： 1、【薪资】转正6-1W，一年后年薪10-15万。 2、【保险】五险一金 3、【涨薪与发展】年底2-6月奖金，并两个月调一次薪。 4、【其他福利】定期体检，月度聚餐，节日旅游，生日奖 5、【工作时间】五天工作制，早9点-晚18：00，周末双休",2026-03-14
大数据开发工程师,上海占域实业有限公司,上海,6-8千/月,上海 在校生/应届生 大专 招3人 03-14发布,合资,150-500人,"计算机软件,电子技术/半导体/集成电路","岗位职责: 1.负责数据分析、加工、清理、处理程序的开发; 2.负责数据相关平台的搭建、维护和优化; 任职要求: 1.计算机相关专业本科学历以上； 2.熟练掌握linux常规命令与工具,具有简单的Shell脚本编写能力； 3.熟悉Java和Scala语言； 4.熟悉MySQL数据库,具有一定的SQL优化技巧； 5.优越的办公环境，朝九晚六周末双休，提供企业级的岗前培养福利 福利待遇： 1、【薪资】转正6-1W，一年后年薪10-15万。 2、【保险】五险一金 3、【涨薪与发展】年底2-6月奖金，并两个月调一次薪。 4、【其他福利】定期体检，月度聚餐，节日旅游，生日奖 5、【工作时间】五天工作制，早9点-晚18：00，周末双休",2026-03-14
大数据工程师,上海占域实业有限公司,南京,6-8千/月,南京 在校生/应届生 大专 招3人 03-14发布,合资,150-500人,"计算机软件,电子技术/半导体/集成电路","岗位职责: 1.负责数据分析、加工、清理、处理程序的开发; 2.负责数据相关平台的搭建、维护和优化; 任职要求: 1.计算机相关专业本科学历以上； 2.熟练掌握linux常规命令与工具,具有简单的Shell脚本编写能力； 3.熟悉Java和Scala语言； 4.熟悉MySQL数据库,具有一定的SQL优化技巧； 5.优越的办公环境，朝九晚六周末双休，提供企业级的岗前培养福利 福利待遇： 1、【薪资】转正6-1W，一年后年薪10-15万。 2、【保险】五险一金 3、【涨薪与发展】年底2-6月奖金，并两个月调一次薪。 4、【其他福利】定期体检，月度聚餐，节日旅游，生日奖 5、【工作时间】五天工作制，早9点-晚18：00，周末双休",2026-03-14
数据分析师,广东灵机文化传播有限公司,广州-天河区,0.8-1.6万/月,广州-天河区 2年经验 大专 招1人 03-14发布,民营公司,150-500人,互联网/电子商务,岗位职责： 1、深入了解业务，根据不同业务形态，整合业务数据并搭建统一有效的数据监控与分析挖掘体系； 2、日常收集与监控各项业务运营数据，为业务部门提供运营分析支持，并输出日常监控报告； 3、制定各业务数据标准，根据数据分析结果推动部门运营策略制定与决策； 4、搭建用户标签库，进行用户合理的分层与分群标签与管理，设计用户成长体系数值； 岗位要求： 1、2年以上互联网运营数据分析相关工作经验，有数据驱动业务发展实际成功案例者优先； 2、具备较强的数据整理分析与挖掘能力，对互联网运营相关数据敏感 3、具备良好的沟通能力，跨多个业务部门共同推动数据采集与目标达成,2026-03-14
数据分析师,上海森亿医疗科技有限公司,福州,1-1.5万/月,福州 招若干人 03-14发布,民营公司,150-500人,"计算机服务(系统、数据服务、维修),计算机软件",职位描述 职位要求：,2026-03-14
大数据开发工程师,深圳市南方电子口岸有限公司,深圳-福田区,1.5-3万/月,深圳-福田区 3-4年经验 本科 招1人 03-14发布,国企,50-150人,"互联网/电子商务,计算机软件","职责描述： 熟悉各项业务，负责大数据处理的技术选型、架构设计和开发、性能调优、数据挖掘等工作。参与需求分析、大数据产品方案规划设计。 工作内容： 1、进行公司大数据平台及应用平台的搭建、调优； 2、业务数据收集整理，对多种数据源进行组合分析、挖掘和建模； 3、负责底层数据的存储、分析、索引建立、实时查询功能设计和开发，支持多样化的应用场景； 4、研究大数据前沿技术并应用到系统中； 5、完成公司安排的其他相关工作和任务。 应聘人员条件： 1 、本科以上学历，计算机科学与技术相关专业； 2、具有较强的学习和沟通能力,工作积极主动,具有强烈责任心和团队合作精神，善于接受新事物、新技术； 3、精通Java编程语言，熟练使用SSH、SSM、Springboot、Spring Cloud等框架的开发； 4、熟练掌握大数据平台Hadoop部署及调优、熟悉Hive、Spark、Pig、Kafka、Storm、HBase等大数据技术，具备一定服务器架构能力； 5、熟悉 Oracle 、MySql等数据库，精通sql编程； 6、掌握多线程及高性能的设计与编码及性能调优； 7、有3年以上的产品设计与开发经验，有区块链技术应用、高并发应用开发经验、大数据分析处理，数据仓库建立经验优先。",2026-03-14
数据分析师,联童有限公司,重庆,5-7千/月,重庆 2年经验 大专 招1人 03-14发布,外资（欧美）,500-1000人,"计算机软件,互联网/电子商务",岗位职责： 1、分析业务数据，从中发现问题、研究问题并探索解决方案提供营销支持； 2、建立健全各类数据分析指标，推动完善数据库信息； 3、进行KPI重点指标值数据监控和数据分析，总结规律，提出优化建设，异常预警； 4、为活动策划、渠道大区、外部合作商等提供数据需求支持，挖掘分析主题，开展数据分析工作，基于数据分析成果，为业务的决策提供数据支持，持续改进运营效果； 5、将数据分析结果转化为可行的产品和运营策略，推动测试、优化形成迭代； 6、完成领导安排的其它工作。 任职要求： 1、两年及以上工作经验，熟悉掌握各类数据分析方法及图表工具； 2、熟练使用office办公软件，尤其擅长Excel及PPT； 3、对市场有敏锐的观察力和判断力； 4、主动积极的工作态度，责任心强，善于沟通； 5、良好的团队精神，逻辑思维能力强。,2026-03-14
数据分析师,联童有限公司,成都,5-7千/月,成都 2年经验 大专 招2人 03-14发布,外资（欧美）,500-1000人,"计算机软件,互联网/电子商务",岗位职责： 1、分析业务数据，从中发现问题、研究问题并探索解决方案提供营销支持； 2、建立健全各类数据分析指标，推动完善数据库信息； 3、进行KPI重点指标值数据监控和数据分析，总结规律，提出优化建设，异常预警； 4、为活动策划、渠道大区、外部合作商等提供数据需求支持，挖掘分析主题，开展数据分析工作，基于数据分析成果，为业务的决策提供数据支持，持续改进运营效果； 5、将数据分析结果转化为可行的产品和运营策略，推动测试、优化形成迭代； 6、完成领导安排的其它工作。 任职要求： 1、两年及以上工作经验，熟悉掌握各类数据分析方法及图表工具； 2、熟练使用office办公软件，尤其擅长Excel及PPT； 3、对市场有敏锐的观察力和判断力； 4、主动积极的工作态度，责任心强，善于沟通； 5、良好的团队精神，逻辑思维能力强。,2026-03-14
大数据数仓研发工程师,联童有限公司,南京-秦淮区,1.5-3万/月,南京-秦淮区 3-4年经验 本科 招若干人 03-14发布,外资（欧美）,500-1000人,"计算机软件,互联网/电子商务","工作职责： 1、负责数仓建模、数据主题领域建设。 2、负责数仓实时或离线ETL的开发及优化。 3、负责各数据应用需求的分析及挖掘。 职位要求： 1、在大数据计算和存储相关领域有3年以上的研发经验，并有大规模落地应用者优先； 2、软件工程、统计学相关专业本科及以上学历，硕士优先； 3、精通各类SQL编写，SQL执行优化，熟悉Java/Python/Shell； 4、熟悉Kafka/HDFS/HBASE/KUDU/Hive/MR/TEZ/Presto/Spark/Flink,有实时数仓开发经验优先； 5、对OLAP、数据仓库相关理论有较深的理解； 6、熟悉Kylin、Druid、TIDB、GreenPlum、ClickHouse、Doris等相关产品中的一种或多种； 7、对母婴电商、零售业务场景有丰富的数据分析经验的优先； 8、有较好的沟通交流能力,善于主动思考和行动,乐于解决具有挑战性的问题； 9、有较好的逻辑思维能力，较强的抽象、概括、总结能力； 【企业福利】 法定福利：社会保险、公积金、法定假日、年假 核心福利：月度内部竞聘机会、导师带教、E-learning在线学习平台、定期能力提升培训、内部推荐 基础福利：年节福利、员工体检、餐费补贴、租房补贴、话费补贴、驻外补贴 特色福利：***关怀假、孕期关怀、生育祝福、员工生日祝福、宝宝祝福",2026-03-14
数据分析师,联童有限公司,南京,0.6-1万/月,南京 3-4年经验 本科 招若干人 03-14发布,外资（欧美）,500-1000人,"计算机软件,互联网/电子商务","1、了解所负责业务的数据指标体系，确定个业务关键指标的内在关联，提供基础数据支持，分析业务数据，能主动发现业务增长点并推动落地 2、构建完善公司运营和平台运营的数据分析体系，通过对数据的收集、统计分析与利用，编制分析报告，提出业务管理的改进建议3、针对公司和业务平台，进行专项数据分析，包括但不限于用户生命周期价值，留存，流水，用户画像分析等，为运营决策提供数据支持 岗位要求 1、3年以上互联网、零售行业数据分析经历 2、良好的数据敏感度，对全生命周期的数据工作有深刻理解。包括数据提取，数据处理，可视化，分析与建模 3、能独立完成数据提取与清洗，分析业务问题，并且能提供改进方向 4、精通excel，ppt，至少熟悉一种BI工具，熟悉MySQL,R/Python等",2026-03-14
数据分析师,联童有限公司,南京-秦淮区,6-8千/月,南京-秦淮区 招2人 03-14发布,外资（欧美）,500-1000人,"计算机软件,互联网/电子商务",岗位职责： 、分析业务数据，从中发现问题、研究问题并探索解决方案提供营销支持； 、建立健全各类数据分析指标，推动完善数据库信息； 、为活动策划、渠道大区、外部合作商等提供数据需求支持，挖掘分析主题，开展数据分析工作，基于数据分析成果，为业务的决策提供数据支持，持续改进运营效果； 、将数据分析结果转化为可行的产品和运营策略，推动测试、优化形成迭代； 、完成领导安排的其它工作。 任职要求： 、两年及以上工作经验，熟悉掌握各类数据分析方法及图表工具； 、熟练使用 办公软件，尤其擅长 及 ； 、对市场有敏锐的观察力和判断力； 、主动积极的工作态度，责任心强，善于沟通； 、良好的团队精神，逻辑思维能力强。,2026-03-14
数据分析师,联童有限公司,异地招聘,0.6-1万/月,江苏省 3-4年经验 本科 招若干人 03-14发布,外资（欧美）,500-1000人,"计算机软件,互联网/电子商务","岗位职责： 1、了解所负责业务的数据指标体系，确定个业务关键指标的内在关联，提供基础数据支持，分析业务数据，能主动发现业务增长点并推动落地 2、构建完善公司运营和平台运营的数据分析体系，通过对数据的收集、统计分析与利用，编制分析报告，提出业务管理的改进建议3、针对公司和业务平台，进行专项数据分析，包括但不限于用户生命周期价值，留存，流水，用户画像分析等，为运营决策提供数据支持 岗位要求 1、3年以上互联网、零售行业数据分析经历 2、良好的数据敏感度，对全生命周期的数据工作有深刻理解。包括数据提取，数据处理，可视化，分析与建模 3、能独立完成数据提取与清洗，分析业务问题，并且能提供改进方向 4、精通excel，ppt，至少熟悉一种BI工具，熟悉MySQL,R/Python等",2026-03-14
数据开发工程师,上海大智慧财汇数据科技有限公司,合肥-蜀山区,6-8千/月,合肥-蜀山区 2年经验 本科 招5人 03-14发布,上市公司,500-1000人,"计算机软件,金融/投资/证券",1.需求沟通：明确客户提出接口产品（债券、股票、基金等）的需求； 2.需求评估：评估客户的需求是否可以实现； 3.需求开发：对已评估的需求进行开发； 4.日常维护：解决客户对产品内容或业务的咨询疑问； 5.版本管理：对产品版本控制管理。 岗位要求： 1.本科及以上学历（优先计算机、金融等相关专业）； 2.二年以上工作经验，有金融行业从业经验者优先； 3.熟悉SQL Server数据库并可以熟练使用SQL 语句； 4.有丰富的金融业务知识，对客户的业务有较深的理解； 5.具有良好的沟通能力和团队合作精神，责任心强，有一定独立解决问题的能力,2026-03-14
数据开发工程师,上海大智慧财汇数据科技有限公司,上海-浦东新区,0.7-1.2万/月,上海-浦东新区 1年经验 本科 招若干人 03-14发布,上市公司,500-1000人,"计算机软件,金融/投资/证券",岗位职责： 1、深入了解各个领域的业务系统的金融市场数据需求； 2、处理项目定制数据需求开发与测试； 3、处理临时性数据定制需求开发与测试； 4、保障所负责定制数据的及时性和正确性 。 职位要求： 1、金融、计算机或相关专业本科学历； 2、1年以上数据库项目实施经验，熟练使用SQL； 3、对银行、证券、保险业务系统有了解的优先； 4、对客户需求敏感，能快速分析需求并提出解决方案 。,2026-03-14
中高级大数据开发工程师,上海华腾软件系统有限公司,异地招聘,1.5-2万/月,佛山-南海区 3-4年经验 本科 招若干人 03-14发布,上市公司,500-1000人,计算机软件,1、负责大数据相关系统功能模块的需求分析和设计； 2、负责大数据相关系统功能的技术实现，核心代码开发及日常维护工作； 3、应用大数据、数据挖掘、分析建模等技术，对海量数据进行分析挖掘； 4、负责大数据平台的技术更新，编撰技术规范； 5、负责系统的问题分析和改进、优化系统性能、保障系统稳定性； 1、计算机、数学、统计学、信息系统等相关专业，具有4年以上软件开发经验。 2、精通Hive，Spark，ElasticSearch，Kafka，Storm等大数据技术。 3、精通Oracle、MySQL等数据库的开发和优化，熟悉Hive SQL开发。 4、熟悉SAS、Python的开发使用。 5、具备较好的沟通能力与创新能力，具备较强的独立分析问题及解决问题能力，有钻研精神，有责任感和主动担当意识。,2026-03-14
中高级大数据开发工程师,上海华腾软件系统有限公司,佛山-南海区,1-2万/月,佛山-南海区 3-4年经验 本科 招若干人 03-14发布,上市公司,500-1000人,计算机软件,1、负责大数据相关系统功能模块的需求分析和设计； 2、负责大数据相关系统功能的技术实现，核心代码开发及日常维护工作； 3、应用大数据、数据挖掘、分析建模等技术，对海量数据进行分析挖掘； 4、负责大数据平台的技术更新，编撰技术规范； 5、负责系统的问题分析和改进、优化系统性能、保障系统稳定性； 岗位要求： 1、计算机、数学、统计学、信息系统等相关专业，具有4年以上软件开发经验。 2、精通Hive，Spark，ElasticSearch，Kafka，Storm等大数据技术。 3、精通Oracle、MySQL等数据库的开发和优化，熟悉Hive SQL开发。 4、熟悉SAS、Python的开发使用。 5、具备较好的沟通能力与创新能力，具备较强的独立分析问题及解决问题能力，有钻研精神，有责任感和主动担当意识。,2026-03-14
中高级大数据开发工程师,上海华腾软件系统有限公司,异地招聘,1-2万/月,佛山-南海区 3-4年经验 本科 招若干人 03-14发布,上市公司,500-1000人,计算机软件,1、负责大数据相关系统功能模块的需求分析和设计； 2、负责大数据相关系统功能的技术实现，核心代码开发及日常维护工作； 3、应用大数据、数据挖掘、分析建模等技术，对海量数据进行分析挖掘； 4、负责大数据平台的技术更新，编撰技术规范； 5、负责系统的问题分析和改进、优化系统性能、保障系统稳定性； 岗位要求： 1、计算机、数学、统计学、信息系统等相关专业，具有4年以上软件开发经验。 2、精通Hive，Spark，ElasticSearch，Kafka，Storm等大数据技术。 3、精通Oracle、MySQL等数据库的开发和优化，熟悉Hive SQL开发。 4、熟悉SAS、Python的开发使用。 5、具备较好的沟通能力与创新能力，具备较强的独立分析问题及解决问题能力，有钻研精神，有责任感和主动担当意识。,2026-03-14
大数据开发工程师,安徽中科美络信息技术有限公司,合肥-高新区,1-1.5万/月,合肥-高新区 2年经验 本科 招1人 03-14发布 计算机科学与技术,民营公司,150-500人,"互联网/电子商务,计算机软件",1、负责大数据平台建设、优化以及相关应用开发工作。 2、基于车联网大数据，分析并总结有价值的统计分析应用。 3、负责基于车辆定位大数据，进行大数据挖掘框架的设计与开发，保证框架可扩展。 4、负责关键算法以及模型的设计与优化。 1、熟悉java、python等编程开发语言，有Scala开发经验优先； 2、熟练掌握如Spark、Hadoop，Hive，HBase、Storm等相关大数据组件应用。 3、了解相关机器学习算法并使用机器学习算法进行相关项目开发者优先。 4、两年以上数据挖掘经验或统计项目研发经验，能独立完成统计算法和数据挖掘方案的设计与实现。 5、有车辆定位大数据、LBS服务等车联网开发经验优先。 6、工作细心，责任心强，有良好的学习能力和团队精神。,2026-03-14
数据科学家(J11176),长江存储科技有限责任公司,武汉,15-20万/年,武汉 招若干人 03-14发布,国企,1000-5000人,电子技术/半导体/集成电路,"工作职责: 1、负责利用数据分析挖掘技术助力产品良率、工厂产能等公司关键指标的优化，找到问题原因，提出改进意见； 2、负责业务数据收集整理，对多种数据源的进行深度诊断性组合分析、挖掘、深度分析和建模； 3、提供分析报告，对公司运营活动给予评估，为公司运营决策、产品方向、销售策略提供数据支持； 4、负责数据挖掘模型效果评估，部署上线，迭代优化工作； 5、保持与业务部门沟通并推进行动，跟踪行动结果。 任职资格: 1、精通常用数据挖掘算法（如分类、聚类、回归、关联规则等）及其原理，熟悉神经网络、人工智能、机器学习、深度学习等知识，并具备5年以上相关数据分析项目经验； 2、至少主导五个以上数据分析项目，主要工作需涵盖分析模型设计、算法设计与选择； 3、熟悉SAS、R、Matlab、Python等统计分析软件； 4、了解至少一种数据库软件、能通过SQL完成常规取数 5、国内外知名大学硕士以上：统计、应用数学、信息、管理科学类相关专业 6、有较强的数理统计功底，具有基于大数据数据分析知识及经验者优先 7、带团队参加过有影响力数据挖掘竞赛（kaggle,阿里巴巴大数据竞赛）TOP名次者优先 8、良好的学习能力、领悟能力、善于沟通协调",2026-03-14
半导体数据科学家(J11175),长江存储科技有限责任公司,武汉,15-20万/年,武汉 8-9年经验 硕士 招若干人 03-14发布,国企,1000-5000人,电子技术/半导体/集成电路,"工作职责: 1.在半导体实施过开发, 调试及部署大数据应用 2.建置弹性及长期可维护的大数据完整方案 3.利用历史资料分析, 优化制造流程和良率分析 4.参与制造和工艺工程团队, 并定义和指导数据落地, 分析方法和方案 5.驱动新的分析手法, 如进阶统计演算法, 机器学习和深度学习，提高工厂自动化程度 6.提供弹性且有执行力的管理在计划里程碑和专案开发的蓝图,并在这些有冲突的领域中取得双赢 7.对新的数据源(不限于图像, 频谱和时间序列)深度挖掘, 找到有利于公司的方向 任职资格: 1.计算机科学，工程技术或统计学硕士/博士 2.至少8年半导体经验 3.主导跨组织跨功能协调合作的专案管理经验 4.有足够经验面对来自不同文化或国籍的团队 5.实施过统计分析, ***有SPC的经验为佳 6.有亲自做过数据采集，数据库设计，清洗，转换和落地的经验(ETL, SQL, Data Streaming的过程) 7.设计过大数据的完整解决方案架构 8.有半导体厂的MES, 工艺和制造的经验, 产能100K以上为佳 9.使用JAVA, Scala, R, PERL, Python和C++, 1种以上的语言开发Linux/Unix程序的经验 10.熟悉Spark, Spark Streaming, Spark Mlib,…熟悉统计学,人工智能,机器学习和深度学习，熟悉Hadoop的整个生态系统(Kafka, Yarn, HBase, Hive,…) 11.在大数据有用Spark, Pig,…分布式的处理资料, 开发和落地到HBase, Hive, MongoDB, Neo4J/Titan和Cassandra的经验，善于沟通协调能力(说, 写和报告)",2026-03-14
测试与数据分析工程师(J10920),长江存储科技有限责任公司,武汉-江夏区,1.5-2.2万/月,武汉-江夏区 3-4年经验 本科 招若干人 03-14发布,国企,1000-5000人,电子技术/半导体/集成电路,工作职责: 测试与数据分析工程师，为3D-NAND和CMOS相关的新技术和产品开发工作提供技术支持 1.对TQV和新产品WAT Testkey进行数据测试与分析工作； 2.对工艺、器件、设计规则相关的测试结果进行分析，完成结果报告 3.设置WAT自动机台测试程序，并对结果进行图表分析； 4.设计多种结构的专属Testkey，达到3D-NAND和高低压CMOS技术的开发要求； 任职资格: 1.本科5年及以上学历； 2.有半导体芯片工艺制程方面的专业知识与工作经验； 3.有半导体CMOS器件和技术整合工作经验者优先； 4.有对晶圆进行手动和自动机台测试的相关经验； 5.掌握对Testkey数据进行分析的常用软件，如JMP， Excel等 6.基本的英语读写能力； 7.团队协作精神； 8.认真与敬业；,2026-03-14
数据开发工程师,上海智隆信息技术股份有限公司,武汉-洪山区,4.5-6千/月,武汉-洪山区 2年经验 大专 招1人 03-14发布,民营公司,150-500人,"计算机软件,计算机服务(系统、数据服务、维修)","岗位职责： 1、负责数据标准调研、梳理，完成最终数据标准、调研提纲、调研报告文档输出； 2、负责数据整合调研，数据整合文档方案制定，方案汇报； 3、负责数据分析，抽取，数据检查、核对及数据整合技术文档编写； 4、负责对客户需求进行分析、根据需求编写数据报表、图表需要的SQL脚本； 5、根据项目实施的需要，与第三方厂家进行沟通，确定数据集成的具体方案。 任职要求： 1、大专及以上学历，计算机相关专业，2年以上ETL项目开发和实施工作经验，熟练使用kettle等ETL工具者优先； 2、熟悉高校信息化建设、熟悉高校教务、学工、科研、人事等业务流程（此项为必要条件）； 3、熟悉数据模型、ETL开发设计、数据仓库系统管理, 熟悉数据处理流程； 4、熟练试用Linux系统，掌握基本SHELL命令，精通Oracle等关系型数据库开发，熟悉大量数据处理及性能优化； 5、能独立完成安排的开发任务，具备良好的沟通能力，团队协作力以及责任感，思维清晰，善于分析问题并推动解决问题。",2026-03-14
数据开发工程师,上海智隆信息技术股份有限公司,北京-海淀区,1-1.5万/月,北京-海淀区 3-4年经验 本科 招1人 03-14发布,民营公司,150-500人,"计算机软件,计算机服务(系统、数据服务、维修)","岗位职责： 1、负责数据标准调研、梳理，完成最终数据标准、调研提纲、调研报告文档输出； 2、负责数据整合调研，数据整合文档方案制定，方案汇报； 3、负责数据分析，抽取，数据检查、核对及数据整合技术文档编写； 4、负责对客户需求进行分析、根据需求编写数据报表、图表需要的SQL脚本； 5、根据项目实施的需要，与第三方厂家进行沟通，确定数据集成的具体方案。 任职要求： 1、本科及以上学历，计算机相关专业，3年以上ETL项目开发和实施工作经验，熟练使用kettle等ETL工具者优先； 2、熟悉高校信息化建设、熟悉高校教务、学工、科研、人事等业务流程（此项为必要条件）； 3、熟悉数据模型、ETL开发设计、数据仓库系统管理, 熟悉数据处理流程； 4、熟练试用Linux系统，掌握基本SHELL命令，精通Oracle等关系型数据库开发，熟悉大量数据处理及性能优化； 5、能独立完成安排的开发任务，具备良好的沟通能力，团队协作力以及责任感，思维清晰，善于分析问题并推动解决问题； 6、工作地点：北京，能适应中短期出差（2-4周）。",2026-03-14
数据开发工程师,上海智隆信息技术股份有限公司,重庆,4.5-6千/月,重庆 2年经验 大专 招1人 03-14发布,民营公司,150-500人,"计算机软件,计算机服务(系统、数据服务、维修)","岗位职责： 1、负责数据标准调研、梳理，完成最终数据标准、调研提纲、调研报告文档输出； 2、负责数据整合调研，数据整合文档方案制定，方案汇报； 3、负责数据分析，抽取，数据检查、核对及数据整合技术文档编写； 4、负责对客户需求进行分析、根据需求编写数据报表、图表需要的SQL脚本； 5、根据项目实施的需要，与第三方厂家进行沟通，确定数据集成的具体方案。 任职要求： 1、大专及以上学历，计算机相关专业，2年以上ETL项目开发和实施工作经验，熟练使用kettle等ETL工具者优先； 2、熟悉高校信息化建设、熟悉高校教务、学工、科研、人事等业务流程（此项为必要条件）； 3、熟悉数据模型、ETL开发设计、数据仓库系统管理, 熟悉数据处理流程； 4、熟练试用Linux系统，掌握基本SHELL命令，精通Oracle等关系型数据库开发，熟悉大量数据处理及性能优化； 5、能独立完成安排的开发任务，具备良好的沟通能力，团队协作力以及责任感，思维清晰，善于分析问题并推动解决问题。",2026-03-14
ETL数据工程师,上海智隆信息技术股份有限公司,重庆,4.5-6千/月,重庆 2年经验 大专 招1人 03-14发布,民营公司,150-500人,"计算机软件,计算机服务(系统、数据服务、维修)","岗位职责： 1、负责数据标准调研、梳理，完成最终数据标准、调研提纲、调研报告文档输出； 2、负责数据整合调研，数据整合文档方案制定，方案汇报； 3、负责数据分析，抽取，数据检查、核对及数据整合技术文档编写； 4、负责对客户需求进行分析、根据需求编写数据报表、图表需要的SQL脚本； 5、根据项目实施的需要，与第三方厂家进行沟通，确定数据集成的具体方案。 任职要求： 1、大专及以上学历，计算机相关专业，2年以上ETL项目开发和实施工作经验，熟练使用kettle等ETL工具者优先； 2、熟悉高校信息化建设、熟悉高校教务、学工、科研、人事等业务流程（此项为必要条件）； 3、熟悉数据模型、ETL开发设计、数据仓库系统管理, 熟悉数据处理流程； 4、熟练试用Linux系统，掌握基本SHELL命令，精通Oracle等关系型数据库开发，熟悉大量数据处理及性能优化； 5、能独立完成安排的开发任务，具备良好的沟通能力，团队协作力以及责任感，思维清晰，善于分析问题并推动解决问题。",2026-03-14
ETL数据工程师,上海智隆信息技术股份有限公司,武汉-洪山区,4-6.5千/月,武汉-洪山区 2年经验 大专 招1人 03-14发布,民营公司,150-500人,"计算机软件,计算机服务(系统、数据服务、维修)","1、负责数据标准调研、梳理，完成最终数据标准、调研提纲、调研报告文档输出； 2、负责数据整合调研，数据整合文档方案制定，方案汇报； 3、负责数据分析，抽取，数据检查、核对及数据整合技术文档编写； 4、负责对客户需求进行分析、根据需求编写数据报表、图表需要的SQL脚本； 5、根据项目实施的需要，与第三方厂家进行沟通，确定数据集成的具体方案。 1、大专及以上学历，计算机相关专业，2年以上ETL项目开发和实施工作经验，熟练使用kettle等ETL工具者优先； 2、熟悉高校信息化建设、熟悉高校教务、学工、科研、人事等业务流程（此项为必要条件）； 3、熟悉数据模型、ETL开发设计、数据仓库系统管理, 熟悉数据处理流程； 4、熟练试用Linux系统，掌握基本SHELL命令，精通Oracle等关系型数据库开发，熟悉大量数据处理及性能优化； 5、能独立完成安排的开发任务，具备良好的沟通能力，团队协作力以及责任感，思维清晰，善于分析问题并推动解决问题。",2026-03-14
ETL数据工程师,上海智隆信息技术股份有限公司,北京-海淀区,1-1.5万/月,北京-海淀区 3-4年经验 本科 招2人 03-14发布 计算机科学与技术,民营公司,150-500人,"计算机软件,计算机服务(系统、数据服务、维修)","岗位职责： 1、负责数据标准调研、梳理，完成最终数据标准、调研提纲、调研报告文档输出； 2、负责数据整合调研，数据整合文档方案制定，方案汇报； 3、负责数据分析，抽取，数据检查、核对及数据整合技术文档编写； 4、负责对客户需求进行分析、根据需求编写数据报表、图表需要的SQL脚本； 5、根据项目实施的需要，与第三方厂家进行沟通，确定数据集成的具体方案。 任职要求： 1、本科及以上学历，计算机相关专业，3年以上ETL项目开发和实施工作经验，熟练使用kettle等ETL工具者优先； 2、熟悉高校信息化建设、熟悉高校教务、学工、科研、人事等业务流程（此项为必要条件）； 3、熟悉数据模型、ETL开发设计、数据仓库系统管理, 熟悉数据处理流程； 4、熟练试用Linux系统，掌握基本SHELL命令，精通Oracle等关系型数据库开发，熟悉大量数据处理及性能优化； 5、能独立完成安排的开发任务，具备良好的沟通能力，团队协作力以及责任感，思维清晰，善于分析问题并推动解决问题； 6、工作地点：北京，能适应中短期出差（2-4周）。",2026-03-14
数据分析师/业务分析师,苏州贝壳找房,苏州-工业园区,0.8-1万/月,苏州-工业园区 2年经验 本科 招2人 03-14发布,民营公司,10000人以上,"互联网/电子商务,房地产",工作职责: 1、对业务运营指标负责，建立业务整体运营管理监控分析体系； 2、理解业务方向和战略，及时发现业务发展过程中的问题，并根据相应提出策略建议； 3、根据业务痛点展开深入的专题分析，制定相应的运营策略，并推动方案落地； 4、总结分析经验和方法论，形成***实践，并向省区内其他城市复制推广； 5、统筹内外部资源，跨部门沟通，协调外部资源，推动公司级重要项目的落地实施，促进业务发展。 任职资格: 1、良好的逻辑思路能力，有房地产相关经验优先考虑，有美团、滴滴等O2O公司的经验优先考虑； 2、具备数据敏感性和探知欲、分析、解决问题的能力，能够承受工作中的压力，专注数据的价值发现和变现转化； 3、丰富的数据处理经验，快速学习能力； 4、人品端正，谦虚好学，自信果敢。,2026-03-14
数据分析师,北京陌陌信息技术有限公司,北京,,北京 本科 招1人 03-14发布,上市公司,,计算机软件,岗位职责： 1、对平台上存在的垃圾信息和坏用户进行识别，并进行有效的数据分析、快速处理，总结出可用的规律和特征； 2、掌握陌陌平台上的spammer作弊情况和对用户体验的伤害情况； 3、评估、制定反垃圾/反作弊策略，有效处理垃圾信息的传播，打击作弊用户。 岗位要求： 1、20年毕业生； 2、熟悉软件、后台开发流程，掌握基础Python语言；对信息安全/网络安全/数据挖掘分析有浓厚兴趣者优先； 3、具备基本的数据查询分析与处理能力；熟悉elasticsearch、kibana操作者优先； 4、有良好的沟通、理解、表达能力，较强的求知欲、学习能力和团队合作精神，积极主动且有责任心和抗压能力。,2026-03-14
软件开发工程师- 大数据,上海金仕达软件科技有限公司,上海,,上海 本科 招若干人 03-14发布,民营公司,,金融/投资/证券,"工作职责： 1、 负责hadoop平台架构、搭建、运维； 2、 负责搭建分布式计算平台、查询引擎、中间件； 3、 负责大数据平台资源规划、权限控制； 4、 制定平台运营管理规范，保障平台可持续高效、稳定运行。 任职要求： 1、 本科或以上学历，***是计算机相关专业； 2、 熟悉Java后台服务开发和面向对象程序设计； 3、 有oracle,mysql,sqlserver等数据库开发经验； 4、 熟悉hadoop生态圈及hdfs、hive、kafka、spark、flink等开源产品。",2026-03-14
数据开发,北京首佑医学科技服务有限公司,北京,,北京 本科 招10人 03-14发布,民营公司,,医疗设备/器械,"1.扎实的数据仓库和模型设计基础知识 2.掌握ETL开发过程和规范，***有informatic,datastageetlplus使用经验 3.负责数据库存储引擎、中间件开发 3.熟悉c/c++，golang，python等，熟练的SQL语句编写能力，具有SQL调优能力 4.熟悉Oracle、DB2、Teradata、Gp等主流数据库，具有扎实的存储过程编写能力 5.熟悉数据库系统如何实现并发控制和故障恢复，了解WAL和数据库复制原理，有MySQL、PostgreSQL、Redis、MongoDB源码阅读和开发经验的优先 6.了解B+树、LSM树、倒排表，哈希等",2026-03-14
高级数据工程师,安徽力瀚科技有限公司,合肥-庐阳区,1-1.5万/月,合肥-庐阳区 3-4年经验 本科 招1人 03-14发布,民营公司,150-500人,"计算机硬件,计算机服务(系统、数据服务、维修)","一、岗位职责 1、 负责大数据项目的数据治理、数据分析、数据建模、数据标准制定； 2、负责大数据计算框架的选型与计算流程的设计与开发； 3、参与数据服务的设计与开发； 4、负责对所选型的大数据组件部署、性能调优； 5、负责客户需求的对接，将客户需求转化成数据模型。 二、任职资格 1、沟通能力良好，业务和需求理解能力良好，能基于客户业务需求，构建数据化的模型； 2、熟练掌握SQL语言，并能基于传统数据库如Oracle,MySQL,SqlServer等数据分析； 3、熟练掌握Hadoop平台或者阿里大数据平台组件部署、调优、中间件的安装部署； 4、熟练掌握Hadoop、ODPS平台组件，如：Hive、Hbase、Spark、MapReduce、Kettle等大数据平台组件，能根据项目需要自主掌握新的数据处理工具； 5、熟练掌握一种或多种自动化数据处理脚本语言如：Python、JS等； 6、参与过数据治理、数据分析、数据建模、数据标准制定等项目者优先； 7、有担任数据工程师或相关岗位3年以上经验； 8、掌握或了解者阿里大数据平台组件者优先； 9、同等条件下中共党员优先录用。 三、福利待遇 1、薪酬：一经录用，公司提供富有竞争力的薪资待遇，每年不定期调薪机会； 2、福利：五险一金、商业保险、带薪休假、节日礼品、健康体检、公费培训、高温补助、差旅补贴、生日福利等； 3、津贴：午餐补贴、交通补贴、通讯补贴、满勤奖、年终奖金等； 4、员工活动：聚餐、足球、篮球、羽毛球、爬山、跑步、唱歌等。 四、培训方案 1、入职培训：企业文化、商务礼仪、规章制度、职业规划等； 2、在岗培训：业务培训、技能培训、素质培训、拓展训练等。 上班时间：上午8：30-12:00，下午1:30-5：30",2026-03-14
大数据运营工程师,中国移动通信集团广东有限公司,云浮,,云浮 本科 招若干人 03-14发布,国企,,通信/电信/网络设备,学历要求： 全日制普通高等院校本科及以上学历的应届毕业生，且通过大学英语四级或以上等级的应届毕业生；海外高校应聘者需具备国家教育部认可的学历学位 专业要求： 计算机、统计、通信专业 职位描述： 1、研究公司内外部客户的需求，负责大数据产品的研发、成品、成本定价。 2、负责公司内外部大数据项目的实施。 3、负责大数据系统的日常维护。 4、负责大数据合作商的管理。 其他要求： 专业知识扎实，具备良好的语言表达能力、逻辑思维能力；工作积极主动、责任心强，具备良好的团队意识。,2026-03-14
大数据运营工程师,中国移动通信集团广东有限公司,广州,,广州 本科 招若干人 03-14发布,国企,,通信/电信/网络设备,学历要求： 具有国家承认的全日制大学本科及以上学历和学士及以上学位 专业要求： 计算机、统计、通信专业 职位描述： 1、研究公司内外部客户的需求，负责大数据产品的研发、成品、成本定价； 2、负责公司内外部大数据项目的实施； 3、负责大数据平台和产品的日常维护； 4、负责大数据合作商的管理。 其他要求： CET-4级及以上（或海外1年及以上学习经历、或其他外语等级认证）,2026-03-14
大数据处理工程师,武汉长江通信产业集团股份有限公司,武汉-洪山区,18-22万/年,武汉-洪山区 3-4年经验 本科 招若干人 03-14发布,国企,150-500人,"通信/电信/网络设备,电子技术/半导体/集成电路",岗位职责： 1. 运用数据挖掘/统计学习的理论和方法，深入挖掘和分析海量数据，并设计实现相应的算法； 2. 大规模数据的分类、聚类、排重等算法的比较研究； 3. 对用户与客户的行为进行分析，负责用户与客户行为分析的目标确定、数据采集、分析模型设计。 任职要求： 1.相关专业本科及以上，三年及以上相关经验； 2.精通各种数据挖掘算法（如逻辑回归、决策树、贝叶斯、神经网络等）及其原理，能根据业务分析专题，建立挖掘模型，选择最合适和高效的算法并实现； 3.熟悉Hadoop的体系架构和运行原理，熟悉Hadoop的MapReduce原理，有使用python/shell/java的MapReduce开发实战经验者优先； 4.具有海量数据挖掘及分析相关项目经验； 5.熟悉Tensorflow/MXNET/pytorch中一种或者多种深度学习框架 6.具备较强的数据解读能力，业务沟通能力。,2026-03-14
大数据开发工程师,湖北鑫兴禾科技有限公司,武汉-洪山区,1.5-2万/月,武汉-洪山区 3-4年经验 本科 招1人 03-14发布,民营公司,50-150人,"计算机软件,通信/电信/网络设备",职位信息 1、负责数据平台的开发和优化，基于大数据平台完成各类统计和开发任务； 2、建设大数据仓库，包括数据接入、存储、应用，数据类型涵盖流数据、非结构化数据、结构化数据； 3、针对网络安全海量数据，基于大数据技术做统计、挖掘、分析； 4、负责数据库监控、优化大数据计算性能； 5、研究前沿、成熟技术，解决实际场景中的业务问题。 1、本科及以上学历，具有良好的英文文档阅读能力，计算机相关专业优先； 2、至少具有3年以上开发经验，能独立完成JAVA后端研发工作，有大数据研发经验优先； 3、熟悉Linux平台开发，至少掌握Python，Scala/Java编程语言两种之一； 4、熟悉Hadoop、Spark、Hbase、Kafka、ELK，对源码有研究者优先； 5、掌握常用的数据库如Redis、Mongodb等，有图数据库相关经验者优先； 6、良好的系统分析、架构设计能力，有独立设计分布式数据开发框架经验者优先； 7、具有实际开源情报相关工作经验者优先； 8、具有数据挖掘、自然语言处理、信息检索、机器学习背景者优先； 9、思路清晰，善于主动思考，有创新、能独立分析和解决问题，具有良好的沟通能力和团队合作精神。,2026-03-14
数据分析师-Tableau,深圳市优阅达数据科技有限公司上海分公司,广州-天河区,0.8-1.5万/月,广州-天河区 2年经验 本科 招若干人 03-14发布,民营公司,50-150人,计算机服务(系统、数据服务、维修),将要做什么↓,2026-03-14
数据分析师-Tableau,深圳市优阅达数据科技有限公司上海分公司,深圳-南山区,0.8-1.5万/月,深圳-南山区 2年经验 本科 招若干人 03-14发布,民营公司,50-150人,计算机服务(系统、数据服务、维修),将要做什么↓,2026-03-14
数据分析师-Tableau,深圳市优阅达数据科技有限公司上海分公司,北京-朝阳区,0.8-1.5万/月,北京-朝阳区 2年经验 招若干人 03-14发布,民营公司,50-150人,计算机服务(系统、数据服务、维修),将要做什么↓,2026-03-14
数据分析师-Tableau,深圳市优阅达数据科技有限公司上海分公司,上海-静安区,0.8-1.5万/月,上海-静安区 2年经验 本科 招若干人 03-14发布,民营公司,50-150人,计算机服务(系统、数据服务、维修),将要做什么↓,2026-03-14
数据仓库/数据库开发工程师,深圳市优阅达数据科技有限公司上海分公司,长沙-天心区,0.8-1.5万/月,长沙-天心区 3-4年经验 招4人 03-14发布,民营公司,50-150人,计算机服务(系统、数据服务、维修),"工作内容： 1.高质量完成项目组安排的需求开发以及单元测试等任务； 2.积极参与需求分析过程，能从系统角度有效分析业务需求； 3.有效参与新系统的系统、数据仓库设计工作,对数据仓库整体架构提出建议； 4. 负责对数据库搭建部署、调优和管理； 5.负责数据库的维护，快速、有效解决工作中各种突发问题（如生产问题响应与排查）。 任职要求： 1、计算机相关专业，3年以上数据库开发经验； 2、掌握Oracle、SQL等常用关系型数据库语句和存储过程等编写和数据库运维； 3、熟悉关系数据库原理与设计, 有数据库优化及大数据处理相关经验优先； 4、熟悉PostgreSQL/GreenPlum，了解ETL工具，如Kettle、Informatica、Talend等。",2026-03-14
工业数据分析师（冶金、机械相关）,中冶赛迪重庆信息技术有限公司,重庆,,重庆 硕士 招5人 03-14发布 冶金工程,民营公司,,计算机软件,工作职责： 1、熟悉冶金生产流程及相关数据特征，通过生产数据分析，快速寻找出各生产工序存在的问题； 2、调研冶金生产现场需求，提炼不同现场的需求分析，在满足现有实践的同时，对未来需求具有一定的前瞻性研究； 3、研究、开发基于冶金生产大数据的模型、模块，能够解决现场面临的具体问题； 4、到现场进行设计文件交底、软件调试及业主使用培训等服务工作； 5、在产品经理统筹下，根据项目情况，进行产品推广、技术交流、技术文档编制等工作。 任职资格： 1、研究生及以上学历，冶金、机械等相关专业； 2、热爱钢铁工业，具有开拓和创新精神，具有良好的沟通能力及团队协作能力； 3、具有较强的事业心和爱岗敬业奉献精神，能适应出差。,2026-03-14
大数据开发工程师,钰真（上海）信息技术有限公司,上海-浦东新区,2-3万/月,上海-浦东新区 5-7年经验 本科 招2人 03-14发布,民营公司,500-1000人,"互联网/电子商务,服装/纺织/皮革",1、负责数据分析、加工、清理，相关处理脚本和程序的开发； 2、负责开发大数据工具，如报表平台、多维度分析工具、ETL平台、调度平台的研发； 3、负责分布式大数据平台应用开发（Hadoop/Spark/Hive/HBase等）； 4、负责大数据相关平台的维护、优化。 任职要求： 1、本科及以上学历，计算机相关专业，具有5年及以上的大数据ETL或数据开发经验，熟悉大数据组件的维护以及调优； 2、熟练掌握Java或Python编程语言，熟悉大数据架构体系，熟悉Hadoop、HDFS、Hive、HBase、Spark、Kafka等技术中的一个或者多个，熟悉Sqoop、DataX等数据导入工具； 3、能熟练使用Hive、HBase、Spark等加工和处理数据，有海量数据处理经验； 4、有数据仓库开发经验/BI系统开发经验优先； 5、有电商行业数据处理与分析平台开发经验者优先。,2026-03-14
数据仓库工程师,广州英赛特软件有限公司,广州-黄埔区,6-9千/月,广州-黄埔区 2年经验 大专 招若干人 03-14发布,民营公司,50-150人,计算机软件,"技术要求： 1.2年及以上工作经验；1年以上数据开发工作； 2.DB2,ORACLE，SQLSERVER,MYSQL等至少熟练其中一种数据库的开发经验； 3.熟练使用SQL语句进行查询，能独立都完成存储过程编写； 4.有BI或数据仓库项目经验优先； 5.有bi前端展现工具开发经验优先（Cognos，biee，bo，powerbi等） 其他要求： 1.大专以上学历； 2.沟通良好，逻辑清晰，自学能力强，有上进心； 3.能适应轻度加班。岗位职责： 1.现有数据仓库维护工作，SQL编写； 2.新数据应用需求开发，包括etl，存储过程等； 3.数据仓库升级工作（DB2升级到Vertica）",2026-03-14
大数据软件工程师（数据库）,北京中星微电子有限公司,珠海-横琴新区,1-2万/月,珠海-横琴新区 本科 招若干人 03-14发布,外资（欧美）,500-1000人,"通信/电信/网络设备,电子技术/半导体/集成电路",1. 基于安防行业需求，设计构建和维护以分布式数据库为核心的大数据分析产品，实现对行业内大数据的存储、分析、检索和共享。 2. 完成产品功能的分布式数据库系统的搭建、测试、验证、调优和运维工作。 3. 与团队成员紧密沟通，一起推动系统产品的最终实现。 招聘要求： 1. 计算机、数学、统计等相关专业本科及以上学历，3年以上数据库相关项目开发或者运维经验； 2. 熟练掌握SQL语法和至少一种关系型数据库的使用(PostgreSQL、MySQL、Oracle等)； 3. 熟悉NoSQL数据库技术（如文档型数据库、键值对数据库、列式数据库、内存数据库等）； 4. 熟悉分布式并行数据库技术（如Greenplum等）； 5. 有实际分布式数据库项目地设计、调优或者运维经验； 6. 熟练使用常见的开源ETL工具，如Kettle等，并对其工作机制有所了解； 7. 了解机器学习、数据仓库、数据挖掘等应用，有实际项目经验为佳； 8. 具有良好的人际沟通能力，乐于与团队成员一起分享传授技术学习成果； 9. 具有独立解决疑难问题的能力并承受一定的工作压力；,2026-03-14
大数据软件工程师（测试）,北京中星微电子有限公司,珠海-横琴新区,1-2万/月,珠海-横琴新区 招若干人 03-14发布,外资（欧美）,500-1000人,"通信/电信/网络设备,电子技术/半导体/集成电路","1. 负责视频图像人工智能解析与大数据分析应用相关新产品的研发和现有产品的升级维护 2. 参与项目需求分析、技术调研，根据软件设计需求制定测试计划，设计测试数据和测试用例 3. 搭建测试环境，完成项目的系统集成测试，准确地定位并跟踪问题，推动问题及时合理地解决，保证产品质量 4. 协助完成项目的验收测试、版本交付等工作，对项目实施和维护提供支持 注：能适应出差。 能力要求： 1. 2年以上软件产品测试经验，熟悉软件测试流程，掌握软件测试理论和方法，能够熟练应用一种或多种测试工具（LoadRunner, JMeter, QTP, TestDirector等） 2. 熟悉Web Server，熟悉Postgresql,Mysql等数据库，了解数据库调优，有DBA经验者优先 3. 有Docker容器化平台Kubernetes、Mesos+Marathon，或虚拟化环境或Openstack等搭建和管理经验者优先 4. 有分布式环境组件，如ETCD或Zookeeper、Redis或Gemfire、ElasticSearch、Kafka等搭建和管理经验者优先 5. 熟悉TCP/IP协议，有流媒体相关经验（IPTV、VoIP、视频会议等），熟悉音视频编解码、封装格式、控制传输协议（RTSP/RTP/SIP）者优先 6. 熟悉Shell, Perl, Python等脚本语言的一种或多种，有JAVA编程经验能够看懂代码者优先 7. 能撰写《用户手册》，《验收手册》及相关经验者优先； 8. 积极主动，责任心强，富有创新意识，具备良好的沟通、学习能力和团队协作精神 9. 英语良好，能够熟练读、写英文技术资料 注：申请高级职位者要求5年以上相关工作经验",2026-03-14
大数据软件工程师（WEB前端）,北京中星微电子有限公司,珠海-横琴新区,1-2万/月,珠海-横琴新区 3-4年经验 本科 招若干人 03-14发布,外资（欧美）,500-1000人,"通信/电信/网络设备,电子技术/半导体/集成电路",1、负责视频图像人工智能解析与大数据分析应用相关产品的视觉及交互体验设计； 2、与产品团队配合共同参与产品设计、完善用户体验，实现产品视觉设计及交互流程的迭代优化； 3、带领团队成员学习行业前沿技术，保持团队技术敏感度并积极参与公司内外的分享交流活动； 4、对项目的设计资源进行分类归档，根据需求完成其他设计工作。 能力要求： 1、2年以上前端开发或设计工作经验，有完整的前端项目经验，有作品展示者优先考虑； 2、认真细致，善于创新，对视觉设计、色彩有敏锐的观察力及分析能力； 3、能熟练使用Photoshop，IIIustrator等软件进行网页效果图制作； 4、能熟练使用DIV+CSS排版及实现各类交互效果、动画和特效； 5、对主流前端技术栈有全面、深入的理解，能够熟练使用React、Vue.js等框架者优先考虑； 6、时刻关心和把握设计趋势，富有激情、积极主动、关注细节、学习能力强，具备良好的沟通、学习能力和团队协作精神； 7、英语良好，能够熟练阅读英文技术资料； 8、简历请附作品（面试能提供原型作品）。 注：申请高级职位者要求5年以上相关工作经验。,2026-03-14
大数据软件工程师（JAVA）,北京中星微电子有限公司,珠海-横琴新区,1-2万/月,珠海-横琴新区 3-4年经验 本科 招若干人 03-14发布,外资（欧美）,500-1000人,"通信/电信/网络设备,电子技术/半导体/集成电路",1. 负责视频图像人工智能解析与大数据分析应用相关新产品的研发和现有产品的升级维护 2. 参与项目需求分析、技术调研，负责设计完成需求规格、软件架构、测试策略，撰写相关的技术文档 3. 搭建研发环境，完成系统中相关软件模块的编码、调试、单元测试、功能验证，保证项目进度和产品质量 4. 协助完成项目的系统集成测试、版本交付等工作，对项目实施和维护提供支持 能力要求： 1. 2年以上J2EE开发经验，熟练掌握相关技术（Servlet、JDBC、JSP等）、框架（Spring、iBATIS等）、中间件（Tomcat等） 2. 熟悉PostgreSQL、MySQL等数据库开发技术，了解数据库调优，有DBA经验者优先 3. 有分布式环境开发组件，如ETCD或Zookeeper、Redis或Gemfire、ElasticSearch、Kafka等开发经验者优先 4. 有Spring Cloud平台等微服务开发经验更佳 5. 熟悉常用软件架构、设计模式，有C/C++开发经验者优先 6. 熟悉软件研发流程，具有良好的质量意识和规范的编程习惯 7. 积极主动，责任心强，富有创新意识，具备良好的沟通、学习能力和团队协作精神 8. 英语良好，能够熟练读、写英文技术资料 注：申请高级职位者要求5年以上相关工作经验,2026-03-14
大数据开发工程师,公安部第三研究所信息安全技术处,上海,1.5-2万/月,上海 3-4年经验 本科 招1人 03-14发布,国企,150-500人,计算机软件,1. 参与公司相关产品的需求分析和转换 2. 为售前和产品提供大数据分析和服务相关的技术支撑和方案 3. 负责公司大数据相关产品的预研、导入和开发 4. 负责解决开发过程中的技术问题 5. 负责逐步建立大数据研发团队 1. 计算机及相关专业毕业，本科学历至少工作三以上，硕士学历至少工作两年以上 2. 精通Hadoop生态及相关的各种组件并具备一年以上实战经验，包括但不限hadoop/hive/spark/storm/elasticsearch/redis/hbase/kafka/flume等 3. 熟悉大规模数据挖掘、机器学习、自然语言处理、 分布式计算中一项或多项技术，并具备实际工作经验 4. 熟悉MongoDB等NoSQL数据库，具备NoSQL数据库实际工作经验者优先考虑 5. 熟悉Java开发语言，熟悉大数据分析生态内的各种开源解决方案 6. 具备快速学习掌握新知识的能力，优秀的分析、解决问题能力，具备良好的抽象归纳能力和创新能力，对新技术有钻研精神 7. 熟悉软件工程，熟悉技术文档的编写；具备良好的沟通能力和团队协作精神；对事业充满激情，责任心强，能够承受较大的工作压力,2026-03-14
数据分析师,东莞市乐其网络科技有限公司广州分公司,广州-天河区,1.2-2万/月,广州-天河区 2年经验 本科 招1人 03-14发布,民营公司,1000-5000人,互联网/电子商务,岗位职责： 1、利用数据银行、策略中心和内部数据平台工具定性与定量分析、用户研究、竞品研究， 数据分析评估品牌数字营销活动效果，并为品牌提出营销/货品优化建议； 2、通过洞察分析，制定详细的推广方案/营销策略/运营端调整，并对落地结果持续追踪监控，及时调整持续优化，改进策略并推进执行； 3、撰写项目季度、年度等大型报告，并协助团队负责人向客户进行报告提案。 职位要求： 1、2年及以上social媒体的数据分析经验，对数字高度敏感及逻辑分析能力强； 2、了解各媒体能分析的内容，能根据业务需求，作出相应的社交舆情分析、KOL选择方案、营销洞察创新等； 3、拥有开放的心态，良好的沟通协作能力，良好的学习能力； 4、熟练使用Excel、PPT，懂Python更佳。 【找你不容易，必有大福利】 ★Leqee标配福利，人有我优： 1、每天7.5小时工作制，周末双休，只是标配； 2、五险一金保障全，入职购买，无后顾之忧； 3、试用期工资不打折，生活质量有保证。 4、带薪休假任性耍，转正即享有带薪年假，法定假期、婚假、产假以及陪产假样样齐全； 5、元旦、端午节、中秋节、圣诞节各种节日福利，花样年年变，等你来体验 ★Leqee贴心内部福利，人无我有： 1、弹性工作制，生活工作不失衡； 2、低价内购买买买，清空购物车不是梦； 3、部门团建尽情浪，公司拓展玩不停，等你一起来建立无坚不摧的革命友谊。 ★Leqee大咖带你玩转电商开拓眼界： 1、不定期内部专业培训，电商老司机分享经验，小白秒变大咖； 2、扁平办公，领导nice没架子，点对点沟通，畅通无阻； 3、团队年轻好相处，代沟？不存在的~,2026-03-14
中级数据工程师（ETL）,广州安正软件股份有限公司,上海-浦东新区,0.7-1.2万/月,上海-浦东新区 2年经验 本科 招2人 03-14发布 计算机科学与技术 软件工程,民营公司,150-500人,计算机软件,【岗位职责】 1、参与金融行业大型数据仓库项目需求ETL开发、程序优化、项目部署工作； 2、参与数据平台架构的设计、开发、流程优化及解决ETL相关技术问题； 3、负责项目中的关键模块开发、项目实施跟踪 、客户培训、相关文档编写等工作； 4、负责与实施项目组沟通及产品技术支持。 【岗位要求】 1、计算机相关专业，全日制本科及以上学历，两年以上Oracle开发工作经验； 2、掌握数据仓库基础理论知识，了解数据仓库模型设计和ETL设计技术； 3、具有良好的SQL语言开发技能，熟练掌握存储过程、函数等开发技术， 熟悉Oracle数据库； 4、掌握Kettle、Informatica等工具开发技术者优先； 5、有金融业务知识优先； 6、良好的沟通和团队协作能力，乐观向上，有一定抗压能力。 【公司福利】,2026-03-14
大数据开发急聘,深圳市博悦科创科技有限公司,深圳-南山区,0.9-1.6万/月,深圳-南山区 2年经验 大专 招4人 03-14发布,民营公司,500-1000人,"计算机软件,互联网/电子商务",1、本科及以上学历，计算机或相关专业，2年以上DW/BI项目实施和开发经验 2、熟悉大数据开源产品的架构和技术细节，具有Hadoop、Mapreduce、HBase、Hive、Spark、Kafka、Redis 等大数据平台开发经验 3、有金融、互联网金融、电商、广告等行业数据仓库，数据挖掘经验 4、熟练SQL，熟练使用至少一种数据库，如Oracle、MySQL、PostgreSQL等。 工作地点：福田购物公园或南山区水湾站,2026-03-14
大数据平台架构师（寰通）,上药康德乐（上海）医药有限公司,上海-静安区,20-30万/年,上海-静安区 招若干人 03-14发布,国企,1000-5000人,"制药/生物工程,批发/零售",岗位职责: 1.负责大数据平台基础架构设计； 2.优化调整大数据平台的整体架构； 3.负责大数据平台数据中心的基础设施的建设落地，构建高并发、高吞吐、低延时数据存储服务； 4.研究新的技术并运用于大数据平台，提高平台的运行效率；,2026-03-14
Java开发工程师（大数据方向）,广州市中南民航空管通信网络科技有限公司,广州,1.5-2万/月,广州 3-4年经验 招2人 03-14发布,事业单位,1000-5000人,"通信/电信/网络设备,计算机软件",岗位职责： 1、负责各类系统的数据收集、处理 2、负责大数据和云平台系统的研发 3、协助做好各类系统日常更新、运维、部署、安装工作 岗位要求 1、大专以上学历，计算机相关专业 2、3年以上的信息管理系统软件开发实施和维护经验，具备企业云平台的项目实施经验优先 3、熟练掌握MVC开发模式，精通JAVA语言，有wedservice和REST经验，同时掌握SCALA或PYTHON者优先考虑 4、对分布式系统有清晰认识，掌握HADOOP、HBASE、SPARK、HIVE、KAFKA等的原理和使用 5、至少掌握一种主流数据库，有数据仓库设计经验者优先考虑,2026-03-14
数据治理工程师,上海帕科信息科技有限公司,上海-徐汇区,0.8-1万/月,上海-徐汇区 2年经验 本科 招1人 03-14发布,民营公司,50-150人,"计算机服务(系统、数据服务、维修),计算机软件",工作内容： 1. 协助项目经理按照项目实施计划完成项目需求调研，实施落地； 2. 熟悉公司大数据产品，能快速部署实施培训及维护等工作； 3. 熟悉公司数据治理调研方法论和实施步骤，能够按照要求完成数据治理工作； 4. 参与ETL相关的设计方案和开发计划； 5. 按照要求进行实施文档的编写，完成项目实施进度报告，实施总结等。 6. 完成领导交办的其它事项。 任职资格： 1、大学本科及以上学历，计算机相关专业；工作年限2年及以上； 2、 熟练掌握数据库SQL语言，具有Oracle开发经验； 3、 熟悉Oracle数据库存储过程开发； 4、熟悉Linux、Unix等日常操作维护工具和命令； 5、熟悉DataStage或Informatica等ETL工具者优先，熟悉shell相关知识者优先； 6、 参加过数据仓库类项目ETL开发者优先； 7、具备良好自信心，有较强的口头表达能力，有强烈的进取精神、事业心、责任心；能够在压力下工作 ； 8、工作认真、学习能力强，积极上进，具有强烈的责任感及良好的团队精神。,2026-03-14
数据治理研发工程师,上海计算机软件技术开发中心,上海,0.8-1万/月,上海 无需经验 本科 招若干人 03-14发布,事业单位,50-150人,"计算机软件,计算机服务(系统、数据服务、维修)",1) 熟练使用Spring、myBatis等常用框架，Springboot、Redis、RabbitMQ等中间件 2) 熟练运用数据库MySQL、Oracle，并能进行数据库的数据结构设计； 3) 具有Linux上的开发经验，熟悉命令行，能够编写基本的Shell脚本； 4) 具有良好的设计思维，能够高效地提供安全、高性能、可扩展的技术方案； 5) 对新技术充满热情，积极学习，具有高度的责任心以及良好团队合作精神。,2026-03-14
数据分析师,上海计算机软件技术开发中心,上海,6-8千/月,上海 本科 招若干人 03-14发布,事业单位,50-150人,"计算机软件,计算机服务(系统、数据服务、维修)",1. 通过数据分析及挖掘技术构建威胁检测、态势感知模型并落地； 2. 对海量数据进行分析，并利用算法挖掘分析数据之间的相互作用关系和联系，发现潜在规律，建立机器学习算法并优化； 3. 建立和完善分析体系，跟踪模型的实施，定期优化算法和分析策略，提供建设性建议。,2026-03-14
人工智能与大数据研发工程师招聘,上海计算机软件技术开发中心,上海,6-8千/月,上海 招若干人 03-14发布,事业单位,50-150人,"计算机软件,计算机服务(系统、数据服务、维修)",岗位职责: 1、根据项目的要求，开展人工智能、大数据相关算法的研究与开发； 2、探索人工智能、大数据等新一代信息技术的评测技术与方法，开展 AI for Testing、Testing of AI、软件众测等技术研究； 3、参与人工智能、大数据等国家、行业标准的编制工作。 任职要求： 1、计算机、应用数学等相关专业硕士研究生及以上学历，具备较强的数理功底和软件开发能力； 2、良好的学习和研究能力，能够独立阅读英文文献，在国内外学术期刊或会议上发表过论文者优先； 3、至少精通一种计算机语言，如Python\Java\ C\C++\C#，熟悉Tensorflow、PyTorch等人工智能开发框架者优先； 4、熟悉软件工程与软件评测的基础理论，具有大数据与人工智能系统软件评测经验者优先； 4、熟悉大数据系统，如Hadoop、Spark、Flink，并具有大数据分析处理项目经验者优先； 5、具有较强的分析及沟通能力，具有独立从事科研的能力，善于提出问题并解决问题； 6、工作积极主动、责任心强，有进取精神和团队协作精神。,2026-03-14
数据分析师,郑州紫硅信息技术有限公司,郑州-金水区,1-1.5万/月,郑州-金水区 3-4年经验 硕士 招2人 03-14发布,民营公司,少于50人,"计算机软件,计算机服务(系统、数据服务、维修)","职位信息 1, 建立和完善基于证券数据和财经信息的大数据平台，构建完善的数据存储、加工、分析、挖掘及数据产品开发的基础数据系统； 2、充分运用大数据分析及建模的方法，了解用户的需求及行为模式，提升用户满意度、活跃度、转化率、留存率，促进用户增长，发现与改进公司产品及业务流程中的问题，促进公司业务的发展，为公司的商业决策提供依据； 3、 BI系统建设：对用户进行精细化分析，设计用户数据模型，以产生实时与批量用户画像； 4、主导开发相关的数据产品。 任职要求: 1、985或211院校毕业，金融工程、金融数学、应用数学、统计相关等理工科专业，研究生及以上学历优先； 2、具备较强的数据处理、分析能力，熟练运用MATLAB、C++、Python、R等分析软件； 3、熟练Python/Java、SQL、Shell语言，熟练操作常用数据库（Mysql、Mongodb、Redis）； 4、有2年以上Django/Flask/Spring Boot/Spring MVC项目经验； 5、熟悉Django、DRF、Flask等开发框架技术的优先； 6、熟悉Html，CSS，JavaScript前端技术的优先； 7、有使用Hadoop/Hive/HBase/Spark/ Elasticsearch /Kafka/Flume经验，进行海量数据处理经验者优先；",2026-03-14
资深大数据工程师（数据仓库ETL）,康成投资（中国）有限公司----大润发总部,上海-静安区,2-3万/月,上海-静安区 5-7年经验 本科 招1人 03-14发布,外资（非欧美）,10000人以上,批发/零售,"工作职责: 1.深入理解公司业务与技术架构，参与规划、建设新零售全渠道数据中台，包括数据仓库架构、数据模型设计、ETL开发等； 2.精通数据仓库设计，精通ODS、DWD、DWS、DM等数仓各垂直分层的逻辑设计、划分，以最优化的分层设计和功能复用，建立结构清晰的数据仓库层级结构，达成平衡存储与计算，满足数据一致性和高效分析； 3.精通基于Hadoop、Hive、Spark等开源数据平台、或基于阿里数据中台的数据仓库架构与开发体系，对数据仓库的模型分层实践有深入的认识，具备面向数据分析和统计、数据挖掘等的多维数据建模、ER建模能力； 4.具有互联网、零售等行业的数据仓库规划、实施的丰富经验，能够参与企业级数据仓库全作业链开发、优化，包括数据集成、数据建模、元数据管理、数据质量、主数据管理、性能优化和调优等； 5.参与业务需求讨论与业务源探索，从全局业务数据体系的高度，分解和优化业务需求，设计数据指标、数据模型和数据应用等； 6.主动跟进新业务及业务发展，通过从业务到技术源系统、到数据指标的转换，发现并解决数据问题； 7.设计开发数据报表集市模型，通过可视化BI工具，快速满足决策层的数据需求； 8.将数据分析逻辑和数据运营场景固化，参与应用级数据产品的设计、开发和实施； 9.保障数据仓库数据质量、稳定运维，促进良好的数据治理，促进企业数据资产化； 任职资格: 1.电商行业、互联网、金融或零售等行业数据平台建设经验（包含数据平台架构、数据仓库建模、ETL开发、BI报表开发、数据挖掘算法等一种或多种开发经验）。 2.精通和熟悉掌握数据中台、数据仓库和数据建模的方法论和研发能力； 3.熟悉大数据相关技术（Hadoop/MaxCompute/MapReduce/Hive/Hbase等）； 4.具备较强的数据敏感度以及全局数据抽象能力； 5.具备良好的coding素养和习惯，熟悉Java/Python/Shell中的一种或多种； 6.熟练掌握Oracle, Mysql, Vertica等数据库，精通SQL，具备海量数据查询优化能力； 7.三年以上大规模分布式数据仓库建设经验，五年以上数据研发经验；有零售相关数仓开发经验更佳； 8.有良好的沟通交流能力，学习能力强 ，很强的责任心和抗压能力。",2026-03-14
大数据平台开发工程师（研发中心）,焦点科技股份有限公司,南京-浦口区,1.7-2.5万/月,南京-浦口区 2年经验 本科 招1人 03-14发布,上市公司,1000-5000人,"互联网/电子商务,计算机软件",1、负责参与数据中台技术架构的设计，系统开发； 2、负责大数据平台的基础工具和平台的研发和维护； 3、大数据前沿开发技术的研究和推广。 1、计算机及相关专业本科及以上学历，2年以上大数据平台开发经验； 2、精通Java编程语言，能进行Hadoop或Flink组件相关开发，熟悉Python者优先； 3、熟悉Hadoop平台开源产品，熟悉Flink、Spark一种或者多种计算引擎； 4、熟悉Kafka、HBase、HDFS、Hive、Impala、Kudu等开源组件中的一种和多种； 5、深度理解软件工程，具备分布式、高性能等开发经验，有过大数据平台开发经验者优先； 6、肯钻研，能抗压，有较强的解决问题和沟通协调的能力。,2026-03-14
数据仓库开发工程师（研发中心）,焦点科技股份有限公司,南京-浦口区,1.2-2万/月,南京-浦口区 2年经验 本科 招4人 03-14发布,上市公司,1000-5000人,"互联网/电子商务,计算机软件",1、负责公司数据仓库的开发、优化及治理工作； 2、支持各类数据应用的数据开发工作； 3、推动数据仓库相关规范、制度、工具的升级改造； 1、大学本科或以上学历，2年以上数据仓库开发经验； 2、精通传统数仓或大数仓开发流程及方法论，至少精通Oracle/MySQL/Hive中一种开发技术； 3、精通 SQL开发，有独立处理大规模数据的经验； 4、熟悉Erwin、PowerDesigner等建模工具，具备独立的业务建模能力； 5、熟悉Linux、Hadoop、Java、Python者优先； 6、耐心细致，思维全面，数据敏感度高，数据责任心强，数据安全认识全面，了解数据安全法。,2026-03-14
数据开发工程师 (2020校园招聘）,焦点科技股份有限公司,南京-浦口区,0.8-1.2万/月,南京-浦口区 在校生/应届生 本科 招10人 03-14发布,上市公司,1000-5000人,"互联网/电子商务,计算机软件",岗位职责： 1.负责数据清洗、加工、分类、展示等开发工作，并能响应数据分析师对数据提取的需求，保证数据质量; 2.负责线上数据产品（大数据、数据库、WEB等）的运维工作。 岗位要求： 1.计算机、数学等相关专业本科及以上学历，具备互联网业务背景或相关工作经验优先； 2.热爱编程，有JAVA项目开发经验; 3.有web开发、报表展示开发经验的优先； 4.熟悉Hadoop、Spark、Hbase等技术框架的优先; 5.具备良好的学习能力，良好的英文文档阅读能力; 6.具备良好的团队合作和沟通能力。,2026-03-14
数据分析师（中国制造网）,焦点科技股份有限公司,南京,1-2万/月,南京 3-4年经验 本科 招3人 03-14发布 英语良好,上市公司,1000-5000人,"互联网/电子商务,计算机软件",中国制造网（Made-in-China.com）由焦点科技开发及运营，是国内领先的综合性第三方B2B电子商务平台。网站专注服务于全球贸易领域，致力于为国内中小企业开展国际营销构建展示平台和交流渠道，帮助供应商和海外采购商建立联系，挖掘全球市场商业机会。 弘扬中国制造、促进全球贸易，让贸易更简单，是中国制造网坚定不移的使命。 1、深入了解互联网业务，建立基于业务场景的数据分析需求，解决各类数据分析问题； 2、充分利用各种内外部产品/服务，在遵循业务规则的前提下与业务方合作制定出***的数据分析策略； 3、基于数据分析，与销售、服务、产品管理、研发团队以及其他主要相关方开展跨职能协作，助力相关产品/服务取得成功； 4、提供高级分析技术支持，并与业务方建立成功的长期合作关系； 5、与团队内其他成员共同设计数据分析平台，建立数据分析的流程，规范和方法。 1、本科以上学历，数学、统计学、计算机、社会学等和数据处理高度相关专业，2年以上数据分析工作经验； 2、具备良好的定量分析能力，在推动业务拓展方面拥有丰富的经验者优先； 3、具有良好的商业敏感度和突出的分析能力，能够灵活利用数据，设计数据应用方案解决商业问题； 4、具有较好的结构化思维、逻辑思维能力，对数据敏感，具备良好的信息整合和分析能力，能够形成清晰的业务观点。 5、擅长与内部及外部合作团队交流沟通，具有优秀的报告讲解及沟通能力，能够独立的分析和解决问题。,2026-03-14
数据开发工程师,浙江浙大网新图灵信息科技有限公司,合肥,0.8-1.8万/月,合肥 2年经验 大专 招10人 03-14发布,民营公司,500-1000人,"计算机软件,计算机硬件",熟悉Teradata、Hadoop下的ETL开发 职位要求： 1.计算机及相关专业大专以上学历。 2.对技术有追求，二年以上主流数据库设计研发经验；熟悉软件项目管理、敏捷管理方法论，在中大型项目中有所实践。 3.熟悉大数据Spark/Hadoop框架；熟悉Linux开发环境；熟悉主流ETL处理工具。 4.优秀的团队合作能力和沟通能力，在技术方面有前瞻性视野，学习能力强，有创新思维，对数据技术和业务发展有高度敏感性。抗压力强，有责任心，心态开放，思路清晰。 5.有金融行业大数据数据数据仓库、报表平台设计研发等经验者优先。 6.熟悉Teradata数据库更佳。,2026-03-14
数据开发工程师,青岛工业软件研究所,青岛-高新区,0.8-1万/月,青岛-高新区 2年经验 本科 招5人 03-14发布,事业单位,少于50人,计算机软件,"1.大数据应用程式整合代码撰写及文件交付 a) 整合资料接入应用程式, 使接口统一化及单一化 。 b) 整合验证导入大数据平台数据及开发相关扩充元件 。 c) 整合测试GPU 相关程式并依效能计及消耗资源测试调整 。 d) 依专案需求开发及整合智能平台及扩充元件。 e) 整合资料接出层应用程式, 使接口统一化及单一化 。 2.专案支援 a) 整合架构实作验证。 b) 整合介接代码撰写。 c) 整合安装部署。 d) 整合服务改进及优化。 职位要求： 1. 理工科系毕业、计算机科学、信息管理科学等相关专业。 2. 熟悉大数据相关技术 Sqoop, Flume, HBase, Hive, HDFS, Oozie, Spark 的程式撰写及整合，熟悉常见ETL工具sqoop、kettle、Nifi的使用。 3. 熟悉网络应用程序相关技术从 C#, ASP.NET MVC,SpringMVC，Springboot， jQuery，Bootstrap，VUE等的代码撰写测试及部署 4. 熟悉 Java Swing, Multithreading, Junit 和 OOP及进阶技巧 JAX-RS, HTML, DHTML, CSS, JSP, Servlets 及 .XML .JSON 檔案读写处理等shell的能力，python更佳。 5. 熟悉 RAD 工具如Eclipse 及 Maven和 Gradle 等部署工具的使用 6. 熟悉 Window Linux 平台上的系统操作及自动化脚本语言熟悉视觉化工具前端设计开发，后端管理, 问题查察及整合及增值开发 7. 熟悉常见二维数据库设计（Mysql，oracle，sqlserver等），SQl脚本处理、触发器、存储过程编写等。",2026-03-14
大数据开发工程师,南京上古网络科技有限公司,异地招聘,0.9-1.5万/月,长沙 2年经验 大专 招2人 03-14发布,民营公司,50-150人,计算机软件,熟悉阿里平台大数据组件（如DataWorks、MaxCompute、DataHub等）并有相关项目经验的优先。,2026-03-14
Big data /大数据工程师,广州市西美信息科技有限公司,广州,1.6-2.6万/月,广州 3-4年经验 本科 招若干人 03-14发布 英语良好,民营公司,50-150人,"互联网/电子商务,专业服务(咨询、人力资源、财会)","1. 本科及以上学历，计算机或相关专业，有大数据TA经验； 2. 具备开发、部署、调优Hadoop生态环境项目经验； 3. 精通Java或Python开发（至少其一），具备2个以上大型分布式应用系统设计经验，有大数据量，高并发处理经验； 4. 精通Oracle、MySql等常用关系数据库，以及MongoDB、Redis等NoSQL数据库，熟悉构化和非结构化建模，具有丰富的数据库设计经验； 5. 精通大数据生态技术：有Hadoop、Zookeeper、HBase、Hive、Flume、Kafka、Sqoop、Spark等实际项目经验， 6. 精通流式处理技术，有Storm，Flink、SparkStreaming至少一种实现项目经验； 7. 懂得根据产品或实际业务场景（如：数据总量，日数据增量GB/TB等），明确计算并规划存储方案，并具备大数据整体架构方案能力； 8..熟悉常用机器学习（包含深度学习）算法，能够运用R、Python、SAS工具等实现算法功能. 职位要求： 1.熟悉数据结构和算法； 2. 有大数据处理实际开发经验（hadoop、spark,、Flink、ElasticSearch、hive、hbase）； 3.扎实自然语言处理/机器学习/数据挖掘理论和技术基础, 有数据挖掘、自然语言处理、机器学习实践经验； 4.了解典型数据挖掘工具，熟练应用各种分类聚类算法，熟悉各种相关性算法，回归算法，了解常用的社交分析模型，具有数据挖掘算法开发经验； 5.思路清晰、态度认真、责任心强、有较强的时间管理能力； 6.具有良好的开发习惯，思维敏捷、具有良好的逻辑分析能力；非常强的自我学习能力，对新技术有热情； 7.有自然语言处理、深度学习机器学习、用户画像、信用系统、海量数据系统开发经验； 8.深入研究Hadoop 及 spark源码、能对内核进行开发优化；",2026-03-14
大数据开发工程师-教育bg-合肥,科大讯飞股份有限公司,合肥-高新区,1.3-1.5万/月,合肥-高新区 3-4年经验 本科 招若干人 03-14发布,上市公司,1000-5000人,计算机软件,"1、参与大数据交付项目中的数据应用的研发； 2、负责大数据交付项目中数据架构的设计； 3、带领团队负责大数据交付项目的交付工作； 4、团队内部骨干数据设计能力提升 5、部分参与售前支撑工作 6、 跟踪并分析市场竞争对手，参与大数据平台的建设； 岗位要求： 1、本科及以上学历，计算机或数学相关专业，有3年以上工作经验； 2、熟悉Hive、Spark等分布式开源软件，有长期实际开发和应用经验，具备系统优化与性能调优能力者优先； 2、精通JAVA等面向对象编程，有分布式并行计算的开发经验优先； 3、熟练掌握至少一种MySQL、SQL Server、Oracle等关系型数据库或MongoDB、Redis等NoSQL数据库 ,有hive等数据仓库研发经验优先； 6、熟悉大数据、云计算概念，了解Hadoop、Hive、Hbase等大数据主流技术及开源框架者优先； 7、自学能力强，沟通能力较好，有一定独立分析，技术研究能力，具有良好的团队合作精神。 8、数据意识强，有较好的文档编写能力，以及踏实的工作作风； 此岗位为科大讯飞集团统一招聘岗位，人员通过简历筛选、笔试、初试、复试、终审等环节后录用",2026-03-14
数据分析师-教育bg-合肥,科大讯飞股份有限公司,合肥-高新区,1-1.7万/月,合肥-高新区 5-7年经验 本科 招若干人 03-14发布,上市公司,1000-5000人,计算机软件,岗位职责： 1. 构建和完善业务监控指标体系，辅助业务及时发现和定位业务问题；参与建立用户，运营，产品，服务，市场各环节关键数据节点设计，用数据驱动增长； 2. 负责商业化日常数据统计分析，针对异常情况进行跟踪和深入分析，数据驱动业务决策； 3. 建设业务分析或者数据挖掘模型，不断评估和调优模型； 4. 独立完成日常数据报表搭建，并推动数据产品设计和落地； 5. 沉淀分析思路和框架，提炼数据需求，做好数据分析结论和业务目标及达到业务目标所需资源和落地之间的衔接工作； 6. 支持业务方及团队内部数据需求； 任职资格： 1. 本科及以上学历，计算机、统计、数学相关专业优先，对数据分析有强烈兴趣者优先； 2. 精通SQL，熟悉spark，hive等大数据工具，了解数据仓库，数据可视化，有大型互联网公司数据分析经验，互联网数据建模分析经验值优先； 3. 熟练使用Python/R进行数据清洗、分析，熟悉常用的数据统计和分析方法； 4. 加分项：掌握PowerBI，达芬奇等可视化工具； 5. 能快速理解业务，发掘业务细节和数据之间的联系； 6. 抗压能力强，沟通协调推动能力强，积极主动，肯思考；,2026-03-14
大数据工程师-讯飞数码-合肥,科大讯飞股份有限公司,合肥-高新区,1.4-2.7万/月,合肥-高新区 3-4年经验 本科 招1人 03-14发布,上市公司,1000-5000人,计算机软件,岗位职责： 1、负责各种网络数据的采集、清洗、整合工作 2、负责大数据的分布式存储和管理工作 3、负责大数据项目的开发、维护工作 4、负责大数据平台各组件的性能优化工作 5、负责部分设计、开发文档的编写工作 任职资格： 1、熟悉Hadoop、Spark、Storm、ElasticSearch、Neo4J、Kafka等框架组件，深刻理解分布式数据处理技术原理 2、熟练掌握Java、Python、Scala、C++等语言中的至少一种 3、熟悉Linux系统，了解Shell脚本语言 4、具有较强的学习能力，有团队观念，能独立解决问题 5、具有以下经验者优先： 1）有海量数据存储处理项目经验者 2）具有数理统计、机器学习、自然语言处理背景知识及算法者 此岗位为科大讯飞集团统一招聘岗位，人员通过简历筛选、笔试、初试、复试、终审等环节后录用,2026-03-14
政法事业群-大数据分析师-合肥,科大讯飞股份有限公司,合肥-高新区,1-2万/月,合肥-高新区 3-4年经验 本科 招2人 03-14发布,上市公司,1000-5000人,计算机软件,岗位职责：,2026-03-14
大数据开发工程师,广东中盈盛达融资担保投资股份有限公司,佛山,18-30万/年,佛山 无需经验 本科 招若干人 03-14发布,上市公司,150-500人,金融/投资/证券,"岗位职责： 根据业务需求，构建支撑业务发展的高性能计算平台，以不断提高业务和组件的运行效率，具体包括但不限于： 1、 负责大数据存储和计算平台架构设计，提升实时数据处理能力； 2、 参与数据仓库ETL流程的优化及解决ETL相关技术问题； 3、 设计并实现对机器学习、数据挖掘的系统性支持； 4、 参与金融大数据研发。 任职要求： 1、 熟悉数据仓库产品，对数据处理、维度建模、数据分析等有深刻认识和实战经验，如Hadoop/Hive, Spark,Impala等数据应用开发； 2、 对大数据平台的构建和实现机制有深刻的理解，有大数据平台运维和开发经验； 3、 熟悉MapReduce原理，Hive SQL/Mysql ，熟悉常用脚本语言如Python,Shell等； 4、 有扎实的算法基础，熟悉常见的数据结构，了解分布式算法和分布式系统； 5、 有良好的沟通能力、协调能力、推动能力，思维活跃，乐于接受新事物； 6、 有金融行业大数据平台及数据开发经验者优先。 该岗位属于我司旗下子公司：广东中盈精确科技有限公司",2026-03-14
大数据分析师,华测检测认证集团股份有限公司,深圳-宝安区,1-1.5万/月,深圳-宝安区 招1人 03-14发布,上市公司,5000-10000人,检测，认证,岗位,2026-03-14
中医数据分析师,季华实验室,佛山-南海区,,佛山-南海区 在校生/应届生 本科 招若干人 03-14发布,事业单位,1000-5000人,学术/科研,岗位职责： 1.参与核心医学模型算法设计及中医临床数据的处理，对医学大数据进行统计分析和编辑，并制定标准化规则； 2.对中医心血管疾病筛查规划制定及数据分析；对中医健康状态辨识规则制定及数据分析； 3.对医学数据库编辑及标准化规则制定；进行慢病管理方案设计与优化； 4.负责相关领域科普文章撰写及校对；为团队提供相关中医领域服务。 任职要求： 1.生物医学工程及相关教育背景专业；35岁以下；本科及以上学历 2.具有扎实的理论基础和较强动手实践能力，至少具备一项临床诊断应用研发经验； 能独立开展研究工作，并具有优秀的团队合作精神； 3.工作踏实、主动，具备从事交叉性学科研究的能力； 4.具有较强的英语阅读和写作能力,2026-03-14
大数据开发,上海走起网络科技有限公司,上海-长宁区,1-1.5万/月,上海-长宁区 3-4年经验 大专 招1人 03-14发布 普通话精通 软件工程,合资,50-150人,"通信/电信运营、增值服务,互联网/电子商务","工作职责 1.与相关团队协作进行数据建模工作，推动业务部门的数据化运营； 2.负责数据的深度提取和挖掘、数据抽取、数据清洗、数据消重等研发和优化工作； 3.后端接口数据开发对接； 4.开发文档编写； 5.完成上级领导临时交办； 任职要求： 1.熟练使用Python，基本功扎实，标准库熟练； 2.熟练掌握Python、SQL、MySQL、等常用语言 3.熟悉Hadoop生态圈，对HBase、Hive、Spark、Kafka、Redis等主流分布式开发套件有一定认识； 4.熟悉常用数据挖掘算法（如分类、聚类、回归、关联规则、神经网络等）及其原理。 5.良好的数据敏感度,能从海量数据提炼核心结果，有丰富的数据分析、挖掘、清洗和建模的经验；具有良好的逻辑思维与系统分析能力，有良好的产品运营能力，能够高效地、基于数据、事实和逻辑分析做出重要性和可行性的判断；",2026-03-14
大数据开发工程师,上海走起网络科技有限公司,上海-长宁区,1-1.5万/月,上海-长宁区 3-4年经验 大专 招1人 03-14发布 普通话精通 软件工程,合资,50-150人,"通信/电信运营、增值服务,互联网/电子商务","工作职责 1.与相关团队协作进行数据建模工作，推动业务部门的数据化运营； 2.负责数据的深度提取和挖掘、数据抽取、数据清洗、数据消重等研发和优化工作； 3.后端接口数据开发对接； 4.开发文档编写； 5.完成上级领导临时交办； 任职要求： 1.熟练使用Python，基本功扎实，标准库熟练； 2.熟练掌握Python、SQL、MySQL、等常用语言 3.熟悉Hadoop生态圈，对HBase、Hive、Spark、Kafka、Redis等主流分布式开发套件有一定认识； 4.熟悉常用数据挖掘算法（如分类、聚类、回归、关联规则、神经网络等）及其原理。 5.良好的数据敏感度,能从海量数据提炼核心结果，有丰富的数据分析、挖掘、清洗和建模的经验；具有良好的逻辑思维与系统分析能力，有良好的产品运营能力，能够高效地、基于数据、事实和逻辑分析做出重要性和可行性的判断；",2026-03-14
大数据平台架构师,上海寰通商务科技有限公司,上海-静安区,20-30万/年,上海-静安区 5-7年经验 本科 招若干人 03-14发布 电子信息科学与技术 信息科学技术,外资（非欧美）,150-500人,"计算机服务(系统、数据服务、维修),制药/生物工程","1. 负责大数据平台基础架构设计； 2. 优化调整大数据平台的整体架构； 3. 负责大数据平台数据中心的基础设施的建设落地，构建高并发、高吞吐、低延时数据存储服务； 4. 研究新的技术并运用于大数据平台，提高平台的运行效率； 5. 负责制定技术规范，指导开发人员攻克高并发、高性能、高稳定性等技术问题。 1. 有分布式系统分析及架构设计经验，有大型计算集群的基础设施开发维护经验； 2. 熟悉Hadoop/Spark/Storm，有管理或优化大型分布式集群经验； 3. 熟悉openstack，docker，mesos，kubernetes等云计算技术； 4. 熟悉高性能，高可用，高拓展系统架构设计； 5. 精通Java，Scala，Go，python，Erlang等编程语言； 6. 熟悉linux系统，有内核调优经验优先； 7. 熟悉NLP相关技术优先，熟悉sklearn, Fasttext, word2vec, spark mllib 等机器学习相关技术优先。",2026-03-14
导航地图数据工程师,湖北美驿天程信息服务有限公司,武汉-江夏区,3-5千/月,武汉-江夏区 招20人 03-14发布,民营公司,150-500人,"外包服务,计算机服务(系统、数据服务、维修)",工作内容： 任职资格： 福利待遇： 包住宿（3-4人间，居民楼式住宿带厨房） 培训期：2-4周：50元/天 + 300元餐补 试用期：2个月：2500元（底薪（1800-2000）+绩效提成500-1000） 转正后：3000元-5000元（底薪（2000-3000）+绩效提成（1000-5000，多劳多得）+全勤+加班费+员工福利） 上班时间：9:00-18:00 周末单休 联系人：张经理 15827421166 同微信号,2026-03-14
数据分析师,南昌市新东方语言学校,南昌-西湖区,6-8千/月,南昌-西湖区 招2人 03-14发布,民营公司,500-1000人,教育/培训/院校,岗位职责： ◆ 定期分析报告：对全校的产品、客户、收入等内部数据的整理、分析，提供定期运营分析报告； ◆ 专项分析报告：为各业务部门、项目的运营管理提供数据支持，提出优化建议，制定数据分析工作流程及方法优化方案； ◆ 高阶数据模型：针对业务发展与需求，研发并建立数据分析模型。 任职要求： 1、本科及以上学历，统计、数学等专业背景优先； 2、熟练操作EXCEL，良好的SQL运用能力，VBA/R/SAS/PYTHON/MATLAB等工具有一定了解； 3、从事数据分析相关工作经验两年以上（优秀毕业生也可以），对企业有较高的忠诚度； 4、良好的逻辑思维与业务分析能力； 5、工作态度积极乐观，脚踏实地细致耐心；具有较强的事业心和抗压能力，能接受加班； 6、热爱教育行业，认同新东方文化。 工作地点： 南昌市西湖区站前路105号（老福山）,2026-03-14
高级数据开发工程师(J12818),奇瑞汽车股份有限公司,南京,20-30万/年,南京 5-7年经验 本科 招2人 03-14发布,国企,10000人以上,汽车,工作职责: 1. 负责数据仓库、数据挖掘、机器学习开发等新项目的实施与部署。 2. 关系型DB与数据平台相结合，构建新数据架构，解决数据平台复杂计算与数据存储的问题。 3. 数据仓库ETL流程的优化及解决ETL相关的技术问题。 4. 负责面向业务的olap，报表，数据提取等。 任职资格: 1. 计算机及相关专业本科以上学历，本科五年，硕士三年以上工作经验，有实际数据分析系统开发经验。 2. 熟悉mysql、或 MongoDB等关系型数据库，有ORACLE或SQLServer数据库开发管理类经验或者hadoop生态系统海量数据处理经验，实际应用过spark者优先，在项目中写过（存储过程、函数）者优先。 3. 了解前端技术(HTMLCSSJavaScriptAjax)。 4. 了解后端语言和框架(PHPJavaNode.js) 。,2026-03-14
数据分析师(J12595),奇瑞汽车股份有限公司,南京,10-15万/年,南京 5-7年经验 本科 招2人 03-14发布,国企,10000人以上,汽车,"工作职责: ""1-将集团用户及车辆数据进行梳理、分析满足业务使用数据的需求 2-负责大数据平台新的数据处理技术的验证工作 3-通过海量数据的挖掘和分析，形成报告，汇报给决策层，支持战略规划。 4-与用户增长团队配合，通过数据方法协助用户增长团队高效的获取用户。 "" 任职资格: ""1、本科以上学历，统计学、应用数据、计算机专业优先考虑，本科五年，硕士两年以上工作经验； 2、有一定的数据分析相关工作经验。有IT大数据分析经验、咨询公司数据分析经验、互联网数据建模分析经验者优先 2、至少5年研发工作经验，熟悉行为数据建模、标签系统、用户画像开发。有海量数据分析者优先 3、熟悉Hadoop大数据体系，具备相关产品（mapreduce、HFDS、Flume、Kafka等）项目应用研发能经验 4、熟悉Oracle/MySQL/SQLServer/ MongoDB等常用数据库，精通SQL，掌握Hive、R、Python、SPSS等分析工具。 5、能够快速理解业务，具备良好的沟通理解能力，快速融入团队。""",2026-03-14
高级数据分析师(J12593),奇瑞汽车股份有限公司,南京,,南京 8-9年经验 本科 招1人 03-14发布,国企,10000人以上,汽车,"工作职责: ""1-将集团用户及车辆数据进行梳理、分析满足业务使用数据的需求 2-负责大数据平台新的数据处理技术的验证工作 3-通过海量数据的挖掘和分析，形成报告，汇报给决策层，支持战略规划。 4-与用户增长团队配合，通过数据方法协助用户增长团队高效的获取用户。 "" 任职资格: ""1、本科以上学历，统计学、应用数据、计算机专业优先考虑，本科八年，硕士五年以上工作经验； 2、有一定的数据分析相关工作经验。有IT大数据分析经验、咨询公司数据分析经验、互联网数据建模分析经验者优先 3、至少5年研发工作经验，熟悉行为数据建模、标签系统、用户画像开发。有海量数据分析者优先 3、熟悉Hadoop大数据体系，具备相关产品（mapreduce、HFDS、Flume、Kafka等）项目应用研发能经验 4、熟悉Oracle/MySQL/SQLServer/ MongoDB等常用数据库，精通SQL，掌握Hive、R、Python、SPSS等分析工具。 5、能够快速理解业务，具备良好的沟通理解能力，快速融入团队。""",2026-03-14
大数据工程师,广东国地规划科技股份有限公司,广州,,广州 硕士 招6人 03-14发布,民营公司,,建筑/建材/工程,岗位职责：,2026-03-14
大数据开发工程师,广东国地规划科技股份有限公司,广州,,广州 本科 招6人 03-14发布,民营公司,,建筑/建材/工程,岗位职责： 1.负责基于hive或者Spark技术的大数据平台项目的需求分析、设计及开发； 2.负责大数据平台数据清洗、转换、建模的开发工作； 3.负责开源大数据平台与产品和相关技术的追踪及研究。 任职资格： 1、本科及以上学历，计算机、地理信息等相关专业 ; 2、熟悉Java语言，了解Hive、Spark、Solr、Kafka、Zookeeper等开源框架； 3、熟悉linux开发环境，熟悉bash； 4、对数据结构、算法有一定的理解，有hadoop等系统的源代码阅读经验者优先。,2026-03-14
数据分析师,北京云杉世界信息技术有限公司,北京,,北京 本科 招10人 03-14发布,民营公司,,计算机软件,岗位描述: 1.你需要各大产品数据统计、报表维护与监测，保证数据的业务针对性、逻辑性、准确性及可读性； 2.你需要结合业务目标梳理KPI监测体系，进行重大产品数据监测与分析，为产品及运营优化提供建议； 3.你需要主动发现和识别业务问题，规划分析思路，进行深入数据分析，为业务问题原因排查及解决方案提供数据支撑； 4.你需要在深入理解业务基础上，结合业务目标，构建分析模型，为产品数据化运营提供系统化的解决方案。,2026-03-14
数据分析师,浙江众喜通信科技有限公司,宁波-海曙区,4.5-6千/月,宁波-海曙区 1年经验 大专 招10人 03-14发布,民营公司,50-150人,"计算机软件,计算机服务(系统、数据服务、维修)",2、具备良好的沟通能力和团队合作精神、能承受较大工作压力,2026-03-14
数据分析师,浙江众喜通信科技有限公司,宁波-鄞州区,4.5-6千/月,宁波-鄞州区 1年经验 大专 招10人 03-14发布,民营公司,50-150人,"计算机软件,计算机服务(系统、数据服务、维修)",2、具备良好的沟通能力和团队合作精神、能承受较大工作压力,2026-03-14
高级数据开发工程师(J10106),深圳前海新心数字科技有限公司,广州-天河区,2-3万/月,广州-天河区 5-7年经验 本科 招1人 03-14发布,合资,500-1000人,金融/投资/证券,1、负责金融大数据平台项目应用的代码开发及维护； 2、负责金融大数据平台数据分析； 3、负责金融大数据平台体系建设； 4、参与金融大数据产品模块的设计、编码、测试和集成； 5、协助完成产品或模块的项目管理和项目实施。 任职资格: 1、熟悉Hadoop大数据平台框架，以及其生态圈，熟悉其基本原理； 2、熟悉数据库的SQL开发，熟悉Oracle、MySql、GP、Hive、SparkSql其中的一种或多种； 3、熟悉Linux操作系统，会编写shell、perl、python脚本其中的一种或多种； 4、熟悉数据中台，具有数据体系建设经验； 5、优秀的沟通表达能力，逻辑思维清晰，抗压能力强，良好的团队合作精神； 6、四年（含）以上的数据库开发经验。,2026-03-14
初级数据开发工程师(J10105),深圳前海新心数字科技有限公司,广州-天河区,1-1.5万/月,广州-天河区 2年经验 本科 招1人 03-14发布,合资,500-1000人,金融/投资/证券,工作职责: 1、负责金融大数据平台项目应用的代码开发及维护； 2、负责金融大数据平台数据分析； 3、参与金融大数据产品模块的设计、编码、测试和集成； 4、协助完成产品或模块的项目管理和项目实施。 任职资格: 1、熟悉Hadoop大数据平台框架，以及其生态圈，了解其基本原理； 2、熟悉数据库的SQL开发，熟悉Oracle、MySql、GP、Hive、SparkSql其中的一种或多种； 3、熟悉Linux操作系统，会编写shell、perl、python脚本其中的一种或多种； 4、较好的沟通表达能力，逻辑思维清晰，抗压能力强，良好的团队合作精神； 5、两年（含）以上的数据库开发经验。,2026-03-14
数据开发与维护岗,中华财险-万联电商,北京-朝阳区,1.5-2万/月,北京-朝阳区 3-4年经验 本科 招4人 03-14发布,国企,,金融/投资/证券,"工作职责: 1.参与数据中台及数据应用系统数据探查、模型设计及数据开发工作； 2.参与制定、管理数据模型及相关标准规范； 3.负责数据平台及数据应用系统项目的数据测试与验证，开展测试对象分析、测试用例设计、测试程序开发，进行缺陷跟踪； 4.参与数据系统的日常维护，保障系统正常运行； 5.根据监管要求及业务需要，负责各类业务与管理数据提取、统计、分析和上报； 6.根据业务场景需求，运用数据分析和建模工具，进行数据建模与挖掘，并持续改进优化； 7.负责数据应用系统的监控，制定和改进应急预案、策略和相关规范，提高数据服务运维质量。 任职资格: 1.全日制大学本科及以上学历,计算机、数学相关专业毕业； 2.具有三年以上金融行业数据仓库、数据集市项目的实施经验，熟悉保险业务数据类型和结构； 3.熟练掌握和运用SQL开发语言，熟悉数据仓库和数据挖掘的相关技术； 4.了解大数据和分布式架构技术，具备数据开发、挖掘和分析经验与能力 5.具有极强的学习能力、沟通能力、团队合作意识、高度的责任感，执行力强。",2026-03-14
数据分析师(6K+),青岛艾尔法投资有限公司,青岛-市南区,0.8-1万/月,青岛-市南区 无需经验 大专 招11人 03-14发布,外资（非欧美）,150-500人,金融/投资/证券,交易员就业前景： 公司：交易员-交易部经理-交易部总监 一、 1、负责公司提供的大账户的资金运作。 2、把握市场机会，实时交易，使账户达到稳定盈 利。 3、专业不限，（金融专业优先）。 4、 人品端正，谦虚好学，自信果敢。 5、对金融市场有浓厚的兴趣，有股票、期货等投资 经验者优先。 对金融或投资领域有兴趣者，应届毕业生也可以有机 会 6、有其他工作经历，但不满足于现状，想对金融投 资做尝试和了解者; 7、有投资经历，但困惑却无解决之道，愿意来公司 沟通互补交流者; 8、对于金融如股票、期货、贵金属、外汇感兴趣， 敢于迎接挑战，有一定的自控力，承受能力者。 二、薪资待遇: 初级：底薪6K+20%提成或***提成30% 中级：底薪8K+30%提成或***提成40% 高级：底薪12K+40%提成或***提成50% 三、工作内容: 1.管理和运作公司内部自有资金账户。 2.有效进行风险控制，通过在全球外汇市场中进行实盘交易来获得利润。 3.关注公司账户操作品种价格的变动以及国际相关资 讯，上传下达。 四、任职要求: 1.良好的逻辑思路能力，期间参与过金融市场调研或 者参加过相关的如外汇、股票、期货等金融产品培训 机构者优先考虑; 2.国际金融专业及有实盘操作经验者优先考虑; 3.自我管理能力强，严格按照公司规定流程执行; 专业不限，金融专业优先。 4.人品端正，谦虚好学，自信果敢。,2026-03-14
大数据工程师,深圳市信达信息技术有限公司,深圳-宝安区,1-1.5万/月,深圳-宝安区 2年经验 本科 招1人 03-14发布,民营公司,50-150人,"电子技术/半导体/集成电路,计算机软件","职位描述： 1.主要负责提供大数据解决方案； 2.按照计划按时保质保量完成项目的实施； 3.负责技术攻关，解决项目过程中遇到的各种问题； 4.负责公司大数据智库建立。 任职资格： 1.大学本科或以上学历，计算机相关专业； 2.熟练掌握Linux操作系统；两年以上Hadoop大数据项目实施经验； 3.熟练掌握Hadoop大数据相关的技术及原理（Hive,Hbase,Keltte,Sqoop,Pig,MapReduce等）; 4.具备良好的数据分析能力和学习能力； 5.责任心强，有较强的沟通能力，思维严谨，具备团队合作意愿；",2026-03-14
数据分析师（品牌数据银行）,杭州爱赞网络技术有限公司,杭州-上城区,1.5-2万/月,杭州-上城区 1年经验 本科 招2人 03-14发布,民营公司,50-150人,"互联网/电子商务,计算机软件",上班时间：朝九晚六 周末双休,2026-03-14
大数据服务工程师,南京牧信科技有限公司,杭州-滨江区,0.8-1.2万/月,杭州-滨江区 1年经验 大专 招若干人 03-14发布,民营公司,50-150人,"通信/电信/网络设备,通信/电信运营、增值服务","1、服务器linux系统安装，KVM虚拟化 2、大数据集群机器容量（CPU，内存，硬盘）以及组件规划 3、大数据实验环境安装（Python，R， Java，Zookeeper，Hadoop，HBase，Hive，Spark，Azkaban，ELK，Kylin，Zepplin等） 4、大数据集群性能调优，自动化脚本 5、售后技术支持 任职要求： 1、 熟悉Hadoop生态圈，至少对HDFS，Yarn , Hive, HBase , Spark中的两者有着深入的理解。 2、 熟悉Linux系统和相关运维体系，有容量规划、性能优化等相关经验。 3、 熟悉Java，熟悉至少一门脚本语言(Python/Shell等)。 4、 有过实际的Hadoop部署运维经验。",2026-03-14
数据分析师,南京鲁沃夫医学科技有限公司,南京-秦淮区,4-6千/月,南京-秦淮区 1年经验 大专 招1人 03-14发布,民营公司,150-500人,"医疗/护理/卫生,医疗设备/器械",岗位职责 1.负责统计公司业务人员相关数据，并作出分析数据； 2.了解业务体系，负责为销售部门提供各维度数据统计及分析支持; 3.针对业务部门提出的各维度数据问题，进行数据获取，整理和分析，得出合理的结论，并以报告的形式呈现; 4.做好统计资料的保密和归档工作；结合统计指标体系，完善和改进统计方法。 任职要求： 1.大专以上学历，2年左右先关工作经验； 2.比较强的数据分析能力，细心，严谨的工作态度； 3.熟悉数据统计和分析，熟练使用office办公软件； 4.统计分析、统计学等相关专业优先。,2026-03-14
大数据架构师,北京中恒博瑞数字电力科技有限公司,北京-海淀区,2-2.5万/月,北京-海淀区 5-7年经验 硕士 招1人 03-14发布,民营公司,500-1000人,"计算机软件,电气/电力/水利","1、硕士及以上学历，数学、物理、统计、计算机类等专业； 2、3年以上数据挖掘或机器学习领域经验，扎实的编程基础，熟练使用下列一种以上软件:SAS/R/SPSS/SQL/python/MATLAB进行数据建模分析； 3、熟悉各类模型分类与回归算法，熟悉各类变量筛选与降维算法，深入理解MapReduce模型，对Hadoop、Spark、Storm、TensorFlow等大规模数据存储与运算平台有实践经验； 4、精通NLP，协助建立应用常见的文本分析方法，比如文本聚类，LSTM，SVM，关联分析，神经网络，朴素贝叶斯, TF-IDF, SVD等； 5、具备深度学习建模经验，具有图像分析经验者优先； 6、具备数据分析应用经验，电力、能源行业经验优先； 7、具备良好的专业背景、逻辑能力好，有较强的创新思维、执行力和沟通能力。",2026-03-14
大数据工程师,北京中电普华信息技术有限公司,北京,,北京 硕士 招2人 03-14发布,国企,,计算机软件,岗位职责： 1. 数据分析、特征提取； 2. 算法探索、建模仿真； 3. 结果分析、模型优化。 任职要求： 1. 熟悉统计以及数据挖掘技术及相关分析方法； 2. 理解数据分析过程，会使用Excel进行数据处理，会用SQL进行数据处理加分； 3.会使用R、MATLAB、Python、Scala中至少2种分析工具进行数据分析，会用Java开发算法模型加分。,2026-03-14
大数据运营工程师,中国移动通信集团广东有限公司,韶关,,韶关 本科 招若干人 03-14发布,国企,,通信/电信/网络设备,学历要求： 全日制普通高等院校本科及以上学历的应届毕业生； 海外高校应聘者需具备国家教育部认可的学历学位。 专业要求： 计算机、统计、通信专业。 职位描述： 1、研究公司内外部客户的需求，负责大数据产品的研发、成品、成本定价。 2、负责公司内外部大数据项目的实施。 3、负责大数据系统的日常维护。 4、负责大数据合作商的管理。 其他要求： 1、具有吃苦耐劳精神； 2、思维敏捷，思路清晰，具有较强的分析判断能力、组织协调能力、沟通表达能力以及创新能力； 3、具备良好敬业精神和团队协作精神； 4、认同公司企业文化，服从公司职位安排； 5、熟悉计算机网络等基础知识； 6、大学英语四级/六级在425分以上。,2026-03-14
大数据运营工程师,中国移动通信集团广东有限公司,汕头,,汕头 本科 招若干人 03-14发布,国企,,通信/电信/网络设备,学历要求： 1、2020年全日制普通高校本科及以上学历和学士及以上学位的应届毕业生； 2、海外高校应届者需具备国家教育部认可的学历学位 专业要求： 数学、统计学、计算机（软件工程）等相关专业 职位描述： 负责大数据的技术研究与建模分析等工作 其他要求： 外语能力： CET-4级及以上（或海外1年及以上学习经历）； 其他能力： 1、数学功底扎实，动手能力强，技术能力强； 2、有参加过数学建模比赛或相关算法建模比赛、或发表过论文者优先考虑； 3、熟悉java或者python，有一定项目经验者优先。,2026-03-14
大数据运营工程师,中国移动通信集团广东有限公司,清远,,清远 本科 招若干人 03-14发布,国企,,通信/电信/网络设备,学历要求： 全日制普通高等院校本科及以上学历的应届毕业生；海外高校应聘者需具备国家教育部认可的学历学位。 专业要求： 计算机、统计、通信专业 职位描述： 1、研究公司内外部客户的需求，负责大数据产品的研发、成品、成本定价。 2、负责公司内外部大数据项目的实施。 3、负责大数据系统的日常维护。 4、负责大数据合作商的管理。 其他要求： 通过大学英语四/六级。,2026-03-14
大数据运营工程师,中国移动通信集团广东有限公司,梅州,,梅州 本科 招若干人 03-14发布,国企,,通信/电信/网络设备,学历要求： 具有国家承认的全日制大学本科及以上学历和学士及以上学位的2020年应届毕业生。 专业要求： 计算机、统计、通信专业 职位描述： 1、研究公司内外部客户的需求，负责大数据产品的研发、成品、成本定价。 2、负责公司内外部大数据项目的实施。 3、负责大数据系统的日常维护。 4、负责大数据合作商的管理。 其他要求： 1、CET-4级及以上（或海外1年及以上学习经历、或其他外语等级认证）； 2、专业知识扎实，具备良好的语言表达能力、逻辑思维能力；工作积极主动、责任心强，具备良好的团队意识。 3、具有吃苦耐劳精神，认同公司企业文化，服从公司职位安排。,2026-03-14
大数据架构师,北京卓信智恒数据科技股份有限公司,武汉-江汉区,2-2.5万/月,武汉-江汉区 5-7年经验 本科 招1人 03-14发布,上市公司,150-500人,"计算机软件,计算机服务(系统、数据服务、维修)",职位描述 1、负责公司大数据平台架构的技术选型和技术难点攻关工作； 2、依据行业数据现状和客户需求，完成行业大数据的特定技术方案设计与撰写； 3、负责研究跟进大数据架构领域新兴技术并在公司内部进行分享； 4、参与公司大数据项目的技术交流、解决方案定制以及项目的招投标工作； 5、参与公司大数据项目前期的架构设计工作； 任职要求： 1、计算机及相关专业本科以上，5年以上数据类项目（数据仓库、商务智能）实施经验，至少2年以上大数据架构设计和开发经验，至少主导过一个大数据平台项目架构设计； 2、精通大数据生态圈的技术，包括但不限于MapReduce、Spark、Hadoop、Kafka、Mongodb、Redis、Flume、Storm、Hbase、Hive，具备数据统计查询性能优化能力。熟悉星环大数据产品线及有过产品项目实施经验者优先； 3、优秀的方案撰写能力，思路清晰，逻辑思维强，能够根据业务需求设计合理的解决方案； 4、精通ORACLE、DB2、mySql等主流关系型数据库，熟悉数据仓库建设思路和数据分层架构思想； 5. 熟练掌握java、R、python等1-2门数据挖掘开发语言； 6. 熟悉云服务平台及微服务相关架构思想和技术路线，熟悉阿里云或腾讯云产品者优先； 7、有烟草或制造行业大数据解决方案售前经验者优先； 8、能适应售前支持和项目实施需要的短期出差；,2026-03-14
大数据运营工程师,中国移动通信集团广东有限公司,广州,,广州 本科 招若干人 03-14发布,国企,,通信/电信/网络设备,学历要求： 全日制本科学士及以上学历、学位普通高校应届毕业生，海外高校应聘者需具备国家教育部认可的同等学历、学位。 专业要求： 计算机、统计、通信、数据挖掘等相关专业 职位描述： 1、研究公司内外部客户的需求，负责大数据产品的研发、成品、成本定价。 2、负责公司内外部大数据项目的实施。 3、负责大数据系统的日常维护。 4、负责大数据合作商的管理。 其他要求： CET4级成绩425分以上；专业必修课考试无不合格科目。,2026-03-14
大数据运营工程师,中国移动通信集团广东有限公司,佛山,,佛山 本科 招若干人 03-14发布,国企,,通信/电信/网络设备,学历要求： 全日制大学本科学历或以上。 专业要求： 计算机、统计、通信等相关专业。 职位描述： 1、受理公司内部需求，负责数据提取，分析。 2、开发各类报表。 3、负责数据系统的日常维护。 4、负责数据合作商的管理。 其他要求： 熟悉Oracle等主流数据库优先。,2026-03-14
大数据运营工程师,中国移动通信集团广东有限公司,潮州,,潮州 本科 招若干人 03-14发布,国企,,通信/电信/网络设备,学历要求： 全日制大学本科以上 专业要求： 计算机、统计、通信专业 职位描述： 1、研究公司内外部客户的需求，负责大数据产品的研发、成品、成本定价。 2、负责公司内外部大数据项目的实施。 3、负责大数据系统的日常维护。 4、负责大数据合作商的管理。 其他要求： 大学英语四级以上,2026-03-14
大数据分析师,广东电声市场营销股份有限公司,广州,1.8-3万/月,广州 5-7年经验 本科 招1人 03-14发布,上市公司,1000-5000人,广告,1、（外部数据）负责公司业务相关的市场活动、项目活动、促销活动、超市门店周边环境的各类数据进行结构化归类、分析、加工，并能够结合企业的相关业务进行数据建模； 2、（内部数据）负责企业内部经营数据（营销、销售、采购、项目、财务、人力、物品等）进行数据分析建模； 3、为公司达成“数据资产化”以及“数据产生价值”的目标，提供大数据分析规划思路和推动执行落地； 4、负责数据提取、统计、分析、可视化等数据分析处理，为提升企业营销能力提供有效的决策支持； 任职要求： 1、本科及以上学历，计算机、数学、统计等相关专业； 2、具有5年及以上大数据分析工作经验； 3、有良好的数据敏感度，能从海量数据提炼核心结果；有丰富的数据分析、挖掘、清洗和建模的经验； 4、熟悉广告、营销行业的运作模式，对市场、商业行为数据比较敏感； 5、具有创新精神、强烈的责任心，能主动积极承担任务，并高效完成。,2026-03-14
初级数据分析师 Junior Data Analyst,成都摩奇创造信息技术有限公司,成都-锦江区,0.8-1.1万/月,成都-锦江区 2年经验 本科 招1人 03-14发布,外资（欧美）,50-150人,"计算机软件,网络游戏","分析运营与市场数据，帮助公司进行商业决策，协助公司建设完备的数据系统。 Analyzes operation and market data to help company making business decisions, at the same time, involves in building robust data warehouse system.",2026-03-14
科技金融岗（大数据开发方向-杭州）,兴业数字金融服务（上海）股份有限公司,杭州,,杭州 本科 招若干人 03-14发布,国企,,"计算机软件,通信/电信/网络设备",岗位职责： 1、从事大数据平台或大数据产品的设计、开发、优化工作。 2、利用大数据相关技术实现对数据的采集、分析、挖掘、可视化，让数据充分发挥价值。 3、开发金融业相关的风险控制、精准营销、数字化运营等相关数据产品。进行大数据相关的新技术研究，提高技术创新能力。 4、负责研究金融科技领域新技术、新工具，开展技术与应用创新，实施创新类信息化建设项目等，持续发展集团数字化专业能力。 岗位要求： 1、全日制本科及以上学历；国内及海外院校2020年、2021年应届毕业生。 2、具备全面、扎实的软件基础知识，掌握操作系统、软件工程、设计模式、数据结构、数据库系统、网络安全等专业知识。 3、编程基本功扎实，掌握常用算法和数据结构。 4、了解Linux基本操作，至少熟练使用C/C++/Java/Python/SQL中的一种，了解MySQL等数据库。 5、曾在省部级及以上期刊、会议上发表过技术论文或参加过校级（含）以上计算机相关领域的技能竞赛并获得荣誉称号的优先考虑。 6、具有相关领域方向的金融、IT实习经验者或获得相关IT认证证书者优先考虑。,2026-03-14
科技金融岗（大数据开发方向-上海）,兴业数字金融服务（上海）股份有限公司,上海,,上海 本科 招若干人 03-14发布,国企,,"计算机软件,通信/电信/网络设备",岗位职责： 1、从事大数据平台或大数据产品的设计、开发、优化工作。 2、利用大数据相关技术实现对数据的采集、分析、挖掘、可视化，让数据充分发挥价值。 3、开发金融业相关的风险控制、精准营销、数字化运营等相关数据产品。进行大数据相关的新技术研究，提高技术创新能力。 4、负责研究金融科技领域新技术、新工具，开展技术与应用创新，实施创新类信息化建设项目等，持续发展集团数字化专业能力。 岗位要求： 1、全日制本科及以上学历；国内及海外院校2020年、2021年应届毕业生。 2、具备全面、扎实的软件基础知识，掌握操作系统、软件工程、设计模式、数据结构、数据库系统、网络安全等专业知识。 3、编程基本功扎实，掌握常用算法和数据结构。 4、了解Linux基本操作，至少熟练使用C/C++/Java/Python/SQL中的一种，了解MySQL等数据库。 5、曾在省部级及以上期刊、会议上发表过技术论文或参加过校级（含）以上计算机相关领域的技能竞赛并获得荣誉称号的优先考虑。 6、具有相关领域方向的金融、IT实习经验者或获得相关IT认证证书者优先考虑。,2026-03-14
航空摄影数据工程师,山东牧马人测绘技术有限公司,济南-高新区,3-4.5千/月,济南-高新区 1年经验 中专 招10人 03-14发布 普通话一般 计算机科学与技术,民营公司,少于50人,"建筑/建材/工程,学术/科研",要求工作踏实，有教养，能遵守公司工作安排，专业以计算机为主，测绘专业或者相关专业,2026-03-14
金融数据分析师（j10883）,皓正云中（北京）科技有限公司,北京-西城区,1.5-2万/月,北京-西城区 大专 招10人 03-14发布 金融学 计算机科学与技术,民营公司,少于50人,金融/投资/证券,任职要求： 1.有金融相关经验的优先考虑； 2.对金融分析行业强烈感兴趣，想转行者均可； 3.对金融市场进行分析预估未来发展走势，以书面形式交给上级领导； 4.完成上级安排的日常工作； 5.有团队意识，集体荣誉感； 6.此岗位为技术岗，无销售性质； 员工福利： 1、五险一金 朝九晚五 六日双休 食宿补助 交通补助； 2、每年不定期多次带薪休假，每月享有带薪病假，休息时也会有工资拿； 3、弹性的工作时间，让你工作自由安排；提供各种高大上下午茶及零食； 4、年会时给予优秀团队量身定做新年礼物、奖杯等高大上的惊喜 5、全体员工享有带薪婚假、病假、产假。休息时工资照常发放； 6、公司为每位员工提供生日惊喜，微信红包，生日礼物等；,2026-03-14
数据分析师（上海）,北京伯凯科技有限公司,上海,,上海 本科 招若干人 03-14发布,民营公司,,专业服务(咨询、人力资源、财会),"职位要求： 1.计算机及相关专业优先考虑，热爱数据分析，统计，和挖掘。 2.数据库知识扎实，熟悉SQL语句，懂ETL和Data Modeling优先考虑。 3.有一定编程知识和经验。语言可为C，C++，.NET, Java, Python 或者其他。 4.对大数据系统和架构有基础认知。 5.英语要四级或以上水平，能用英文进行听，说，读，写。",2026-03-14
数据分析师（武汉）,北京伯凯科技有限公司,武汉,,武汉 本科 招若干人 03-14发布,民营公司,,专业服务(咨询、人力资源、财会),"职位要求： 1.计算机及相关专业优先考虑，热爱数据分析，统计，和挖掘。 2.数据库知识扎实，熟悉SQL语句，懂ETL和Data Modeling优先考虑。 3.有一定编程知识和经验。语言可为C，C++，.NET, Java, Python 或者其他。 4.对大数据系统和架构有基础认知。 5.英语要四级或以上水平，能用英文进行听，说，读，写。",2026-03-14
ETL工程师/数据处理工程师,北京宏天信业信息技术股份有限公司上海分公司,上海-浦东新区,1.2-2万/月,上海-浦东新区 2年经验 大专 招3人 03-14发布,民营公司,150-500人,"计算机软件,互联网/电子商务","岗位职责： 1.负责公司大数据处理框架研发工作，设计与开发分布式存储、数据处理与分析架构。 2.负责大数据平台与产品和相关技术的追踪及研究。 3.负责大数据的处理工作，以及ETL（业务数据提取、加载、转换处理）流程的开发和优化。 4、利用大数据平台工具对数据维护。 5、负责相关项目的技术支持和服务。 任职要求： 1、要求必须会Linux，熟悉常用命令。 2、熟悉Kettle、sqoop，Azkaban 等ETL&调度工具；熟悉大数据框架，hadoop 生态；有 Hbase/MongoDB/ElasticSearch 一至两年以上工作经验优先。 3、熟悉 Linux下Java、Scala或Python任一语言，并具有1年左右编程经验；熟练使用SHELL或其他脚本语言；熟练使用IDEA、Eclipse等开发工具，掌握git或SVN版本管理工具。 4、熟悉RESTFUL/Web Service架构，有相关开发经历；MySQL等关系数据库开发和优化经验。 5、大数据平台数据开发经验者优先，有金融行业经验者优先。 6、熟悉Kafka消息队列，熟悉java,Scala，熟悉shell,python脚本。 7、熟悉Spark平台有相关实战经验者优先。 急招",2026-03-14
大数据开发工程师（管培生）-广东省通信产业服务有限公司研究总院,中国通信服务股份有限公司,广州,,广州 在校生/应届生 硕士 招若干人 03-14发布,国企,,通信/电信运营、增值服务,专业要求：计算机、电子信息、通信、软件、数学等专业 应聘资格要求： 1、精通C/C++，同时精通C#或JAVA之一的编程技术； 2、掌握Hadoop、HBase、Spark、Greenplum（1种以上）的大数据平台使用方法； 3、具有较强的沟通能力，高度的敬业精神，以目标为导向； 4、有相关项目经验优先。 岗位职责： 1、对广东公司重大标杆性或战略性项目提供售前、售中技术支持 2、基于Java、C/C++、SQL、Python、Shell及相关开发工具的大数据应用开发、数据分析应用、ETL应用 3、参与定向培养为智慧城市建设、云计算等方面的专家 福利： 提供六险一金，3年免费住房、工作日午餐补贴、节日补贴、交通补贴等,2026-03-14
软件开发-数据中台（大数据应用）方向,江苏瑞中数据股份有限公司,南京,,南京 本科 招4人 03-14发布 计算机科学与技术 软件工程,国企,,电气/电力/水利,工作内容： 负责软件需求分析，软件系统架构、概要设计，软件开发，研发技术文档编写等工作。 1）建设大数据平台，参与或负责大数据平台设计、建模、研发等； 2）参与或负责业务支撑系统数据平台相关数据开发和管理工作，研发规范、质量规范、保障规范的制定与推动实施落地； 3）参与项目需求、业务规则、数据和系统调研，负责数据标准信息的收集整理，负责数据仓库及BI的数据模型的逻辑和物理设计工作。 任职要求： 1.计算机、软件工程、通信、电气等相关专业全日制本科以上学历； 2.计算机基础知识扎实，熟悉数据结构、计算机原理、软件工程等理论知识； 3.学习能力强，有较强的理解能力和逻辑分析能力，善于沟通、乐于合作，热衷新技术研究。,2026-03-14
数据分析师 Data Analyst,成都摩奇创造信息技术有限公司,成都-锦江区,0.8-1.5万/月,成都-锦江区 2年经验 本科 招1人 03-14发布,外资（欧美）,50-150人,"计算机软件,网络游戏","分析运营与市场数据，帮助公司进行商业决策，协助公司建设完备的数据系统。 Analyzes operation and market data to help company making business decisions, at the same time, involves in building robust data warehouse system.",2026-03-14
数据分析师,中国电信河南公司,焦作,,焦作 本科 招1人 03-14发布,国企,,通信/电信运营、增值服务,工作地点 焦作市区 学历要求 2020年应届本科及以上 专业要求 计算机科学与技术、软件工程、数学与应用数学等相关专业 岗位职责 1.负责相关数据的抽取、转换、加载、基础数据标准执行 2.对企业数据进行分析与挖掘、统计建模分析，及时发现和分析其中隐含的变化和问题，为业务发展提供决策支持 3.通过对用户的行为进行分析，提升产品的准确性、了解用户属性，了解用户的消费心理，帮助营销团队准确把握客户需求 4.根据业务需求支持线上、线下等各种报表，制定分析类统计分析报表 5.支持业务部门提供数据分析服务，与业务部门合作开展业务专题分析 应聘资格要求 1.2020年毕业的全国普通高等院校本科及以上应届毕业生，能正常按时取得国家规定的学历和学位； 2.海外毕业留学生应是2019年7月1日至2020年7月31日毕业的初次就业的国（境）外院校本科及以上学历、学士及以上学位留学人员，且在报到入职前能够取得国家教育部留学服务中心认证的学历（学位）。 3.身体健康，达到国家公务员通用体检标准,2026-03-14
数据分析师,中国电信河南公司,南阳,,南阳 本科 招2人 03-14发布,国企,,通信/电信运营、增值服务,工作地点 南阳市区 学历要求 2020年应届本科及以上 专业要求 计算机科学与技术、软件工程、数学与应用数学等相关专业 岗位职责 1.负责相关数据的抽取、转换、加载、基础数据标准执行 2.对企业数据进行分析与挖掘、统计建模分析，及时发现和分析其中隐含的变化和问题，为业务发展提供决策支持 3.通过对用户的行为进行分析，提升产品的准确性、了解用户属性，了解用户的消费心理，帮助营销团队准确把握客户需求 4.根据业务需求支持线上、线下等各种报表，制定分析类统计分析报表 5.支持业务部门提供数据分析服务，与业务部门合作开展业务专题分析 应聘资格要求 1.2020年毕业的全国普通高等院校本科及以上应届毕业生，能正常按时取得国家规定的学历和学位； 2.海外毕业留学生应是2019年7月1日至2020年7月31日毕业的初次就业的国（境）外院校本科及以上学历、学士及以上学位留学人员，且在报到入职前能够取得国家教育部留学服务中心认证的学历（学位）。 3.身体健康，达到国家公务员通用体检标准。,2026-03-14
数据分析师,中国电信河南公司,安阳,,安阳 本科 招2人 03-14发布,国企,,通信/电信运营、增值服务,工作地点 安阳市区 学历要求 2020年应届本科及以上 专业要求 计算机科学与技术、软件工程、数学与应用数学等相关专业 岗位职责 1.负责相关数据的抽取、转换、加载、基础数据标准执行 2.对企业数据进行分析与挖掘、统计建模分析，及时发现和分析其中隐含的变化和问题，为业务发展提供决策支持 3.通过对用户的行为进行分析，提升产品的准确性、了解用户属性，了解用户的消费心理，帮助营销团队准确把握客户需求 4.根据业务需求支持线上、线下等各种报表，制定分析类统计分析报表 5.支持业务部门提供数据分析服务，与业务部门合作开展业务专题分析 应聘资格要求 1.2020年毕业的全国普通高等院校本科及以上应届毕业生，能正常按时取得国家规定的学历和学位； 2.海外毕业留学生应是2019年7月1日至2020年7月31日毕业的初次就业的国（境）外院校本科及以上学历、学士及以上学位留学人员，且在报到入职前能够取得国家教育部留学服务中心认证的学历（学位）。 3.身体健康，达到国家公务员通用体检标准,2026-03-14
大数据开发工程师（管培生）-广东省电信规划设计院有限公司,中国通信服务股份有限公司,北京,,北京 硕士 招若干人 03-14发布,国企,,通信/电信运营、增值服务,专业要求： 大数据 应聘资格要求： 1） 专业对口，成绩优异大数据、软件专业毕业等相关专业毕业； 2） 具备良好的语言沟通、文字表达和分析能力； 3） 具有较强技术钻研能力，勇于接受新事物、新技术，紧密跟踪业界前沿技术； 4） 工作积极主动，具有较强的事业心、责任心和敬业精神； 5） 身体健康，具备良好的职业素养。 岗位职责： 1.基于Hive， Spark，Hadoop的计算架构，进行大数据开发工作； 2.在分布式集群上进行Hive和Spark数据开发； 3.能够定位数据计算任务的瓶颈并进行性能优化； 4.能够针对具体的业务场景，实现一些机器学习运算; 5.跟进大数据前沿技术的发展，将合适的技术方案适时引入业务场景 福利： 提供两年免费住房，提供工作日午餐及晚餐就餐补贴，节日福利，年度体检，生日慰问金等,2026-03-14
数据分析工程师,中国电子科技集团公司第十研究所,成都,,成都 硕士 招若干人 03-14发布,国企,,学术/科研,岗位职责： 1、针对不同的应用场景，构建分析模型，参与大数据产品的算法研究与实现； 2、根据产品定义，设计数据挖掘分析方案，指导团队开展数据挖掘分析工作 3、及时响应临时性、个性化的数据分析需求 任职要求： 1、计算机、统计、数学、信息技术专业，硕士及以上学历 2、较好的编程基础，熟练掌握Java、Python等编程语言； 3、熟悉人大规模数据挖掘、机器学习、文本挖掘、统计学的算法和技术，并具备3年以上的数据挖掘分析项目经验，熟练使用相关数据挖掘分析工具（R/SparkML等） 4、熟悉hadoop、mapreduce、hbase、hive、storm、spark等大数据技术原理并具备开发经验。 5、具有实时计算、图计算经验者优先。 6、具有较强的分析解决问题的能力，以及优秀的逻辑思维能力，对有挑战的问题充满激情 7、具有较强的沟通、协调、语言表达、理解等能力和团队合作能力,2026-03-14
数据分析师（上海邮电设计咨询研究院有限公司）（上海）,中国通信服务股份有限公司,上海,,上海 本科 招8人 03-14发布,国企,,通信/电信运营、增值服务,"工作地点：上海 招聘人数：8 学历要求：本科及以上 专业要求：通信工程，计算机，统计分析，管理科学 岗位职责 1.负责国内各大电信运营商、各级政府及各类企业客户的多种专业各类综合性通信工程规划、可行性研究、方案设计等任务，涵盖信息系统、业务平台、云计算、大数据、物联网、互联网、核心网、传输设备等； 2.负责通信机房的勘察、设备安装设计； 3.负责完成通信网络建设工程的投资估算和工程概预算编制； 4.对所承担的工程设计项目的质量、进度、成本控制负责； 5.负责项目内外部接口，处理、协调设计中出现的各类问题 应聘资格要求 1.本科及以上学历 2.平均绩点3.0及以上 3.通信工程、计算机相关专业 4.熟练掌握CAD，C语言，C++,JAVA,PHP，PYTHON等应用程序或计算机语言 5.985及211院校优先考虑",2026-03-14
数据分析师（上海邮电设计咨询研究院有限公司）（北京）,中国通信服务股份有限公司,北京,,北京 本科 招7人 03-14发布,国企,,通信/电信运营、增值服务,"工作地点：上海 招聘人数：7 学历要求：本科及以上 专业要求：通信工程，计算机，统计分析，管理科学 岗位职责 1.负责国内各大电信运营商、各级政府及各类企业客户的多种专业各类综合性通信工程规划、可行性研究、方案设计等任务，涵盖信息系统、业务平台、云计算、大数据、物联网、互联网、核心网、传输设备等； 2.负责通信机房的勘察、设备安装设计； 3.负责完成通信网络建设工程的投资估算和工程概预算编制； 4.对所承担的工程设计项目的质量、进度、成本控制负责； 5.负责项目内外部接口，处理、协调设计中出现的各类问题 应聘资格要求 1.本科及以上学历 2.平均绩点3.0及以上 3.通信工程、计算机相关专业 4.熟练掌握CAD，C语言，C++,JAVA,PHP，PYTHON等应用程序或计算机语言 5.985及211院校优先考虑",2026-03-14
大数据开发工程师,浙江数秦科技有限公司,杭州-西湖区,1.2-4万/月,杭州-西湖区 2年经验 本科 招若干人 03-14发布,民营公司,50-150人,互联网/电子商务,岗位职责： 1、负责业务数据调研、需求理解，数据采集方案设计及实现； 2、负责建立数据模型，根据业务设计数据主题； 3、负责数据模型的ETL实施，参与团队ETL流程的优化及解决ETL相关技术问题； 4、理解业务方的数据需求，提供面向业务的OLAP、报表、数据提取等数据服务； 5、支持数据挖掘、AI等方向的数据开发。 1、计算机基础扎实，对技术有热情，有很强的学习能力和潜力； 2、逻辑能力强、视野开阔，有创新精神，接受新事物能力强； 3、性格乐观，皮实，自省；责任心强，积极主动，善于沟通，具有团队精神。 4、熟练掌握go/C++/JAVA语言至少一种； 5、扎实的数据仓库理论是实战经验，能够熟练的进行事实表、维度表、汇总表的ETL开发； 6、熟悉异构数据库间的增量获取方式和数据同步方式； 1、有分布式项目开发经验，熟悉Hadoop、spark、flink优先； 2、掌握数据仓库模型，有数据仓库开发、实施经验优先； 3、熟悉政务和金融行业数据开发者优先； 4、有大数据风控和信用评分系统经验者优先。,2026-03-14
大数据架构师,北京卓信智恒数据科技股份有限公司,武汉-江汉区,2-2.5万/月,武汉-江汉区 5-7年经验 本科 招1人 03-14发布,上市公司,150-500人,"计算机软件,通信/电信/网络设备",职位描述 1、负责公司大数据平台架构的技术选型和技术难点攻关工作； 2、依据行业数据现状和客户需求，完成行业大数据的特定技术方案设计与撰写； 3、负责研究跟进大数据架构领域新兴技术并在公司内部进行分享； 4、参与公司大数据项目的技术交流、解决方案定制以及项目的招投标工作； 5、参与公司大数据项目前期的架构设计工作； 任职要求： 1、计算机及相关专业本科以上，5年以上数据类项目（数据仓库、商务智能）实施经验，至少2年以上大数据架构设计和开发经验，至少主导过一个大数据平台项目架构设计； 2、精通大数据生态圈的技术，包括但不限于MapReduce、Spark、Hadoop、Kafka、Mongodb、Redis、Flume、Storm、Hbase、Hive，具备数据统计查询性能优化能力。熟悉星环大数据产品线及有过产品项目实施经验者优先； 3、优秀的方案撰写能力，思路清晰，逻辑思维强，能够根据业务需求设计合理的解决方案； 4、精通ORACLE、DB2、mySql等主流关系型数据库，熟悉数据仓库建设思路和数据分层架构思想； 5. 熟练掌握java、R、python等1-2门数据挖掘开发语言； 6. 熟悉云服务平台及微服务相关架构思想和技术路线，熟悉阿里云或腾讯云产品者优先； 7、有烟草或制造行业大数据解决方案售前经验者优先； 8、能适应售前支持和项目实施需要的短期出差；,2026-03-14
大数据架构师,北京卓信智恒数据科技股份有限公司,长沙-雨花区,2-2.5万/月,长沙-雨花区 招1人 03-14发布,上市公司,150-500人,"计算机软件,通信/电信/网络设备",职位描述 1、负责公司大数据平台架构的技术选型和技术难点攻关工作； 2、依据行业数据现状和客户需求，完成行业大数据的特定技术方案设计与撰写； 3、负责研究跟进大数据架构领域新兴技术并在公司内部进行分享； 4、参与公司大数据项目的技术交流、解决方案定制以及项目的招投标工作； 5、参与公司大数据项目前期的架构设计工作； 任职要求： 1、计算机及相关专业本科以上，5年以上数据类项目（数据仓库、商务智能）实施经验，至少2年以上大数据架构设计和开发经验，至少主导过一个大数据平台项目架构设计； 2、精通大数据生态圈的技术，包括但不限于MapReduce、Spark、Hadoop、Kafka、Mongodb、Redis、Flume、Storm、Hbase、Hive，具备数据统计查询性能优化能力。熟悉星环大数据产品线及有过产品项目实施经验者优先； 3、优秀的方案撰写能力，思路清晰，逻辑思维强，能够根据业务需求设计合理的解决方案； 4、精通ORACLE、DB2、mySql等主流关系型数据库，熟悉数据仓库建设思路和数据分层架构思想； 5. 熟练掌握java、R、python等1-2门数据挖掘开发语言； 6. 熟悉云服务平台及微服务相关架构思想和技术路线，熟悉阿里云或腾讯云产品者优先； 7、有烟草或制造行业大数据解决方案售前经验者优先； 8、能适应售前支持和项目实施需要的短期出差；,2026-03-14
大数据架构师,北京卓信智恒数据科技股份有限公司,北京-石景山区,2-2.5万/月,北京-石景山区 招1人 03-14发布,上市公司,150-500人,"计算机软件,通信/电信/网络设备",职位描述 1、负责公司大数据平台架构的技术选型和技术难点攻关工作； 2、依据行业数据现状和客户需求，完成行业大数据的特定技术方案设计与撰写； 3、负责研究跟进大数据架构领域新兴技术并在公司内部进行分享； 4、参与公司大数据项目的技术交流、解决方案定制以及项目的招投标工作； 5、参与公司大数据项目前期的架构设计工作； 任职要求： 1、计算机及相关专业本科以上，5年以上数据类项目（数据仓库、商务智能）实施经验，至少2年以上大数据架构设计和开发经验，至少主导过一个大数据平台项目架构设计； 2、精通大数据生态圈的技术，包括但不限于MapReduce、Spark、Hadoop、Kafka、Mongodb、Redis、Flume、Storm、Hbase、Hive，具备数据统计查询性能优化能力。熟悉星环大数据产品线及有过产品项目实施经验者优先； 3、优秀的方案撰写能力，思路清晰，逻辑思维强，能够根据业务需求设计合理的解决方案； 4、精通ORACLE、DB2、mySql等主流关系型数据库，熟悉数据仓库建设思路和数据分层架构思想； 5. 熟练掌握java、R、python等1-2门数据挖掘开发语言； 6. 熟悉云服务平台及微服务相关架构思想和技术路线，熟悉阿里云或腾讯云产品者优先； 7、有烟草或制造行业大数据解决方案售前经验者优先； 8、能适应售前支持和项目实施需要的短期出差；,2026-03-14
大数据培训工程师,南京牧信科技有限公司,杭州-滨江区,0.8-1.2万/月,杭州-滨江区 1年经验 大专 招若干人 03-14发布,民营公司,50-150人,"通信/电信/网络设备,通信/电信运营、增值服务",1、 负责院校客户大数据认证课程交付 2、根据数据和业务需求，建立数据分析规则或者模型，实现从数据中挖掘有价值的信息 3、 建设系统化的数据分析框架，将现有分析过程自动化，智能化 4、从事金融、安平、政务、教育等行业方向的咨询、数据挖掘技术培训工作 任职要求： 1、 熟练掌握SQL/python/java/R等至少一种编程能力，能够对数据进行清洗，预处理和统计分析 2、 有扎实的数理统计，及将理论运用于实践的能力 3、 有至少两年以上数据分析或数据研发或数据挖掘的实践经验，能够独立完成需求抽象，特征工程，数据清洗，数据分析，业务落地全过程。 4、 如果熟悉聚类、分类、图论、深度学习等算法模型者优先 5、 有很强的学习能力，对新技术有持续不断的兴趣，及很强的应用实践能力 6、 良好的语言沟通和表达能力，较强的自我驱动能力，英语沟通、讲解能力,2026-03-14
GIS数据工程师,南京众集思信息技术有限公司,南京-雨花台区,4.5-7千/月,南京-雨花台区 1年经验 大专 招若干人 03-14发布 地理信息系统 测绘工程,民营公司,50-150人,"计算机服务(系统、数据服务、维修),计算机软件",任职资格： 岗位职责：主要从事国土等相关方向的工作，内业为主 任职要求： 1.测绘工程、地理信息系统、土地资源管理、规划等相关专业； 2.从事过三调、土地变更、农建、卫片执法、不动产等国土方面项目优先； 3.熟悉ArcGIS、AutoCAD、CASS等测绘地理信息软件，能够熟练应用之处理测绘地理信息数据； 4.工作严谨仔细，责任心强，能够服从公司调度，能接收出差（江苏省内） 5、福利：年终奖丰厚、端午、中秋福利，生日福利，每年安排员工旅游一次、体检一次。,2026-03-14
ERP技术顾问/数据开发工程师(周末双休),合肥明源云软件有限公司,合肥-政务区,0.7-1万/月,合肥-政务区 1年经验 本科 招1人 03-14发布,上市公司,50-150人,"计算机软件,互联网/电子商务",工作内容： 1、根据客户业务需求、管理口径，梳理客户系统的数据逻辑，构建报表； 2、 根据业务场景，分析跨子系统的业务数据对接关系，评估接口需求的可行性； 3、 根据业务场景，分析各种历史数据的质量，制定或实现数据迁移工作； 4、定期对客户系统运行环境做检查和分析，识别潜在风险并推动改善。 岗位职责： 1、 本科及以上学历，计算机相关专业 2、 1年以上项目实施及售后维护相关经验； 3、 熟练掌握SQL语言，能够编写复杂报表；熟练掌握软件产品的数据库结构，能够将数据逻辑与业务逻辑对应；会数据迁移；会服务器相关知识； 4、有报表制作及维护经验，熟悉SQL； 5、 良好的沟通能力与团队合作能力 联系人：人力资源部 张小姐 联系电话：0551-65392817 15391982452 简历投递邮箱：hf-hr@mingyuanyun.com 公司地址：合肥市政务区潜山路与休宁路交叉口中侨中心c座503室（市政府对面）,2026-03-14
ERP技术顾问/数据开发工程师(周末双休),合肥明源云软件有限公司,合肥-政务区,0.7-1万/月,合肥-政务区 1年经验 本科 招1人 03-14发布,上市公司,50-150人,"计算机软件,互联网/电子商务",工作内容： 1、根据客户业务需求、管理口径，梳理客户系统的数据逻辑，构建报表； 2、 根据业务场景，分析跨子系统的业务数据对接关系，评估接口需求的可行性； 3、 根据业务场景，分析各种历史数据的质量，制定或实现数据迁移工作； 4、定期对客户系统运行环境做检查和分析，识别潜在风险并推动改善。 岗位职责： 1、 本科及以上学历，计算机相关专业 2、 1年以上项目实施及售后维护相关经验； 3、 熟练掌握SQL语言，能够编写复杂报表；熟练掌握软件产品的数据库结构，能够将数据逻辑与业务逻辑对应；会数据迁移；会服务器相关知识； 4、有报表制作及维护经验，熟悉SQL； 5、 良好的沟通能力与团队合作能力 联系人：人力资源部 张小姐 联系电话：0551-65392817 15391982452 简历投递邮箱：hf-hr@mingyuanyun.com 公司地址：合肥市政务区潜山路与休宁路交叉口中侨中心c座503室（市政府对面）,2026-03-14
高级数据工程师（金融方向）,重庆炬鑫企业管理咨询有限责任公司,重庆-渝北区,25-100万/年,重庆-渝北区 10年以上经验 本科 招2人 03-14发布,民营公司,少于50人,"专业服务(咨询、人力资源、财会),中介服务",1. 针对公司的供应链金融等信贷新业务，搭建数据团队、量化风控团队，并建立健全团队管理制度流程。 2. 协调集团的IT部门、第三方公司等资源，建设数据分析和量化风控全流程体系，设计和改进量化风控工具，制定基于数据的量化风险管理政策。 3. 培养数据分析和量化风控骨干，建设量化风控人才梯队，打造人员稳定、技术优良、战斗力强的量化风控队伍。 4. 为产品和业务组合的风险监控（包括流动性风险、风险在值、压力测试、市场风险、信用风险等）提供独立意见。 5. 执行集团的量化风控其他工作。 任职资格： 1. 35-45岁，数学、统计或相关专业全日制统招本科以上学历，硕士以上优先。 2. 八年以上工作经验，其中至少五年以上国内外大中型金融机构或风控项目咨询公司数据分析、量化风控相关岗位经历。经验、条件或能力等方面特别优异者可适当放宽。 3. 数据分析功底扎实，有很强的建模能力，熟悉量化策略和国内消费金融风险现状。 4. 有一定团队管理经验，能搭建和带领团队达成目标，培养团队能力。 5. 年富力强，能承受高强度的工作压力。 6、金融行业数据工程师、首席数据官、互联网金融数据决策等任职经历优先。,2026-03-14
大数据软件开发工程师,中国电子科技集团公司第十研究所,成都-金牛区,0.8-1.2万/月,成都-金牛区 3-4年经验 硕士 招5人 03-14发布,事业单位,1000-5000人,电子技术/半导体/集成电路,岗位职责：参与数据工程相关型号研发工作 任职要求：1、硕士及以上学历，熟悉hadoop、map、reduce、hbase、hive、storm、spark等大数据技术原理并至少有两年以上开发经历； 2、较好的编程基础，熟练掌握Java、Pathon等编程语言； 3、熟悉Spring MVC、SSM等J2EE框架者优先； 4、具有实时计算、图计算、全文检索经验者优先； 5、具有较强的分析解决问题能力以及优秀的逻辑思维能力，对有挑战的问题充满激情； 6、具有较强的沟通、协调、语言表达、理解等能力和团队合作能力。,2026-03-14
大数据平台架构师,中国电子科技集团公司第十研究所,成都-金牛区,0.8-1.2万/月,成都-金牛区 3-4年经验 硕士 招若干人 03-14发布,事业单位,1000-5000人,电子技术/半导体/集成电路,工作职责,2026-03-14
数据分析师,喜沃商品（中国）有限公司,杭州,0.6-1.5万/月,杭州 1年经验 本科 招2人 03-14发布 英语熟练,合资,50-150人,"互联网/电子商务,批发/零售","负责公司各项运营相关数据分析，对销售数据、管理数据进行分析 分析品牌消费者行为数据、品牌营销数据,熟悉国外主流社交媒体（Facebook,Youtube,,Twitter, Pinterest,Instagram...） 紧跟业务变化，在关键节点进行深入分析，为业务策略制定、效果评估和策略优化提供洞见； 对数据敏感，具有缜密的逻辑思维能力、数据洞察能力和沟通协调能力,能从海量数据提炼核心结果； 具有探索精神，从数据中发现问题和机会点以支持经营决策； 责任心强，细致认真，能承受较强的工作压力，热爱数据分析工作； 有海外留学，工作经验优先！",2026-03-14
数据分析师,喜沃商品（中国）有限公司,杭州,0.6-1.5万/月,杭州 1年经验 本科 招2人 03-14发布 英语熟练,合资,50-150人,"互联网/电子商务,批发/零售","负责公司各项运营相关数据分析，对销售数据、管理数据进行分析 分析品牌消费者行为数据、品牌营销数据,熟悉国外主流社交媒体（Facebook,Youtube,,Twitter, Pinterest,Instagram...） 紧跟业务变化，在关键节点进行深入分析，为业务策略制定、效果评估和策略优化提供洞见； 对数据敏感，具有缜密的逻辑思维能力、数据洞察能力和沟通协调能力,能从海量数据提炼核心结果； 具有探索精神，从数据中发现问题和机会点以支持经营决策； 责任心强，细致认真，能承受较强的工作压力，热爱数据分析工作； 有海外留学，工作经验优先！",2026-03-14
大数据工程师,广州谷沃信息科技有限公司,厦门,1-2.5万/月,厦门 招1人 03-14发布,民营公司,150-500人,"计算机软件,金融/投资/证券","==职责范围： 1、负责银行大数据方面的项目研发 2、熟悉基于大数据平台的的etl开发， 3、熟悉hadoop下的hue,hive,impala等组件的使用 岗位要求： 1、本科以上学历，统计、数学、计算机等相关专业； 2、2年以上互联网或银行业工作经验； 3、执行力与推动能力强，对数据敏感，逻辑缜密，责任心强，良好的沟通表达能力； 4、熟悉Java开发，有数据库设计、建模、优化的工作经验。有数仓开发经验者优先； 5、正直，细心，认真，具有良好的团队合作意识；思路敏捷，沟通能力强，责任心强，能独立完成工作；有较强的学习能力和上进心； 6、有丰富的数据处理工作经验，熟悉主流数据库，oracle/mysql/postgresql等。",2026-03-14
高级数据开发工程师,广州谷沃信息科技有限公司,厦门,1-2.5万/月,厦门 招2人 03-14发布,民营公司,150-500人,"计算机软件,金融/投资/证券",==职责范围： 1、计算机/电子/数学类相关专业本科以上学历，6年以上工作经验； 2、有金融行业BI项目开发实施经验，有银行类项目经验者优先； 3、 3年以上ETL开发经验，有Data Mapping经验者优先； 4、熟悉数据仓库各类建模理论，以及数据仓库数据层级关系，有维度建模的经验; 5、精通至少一种大型数据库系统例如：Oracle、DB2等；精通SQL编程，有较好的SQL性能调优经验; 6、具备良好的逻辑分析能力和系统思维能力，良好的团队沟通能力。 ==岗位要求： 1.负责业务系统数据源的调研分析，出具数据质量分析报告； 2.负责数据类项目的ETL设计及开发工作； 3.协助对用户提出的BI类需求进行需求调研和分析，梳理报表、指标和维度信息； 4.对业务需求从技术实现、业务模型、开发测试等方面进行综合分析，并进行系统原型设计，协助完成需求评估和计划； 5.指导和协助团队内其他成员，共同建立和维护数据类项目开发工作的流程、规范和方法。,2026-03-14
数据分析师,广州谷沃信息科技有限公司,厦门,2-2.5万/月,厦门 8-9年经验 本科 招2人 03-14发布 英语良好 计算机科学与技术 计算机科学,民营公司,150-500人,"计算机软件,金融/投资/证券",1、参与数据统计分析工作； 2、参与数据整合加工处理工作； 3、负责数据实施过程需求分析、数据模型设计、数据架构设计等工作； 4、协助数据测试验证工作； 职位要求： 1. 计算机及相关专业本科毕业； 2. 8年以上数据项目平台经验，在数据分析、数据挖掘有丰富的经验，精通数据仓库技术； 3. 熟悉面向数据仓库和数据集市的数据建模技术和工具； 4. 熟练掌握SQL语言，熟悉oracle、mysql数据库的使用， 5. 熟悉UNIX/LINUX 系统操作； 6. 熟悉SHELL、Perl编程； 7. 熟悉建总行数据仓库者或者ETL工作经验优先。 7. 从事数据分析工作3年以上，具备良好的沟通能力。,2026-03-14
数据工程师,广州谷沃信息科技有限公司,南宁,6-8千/月,南宁 2年经验 大专 招1人 03-14发布,民营公司,150-500人,"计算机软件,金融/投资/证券",1. 参与数据分析/管理类业务的数据建模、系统实现和业务分析； 2. 参与数据库设计与相关的程序开发工作； 3. 独立完成ETL过程的设计与实现。 == 任职资格 1. 计算机/电子/数学类相关专业大专以上学历；2年以上BI开发经验； 2. 良好的数据库理论基础，有至少一种数据库系统开发经验； 3. 至少使用过一种BI平台和一种ETL工具； 4. 良好的自学能力和自律能力； 5. 良好的沟通能力和交付能力。,2026-03-14
初级数据工程师,广州谷沃信息科技有限公司,上海-浦东新区,0.9-1.2万/月,上海-浦东新区 2年经验 本科 招1人 03-14发布,民营公司,150-500人,"计算机软件,金融/投资/证券",1. 参与数据分析/管理类业务的数据建模、系统实现和业务分析； 2. 参与数据库设计与相关的程序开发工作； 3. 独立完成ETL过程的设计与实现。 == 任职资格 1. 计算机/电子/数学类相关专业本科以上学历； 2. 良好的数据库理论基础，有至少一种数据库系统开发经验； 3. 至少使用过一种BI平台和一种ETL工具； 4. 良好的自学能力和自律能力； 5. 良好的沟通能力和交付能力。,2026-03-14
大数据开发工程师,广州谷沃信息科技有限公司,厦门,1.2-2.5万/月,厦门 3-4年经验 本科 招10人 03-14发布 英语良好 计算机科学与技术 软件工程,民营公司,150-500人,"计算机软件,金融/投资/证券",== 工作职责 1. 负责大数据类项目的技术攻关和研发工作，涉及技术包括但不限Hadoop平台类工具、Spark、Kafka、GoldenGate、IBM MQ和内存数据库等； 2. 负责数据类项目的ETL设计及开发工作； 3. 负责业务系统数据源的调研分析，出具数据质量分析报告； 4. 对软件需求从技术实现、业务模型、开发测试等方面进行综合分析，并进行系统原型设计，协助完成需求评估和计划； 5. 指导和协助团队内其他成员，共同建立和维护数据类项目开发工作的流程、规范和方法。 == 任职要求 1. 计算机/电子/数学类相关专业本科以上学历，3年以上工作经验； 2. 3年以上ETL开发设计经验/数据类项目实施经验； 3. 熟悉Oracle数据库系统，有相关系统的部署或运维经验，了解Oracle CDC相关的数据复制工具； 4. 了解hadoop/spark/kafka等相关大数据技术，有此类技术实践经验者优先; 5. 学习领悟能力强，能快速掌握新技术并运用于实践； 6. 具备良好的逻辑分析能力和系统思维能力，良好的团队沟通能力。,2026-03-14
数据开发工程师,广州谷沃信息科技有限公司,厦门,1-2万/月,厦门 3-4年经验 本科 招10人 03-14发布 英语熟练 计算机科学与技术 软件工程,民营公司,150-500人,"计算机软件,金融/投资/证券",工作职责： 1、参与ETL开发工作； 2、参与数据整合加工处理工作； 3、负责数据实施过程数据管理、数据提取、数据服务等工作； 4、协助数据测试验证工作； 职位要求： 1. 计算机及相关专业本科毕业； 2. 具备数据库、数据仓库、大数据理论基础； 3. 熟悉Oracle、Greenplum、Teradata等主流数据库； 4. 熟悉UNIX/LINUX 系统操作； 5. 熟悉SHELL、Perl编程； 6. 熟悉银行业务，有金融行业开发经验优先； 7. 从事ETL开发工作2年以上，具备良好的沟通能力。,2026-03-14
数据分析工程师,安克创新科技股份有限公司,长沙-岳麓区,1.2-1.8万/月,长沙-岳麓区 3-4年经验 本科 招2人 03-14发布,民营公司,500-1000人,"互联网/电子商务,电子技术/半导体/集成电路",工作职责： 1. 数据资产、全域用户画像的梳理、分析、应用的策划者； 2. 具备商业意识，通过数据分析手段，描述业务特征，结合市场行业状况，发现业务瓶颈并给出行动建议，以推动业务发展； 3. 和业务紧密合作，致力于业务精准拉新促活、提升流量变现效率，会员生命周期运营等提供支持； 4. 理解业务和用户需求、理解数据背后的用户行为和商业意义，策划用户画像、跨域用户行为特征、标签； 任职要求： 1. 3-5年或以上互联网数据分析/挖掘/数据产品相关工作经验，电商相关领域***； 2. 产品和用户角度思维、熟悉从用户需求到产品方案的整个思考模式，有独特见解； 3. 具备大数据的处理能力，掌握hive、hadoop、SQL等相关数据提取工具，熟练操作数据分析工具； 4. 具备较强的编程能力，熟练掌握Python/R/Java/Ruby/Node/Go中最少二门编程语言； 5. 良好的数据敏感度，能从海量数据提炼核心结果；有丰富的数据分析经验，具备数据挖掘建模经验； 6. 具备良好的沟通能力和团队精神，有独立开展分析研究并对业务产生重大影响的项目经验。,2026-03-14
数据开发工程师,安克创新科技股份有限公司,长沙-岳麓区,1-1.5万/月,长沙-岳麓区 5-7年经验 本科 招若干人 03-14发布,民营公司,500-1000人,"互联网/电子商务,电子技术/半导体/集成电路",1、负责公司大数据平台的规划与技术架构，并推进大数据项目的系统落地实施 2，负责大数据分析行业洞察，方向把控，以及在大数据分析领域极具竞争力的路径规划 3，与产品、业务团队深入合作，形成具有前瞻性的大数据能力并对业务形成强支撑 4，搭建分布式的海量数据处理平台，通过数据平台不断的创造数据的价值 5，主导开展大数据分析模型的建立、应用及监控，制定大数据领域的技术规范和推广使用 6，指导和培养大数据工程师来完成数据清洗、数据建模等大数据平台相关开发工作 7、持续提升团队的技术氛围和技术能力； 8、负责团队的建设及管理； 岗位要求： 1，具备6年以上大数据相关工作经验，3年以上大数据架构师经验，电商行业相关工作经验优先 2，精通大数据平台的架构设计、构建、优化与运维，有大数据团队管理、项目管理经验者优先 3，精通大数据相关的开源组件，如Hadoop、Hbase、Hive、ES、Kafka、Spark等；对技术富有钻研精神，有AWS云端大数据处理经验者更优 4，熟练使用Linux，shell脚本，熟悉大数据平台的搭建部署、调优、故障诊断、运行维护，有Python、Ruby或者R语言开发经验者者优先考虑 5，逻辑分析能力强，善于沟通，有良好的沟通能力和团队合作能力 6.具备技术团队管理的能力，具有良好的沟通与协作能力、需求理解与分析能力 7. 有5年以上团队管理经验 8.有极强的创业精神、坚韧乐观，善于专研新技术,2026-03-14
大数据架构师,安克创新科技股份有限公司,长沙-岳麓区,1.3-1.8万/月,长沙-岳麓区 5-7年经验 本科 招1人 03-14发布,民营公司,500-1000人,"互联网/电子商务,电子技术/半导体/集成电路",1、负责公司大数据平台的规划与技术架构，并推进大数据项目的系统落地实施 2，负责大数据分析行业洞察，方向把控，以及在大数据分析领域极具竞争力的路径规划 3，与产品、业务团队深入合作，形成具有前瞻性的大数据能力并对业务形成强支撑 4，搭建分布式的海量数据处理平台，通过数据平台不断的创造数据的价值 5，主导开展大数据分析模型的建立、应用及监控，制定大数据领域的技术规范和推广使用 6，跟进业界前沿的数据技术，深入研究大数据相关的技术和产品，推动数据平台的不断发展 7，指导和培养大数据工程师，完成数据清洗、数据建模等大数据平台相关开发工作 岗位要求： 1，具备5年以上大数据相关工作经验，3年以上大数据架构师经验，电商行业相关工作经验优先 2，精通大数据平台的架构设计、构建、优化与运维，有大数据团队管理、项目管理经验者优先 3，精通大数据相关的开源组件，如Hadoop、Hbase、Hive、ES、Kafka、Spark等；对技术富有钻研精神，有AWS云端大数据处理经验者更优 4，熟练使用Linux，shell脚本，熟悉大数据平台的搭建部署、调优、故障诊断、运行维护，有Python、Ruby或者R语言开发经验者者优先考虑 5，逻辑分析能力强，善于沟通，有良好的沟通能力和团队合作能力,2026-03-14
数据分析师（周末双休+高提成）,广东兆丰恒业控股集团有限公司,广州-天河区,6-8千/月,广州-天河区 无需经验 大专 招5人 03-14发布,民营公司,150-500人,金融/投资/证券,1、对金融经济知识感兴趣，希望踏足金融圈的； 2、对金融行业感兴趣、金融专业以及具有操作经验者优先考虑； 3、有较强的学习能力，公司提供完善免费的交易培训； 4、有求知欲，有集体荣誉感，有上进心，有赚钱的信心和欲望； 5、有冷静的头脑与不被别人影响的判断力，能够坚持己见。 岗位职责： 1.定期整理交易数据，向上级领导账户分析结果； 2.按照要求进行技术和基本面规律的分析，进行数据的搜集及整理； 3.严格执行公司各项制度，配合部门领导有关工作； 4.负责为客户提供完善的理财计划及信息咨询； 5.遵守公司的各项管理制度，承办领导交办的其他工作。 公司福利： 1、接受想转行、无经验或应届毕业生。公司有成熟完善的培训体系，全方位的培训内容，为您提供免费岗前培训。 2、按月评比优秀员工，给予通报表彰。 3、丰富的企业文化活动，篮球赛、羽毛球、台球等；年度旅游活动（由各分公司自行安排）。 4、年假15天，提前回家过春节！法定节假日正常放假，节假日各种礼品。 5、工作时间：周一至周五 上午9:30-12:00，下午14:00-18:00，双休（不加班） 6、我们的工作是每天接触高端金融、互联网人才，你的圈子从此大不同。 8、底薪+高额提成+奖金（优越者年薪二十万以上） 一经录用，公司将提供全套完善的金融专业知识及技能培训，并提供畅通公平的晋升空间；,2026-03-14
大数据工程师助理/双休,深圳深国交投资发展有限公司,深圳-宝安区,6-8千/月,深圳-宝安区 在校生/应届生 大专 招3人 03-14发布,民营公司,50-150人,"计算机软件,计算机服务(系统、数据服务、维修)",岗位要求： 1、大专全日制以上学历，数学类专业优先； 2、对数据敏感，学习能力，沟通表达能力强； 3、经验不限，热爱互联网行业的有志青年； 4、前期有部门经理带，可提高自己的技术，积累工作经验。 福利待遇： 1、5天8小时制上班时间，周末双休，可提供住宿； 2、缴纳养老保险金、医疗保险金、大病保险金，失业保险金，生育保险金，工伤保险金； 3、每月绩效奖金、项目奖金、年终奖金，一切靠实力吃饭； 4、每季一次公费出游，世界那么大，我们一起去看看 5、每月一次员工专属生日趴，水果蛋糕礼物，节日礼物； 6、人性化管理，享受国家规定的带薪年假、各种节假日； 7、为员工提供广阔的职业发展平台与晋升空间，半年一次内部晋升机会；,2026-03-14
数据分析师,上海海狮龙生化技术有限公司（可贝尔）,上海,6-9千/月,上海 1年经验 大专 招1人 03-14发布,合资,500-1000人,"快速消费品(食品、饮料、化妆品),美容/保健",工作内容： 1、负责新媒体广告投放效果分析工作，重点针对广告平台的人群行为属性等多种维度的评估分析，不断提升广告投放效果； 2、负责合作广告平台（抖音、快手、百度、腾讯等）的流量模型及其规则分析； 3、负责指定广告平台的广告计划优化分析； 4、负责广告平台各种销售日报、月服的处理； 5、完成上级领导交办的其他工作。 岗位要求： 1、数学、统计、应用数学、广告营销等相关专业本科以上学历； 2、有良好的沟通技巧与语言表达能力； 3、对数据有较好的敏感性，有较强的归纳总结能力； 4、熟练操作office软件，熟练掌握EXCEL表的大部分统计功能。,2026-03-14
DBA大数据开发,深圳易刷通网络科技有限公司,杭州-西湖区,2-5万/月,杭州-西湖区 3-4年经验 大专 招若干人 03-14发布,民营公司,50-150人,"计算机软件,互联网/电子商务",1、负责公司数据库产品的架构设计与优化； 2、负责数据库运维标准化，规范化、产品化和智能化； 3、负责数据中心的设计与搭建，以及后续的升级与扩容； 4、配合公司产品和项目需求改进数据库架构，对数据库设计进行评审； 5、负责数据库日常维护、可用性监控、优化备份、容量规划、故障诊断和排除、数据迁移、扩容等； 6、跟进研究数据库领域新的技术和理论并进行工程性验证； 任职要求：1、大专及以上学历，计算机或相关专业； 2、5年以上数据库相关研发运维经验； 3、精通C/C++、Linux环境编程、TCP/IP协议栈； 4、对MySQL数据库从SQL解析、优化、执行到存储引擎的整体架构有丰富的理论知识和工程实践经验； 5、对数据库的高可用架构有丰富的工程实践经验，有大规模分布式存储系统的设计经验者优先； 6、熟练掌握NoSQL技术（如Redis、MongoDB等），具有集群架构搭建、性能优化和监控等生产运维经验； 7、在分布式数据库、NoSQL、数据仓库中一个或多个领域有丰富经验者优先； 8、具有良好的学习能力、沟通能力、团队合作意识； 9、强烈的责任心与主动性，对所负责工作有owner意识，并能自我驱动成长。,2026-03-14
DBA大数据开发,深圳易刷通网络科技有限公司,广州-天河区,2-5万/月,广州-天河区 3-4年经验 大专 招若干人 03-14发布,民营公司,50-150人,"计算机软件,互联网/电子商务",1、负责公司数据库产品的架构设计与优化； 2、负责数据库运维标准化，规范化、产品化和智能化； 3、负责数据中心的设计与搭建，以及后续的升级与扩容； 4、配合公司产品和项目需求改进数据库架构，对数据库设计进行评审； 5、负责数据库日常维护、可用性监控、优化备份、容量规划、故障诊断和排除、数据迁移、扩容等； 6、跟进研究数据库领域新的技术和理论并进行工程性验证； 任职要求：1、大专及以上学历，计算机或相关专业； 2、5年以上数据库相关研发运维经验； 3、精通C/C++、Linux环境编程、TCP/IP协议栈； 4、对MySQL数据库从SQL解析、优化、执行到存储引擎的整体架构有丰富的理论知识和工程实践经验； 5、对数据库的高可用架构有丰富的工程实践经验，有大规模分布式存储系统的设计经验者优先； 6、熟练掌握NoSQL技术（如Redis、MongoDB等），具有集群架构搭建、性能优化和监控等生产运维经验； 7、在分布式数据库、NoSQL、数据仓库中一个或多个领域有丰富经验者优先； 8、具有良好的学习能力、沟通能力、团队合作意识； 9、强烈的责任心与主动性，对所负责工作有owner意识，并能自我驱动成长。,2026-03-14
DBA大数据开发,深圳易刷通网络科技有限公司,上海-浦东新区,2-5万/月,上海-浦东新区 3-4年经验 大专 招若干人 03-14发布,民营公司,50-150人,"计算机软件,互联网/电子商务",1、负责公司数据库产品的架构设计与优化； 2、负责数据库运维标准化，规范化、产品化和智能化； 3、负责数据中心的设计与搭建，以及后续的升级与扩容； 4、配合公司产品和项目需求改进数据库架构，对数据库设计进行评审； 5、负责数据库日常维护、可用性监控、优化备份、容量规划、故障诊断和排除、数据迁移、扩容等； 6、跟进研究数据库领域新的技术和理论并进行工程性验证； 任职要求：1、大专及以上学历，计算机或相关专业； 2、5年以上数据库相关研发运维经验； 3、精通C/C++、Linux环境编程、TCP/IP协议栈； 4、对MySQL数据库从SQL解析、优化、执行到存储引擎的整体架构有丰富的理论知识和工程实践经验； 5、对数据库的高可用架构有丰富的工程实践经验，有大规模分布式存储系统的设计经验者优先； 6、熟练掌握NoSQL技术（如Redis、MongoDB等），具有集群架构搭建、性能优化和监控等生产运维经验； 7、在分布式数据库、NoSQL、数据仓库中一个或多个领域有丰富经验者优先； 8、具有良好的学习能力、沟通能力、团队合作意识； 9、强烈的责任心与主动性，对所负责工作有owner意识，并能自我驱动成长。,2026-03-14
DBA大数据开发,深圳易刷通网络科技有限公司,北京-海淀区,2-5万/月,北京-海淀区 3-4年经验 大专 招若干人 03-14发布,民营公司,50-150人,"计算机软件,互联网/电子商务",1、负责公司数据库产品的架构设计与优化； 2、负责数据库运维标准化，规范化、产品化和智能化； 3、负责数据中心的设计与搭建，以及后续的升级与扩容； 4、配合公司产品和项目需求改进数据库架构，对数据库设计进行评审； 5、负责数据库日常维护、可用性监控、优化备份、容量规划、故障诊断和排除、数据迁移、扩容等； 6、跟进研究数据库领域新的技术和理论并进行工程性验证； 任职要求：1、大专及以上学历，计算机或相关专业； 2、5年以上数据库相关研发运维经验； 3、精通C/C++、Linux环境编程、TCP/IP协议栈； 4、对MySQL数据库从SQL解析、优化、执行到存储引擎的整体架构有丰富的理论知识和工程实践经验； 5、对数据库的高可用架构有丰富的工程实践经验，有大规模分布式存储系统的设计经验者优先； 6、熟练掌握NoSQL技术（如Redis、MongoDB等），具有集群架构搭建、性能优化和监控等生产运维经验； 7、在分布式数据库、NoSQL、数据仓库中一个或多个领域有丰富经验者优先； 8、具有良好的学习能力、沟通能力、团队合作意识； 9、强烈的责任心与主动性，对所负责工作有owner意识，并能自我驱动成长。,2026-03-14
DBA大数据开发,深圳易刷通网络科技有限公司,西安-新城区,2-5万/月,西安-新城区 3-4年经验 大专 招若干人 03-14发布,民营公司,50-150人,"计算机软件,互联网/电子商务",1、负责公司数据库产品的架构设计与优化； 2、负责数据库运维标准化，规范化、产品化和智能化； 3、负责数据中心的设计与搭建，以及后续的升级与扩容； 4、配合公司产品和项目需求改进数据库架构，对数据库设计进行评审； 5、负责数据库日常维护、可用性监控、优化备份、容量规划、故障诊断和排除、数据迁移、扩容等； 6、跟进研究数据库领域新的技术和理论并进行工程性验证； 任职要求：1、大专及以上学历，计算机或相关专业； 2、5年以上数据库相关研发运维经验； 3、精通C/C++、Linux环境编程、TCP/IP协议栈； 4、对MySQL数据库从SQL解析、优化、执行到存储引擎的整体架构有丰富的理论知识和工程实践经验； 5、对数据库的高可用架构有丰富的工程实践经验，有大规模分布式存储系统的设计经验者优先； 6、熟练掌握NoSQL技术（如Redis、MongoDB等），具有集群架构搭建、性能优化和监控等生产运维经验； 7、在分布式数据库、NoSQL、数据仓库中一个或多个领域有丰富经验者优先； 8、具有良好的学习能力、沟通能力、团队合作意识； 9、强烈的责任心与主动性，对所负责工作有owner意识，并能自我驱动成长。,2026-03-14
DBA大数据开发,深圳易刷通网络科技有限公司,异地招聘,2-5万/月,广州-天河区 3-4年经验 大专 招若干人 03-14发布,民营公司,50-150人,"计算机软件,互联网/电子商务",1、负责公司数据库产品的架构设计与优化； 2、负责数据库运维标准化，规范化、产品化和智能化； 3、负责数据中心的设计与搭建，以及后续的升级与扩容； 4、配合公司产品和项目需求改进数据库架构，对数据库设计进行评审； 5、负责数据库日常维护、可用性监控、优化备份、容量规划、故障诊断和排除、数据迁移、扩容等； 6、跟进研究数据库领域新的技术和理论并进行工程性验证； 任职要求：1、大专及以上学历，计算机或相关专业； 2、5年以上数据库相关研发运维经验； 3、精通C/C++、Linux环境编程、TCP/IP协议栈； 4、对MySQL数据库从SQL解析、优化、执行到存储引擎的整体架构有丰富的理论知识和工程实践经验； 5、对数据库的高可用架构有丰富的工程实践经验，有大规模分布式存储系统的设计经验者优先； 6、熟练掌握NoSQL技术（如Redis、MongoDB等），具有集群架构搭建、性能优化和监控等生产运维经验； 7、在分布式数据库、NoSQL、数据仓库中一个或多个领域有丰富经验者优先； 8、具有良好的学习能力、沟通能力、团队合作意识； 9、强烈的责任心与主动性，对所负责工作有owner意识，并能自我驱动成长。,2026-03-14
DBA大数据开发,深圳易刷通网络科技有限公司,深圳-福田区,2-5万/月,深圳-福田区 3-4年经验 大专 招若干人 03-14发布,民营公司,50-150人,"计算机软件,互联网/电子商务",1、负责公司数据库产品的架构设计与优化； 2、负责数据库运维标准化，规范化、产品化和智能化； 3、负责数据中心的设计与搭建，以及后续的升级与扩容； 4、配合公司产品和项目需求改进数据库架构，对数据库设计进行评审； 5、负责数据库日常维护、可用性监控、优化备份、容量规划、故障诊断和排除、数据迁移、扩容等； 6、跟进研究数据库领域新的技术和理论并进行工程性验证； 任职要求：1、大专及以上学历，计算机或相关专业； 2、5年以上数据库相关研发运维经验； 3、精通C/C++、Linux环境编程、TCP/IP协议栈； 4、对MySQL数据库从SQL解析、优化、执行到存储引擎的整体架构有丰富的理论知识和工程实践经验； 5、对数据库的高可用架构有丰富的工程实践经验，有大规模分布式存储系统的设计经验者优先； 6、熟练掌握NoSQL技术（如Redis、MongoDB等），具有集群架构搭建、性能优化和监控等生产运维经验； 7、在分布式数据库、NoSQL、数据仓库中一个或多个领域有丰富经验者优先； 8、具有良好的学习能力、沟通能力、团队合作意识； 9、强烈的责任心与主动性，对所负责工作有owner意识，并能自我驱动成长。,2026-03-14
金融数据分析师（双休+高佣金）,广东兆丰恒业控股集团有限公司,广州-天河区,0.8-1.2万/月,广州-天河区 1年经验 本科 招5人 03-14发布,合资,150-500人,"金融/投资/证券,互联网/电子商务",公司致力于为年轻人提供一个实现自我提升的平台 在这里，你要对自己的能力有足够的自信， 在这里，你要相信凭借自己的努力可以获得自己想要的未来！ 在这里，只要你认为自己够优秀，只要你有梦想，有野心，欢迎你加入我们的团队！ 在这里，你不会感觉怀才不遇。 在这里，若你是千里马，我们便是你的伯乐！ 在这里，学历决定你在求学阶段的高度，能力决定你在求职阶段的高度。 在这里，你是新人我们将给你系统全面的培训和学习。 现在就请加入我们，一起开创属于你的梦想新时代！ 【工作职责】 1、负责为公司处理客户的相关工作，并协助经理的工作事务 2、负责为客户提供外汇理财咨询、建议服务， 制定相应的投资组合和策略 3、负责保持与客户沟通联系，为客户提供金融分析软件以及售后工作 4、负责为客户提供完善的理财计划及信息咨询 5、负责根据客户的委托，帮助客户实施理财计划 6、学习跟踪宏观经济发展动态，研究国际金融业的发展趋势及走向 7、有数据分析、统计的细心和耐心，思维敏锐，对数字敏感 【任职资格】 1、年龄20-30岁，本科以上学历，有管理能力者/优秀应届毕业生/有行业经验者优先 2、敢想，敢做，有野心挑战高薪的你欢迎加入 3、热爱互联网金融，对金融行业未来前景有清晰的认识，并愿意扎根下去 4、公司提供全方位培训，提供无限晋升发展舞台 5、良好的工作态度、良好的团队协作能力，能承受一定的工作压力 【薪酬待遇】 1、一经录用，公司将提供全套完善的金融专业知识及技能培训，并提供畅通公平的晋升空间； 2、上班时间：周一至周五，早上9：00-12:00下午14:00-18：00；周末双休；享受国家公共假期。 3、底薪+高提成+奖金+利润分红 职业前景：每名雇员都会得到重视，通过不断的学习和努力，每个人都将拥有广阔的职业发展空间。 个人与职业道德：我们希望所有雇员都要遵守高度的个人与职业道德。 工作环境：舒适的办公环境，良好的工作氛围，互帮互助的学习热潮，公司有冰箱，微波炉，方便我们的同仁。 职位培训：优秀的导师，资深的专业人士，定期提供给您多种技术培训，助您自我提高实战投资技能。 薪酬福利：具有业界竞争力的薪酬和各种福利。底薪＋高佣金+丰厚奖金＋职位晋升＋季度旅游＋年终业绩分红。优秀员工可直接派 往各分公司担任高管，负责分公司全面工作，工作优异的员工或管理人员将会享有派往华尔街总部学习进修的机会。 晋升机制：我们提供规范的员工晋升机制，以及人才选拔和培养机制。 ※特别声明： 1、请求职人员认真阅读本公司招聘介绍，如本公司职位与您的职业生涯规划相符，欢迎应聘。 2、聘用职位性别不限，一经录用，公司将提供免费岗前培训及晋升机会。 3、请勿重复投简历，否则将会对你的录用带来不便。,2026-03-14
数据分析师（CEO亲自培养+8k起）,萌牙家电动牙刷,宁波,1.2-1.5万/月,宁波 无需经验 本科 招3人 03-14发布,民营公司,50-150人,互联网/电子商务,【请仔细阅读招聘信息，理解招聘内容，并确认工作意向后，再投简历，谢谢！】 岗位设定：业务参谋、经营策略研究 岗位性质：偏运营、商务分析方向，大数据等涉及不多 工作目标：做好广告投放的风险控制，帮助业务人员实现业绩目标，对业绩负责 岗位需求原因：公司发展迅速，团队扩张 （都是硬性要求！）： 我们欢迎能够和我们有共同信念的你加入，迎接挑战以及分享成长过程中的快乐以及痛苦！ 我们不墨守成规，我们勇于创新，勇于挑战，为每个人的口腔健康做出我们的一份努力和贡献！,2026-03-14
数据分析师/广告优化师（商务风控方向）,萌牙家电动牙刷,宁波,1.2-1.5万/月,宁波 在校生/应届生 本科 招5人 03-14发布,民营公司,50-150人,互联网/电子商务,"萌牙家自2015年成立，始终坚持打造高质量团队，目前80%以上的员工均是重点高校毕业，有较强的学习能力，钻研精神，在大家的团结奋斗下2020年预计全年营业额达200000000。现有天猫、淘宝、京东、小红书等多家店铺，线上为主，线下辅助的商业模式；后续将拓展洁面仪、冲牙器等多产品体系，现发展劲头已吸引多方风投关注及接洽。我们将继续秉持理念，不忘初心，励志成为让中国人骄傲的国际品牌。 岗位设定：新媒体广告投放业务合作伙伴、业务参谋、经营策略研究 岗位性质：偏商务分析方向，大数据等涉及不多，社交媒体分析为主 工作目标：做好新媒体广告投放的风险控制，帮业务人员实现业绩目标，探索新的运营模式 岗位需求原因：公司发展迅速，团队扩张，寻求更加先进的运营模式 岗位职责： 1、建立健全新媒体广告投放数据分析体系，现状：基础数据健全、体系指标不完善； 2、选择合适的评价维度，帮助业务人员进行合作达人的质量评估和风险预测，对结果负责； 3、关注微博、公众号、小红书、B站等平台的动态，分析平台和推文、视频特点，并及时调整营销方案； 4、加分项：熟悉数据库的搭建和应用、熟练使用python、精通建模； 任职要求 ： 1、985/211学历，对微博、公众号、小红书、B站的运营模式有深度认知优先； 2、具有非常强的学习能力和自我提升意愿，能够做到每月 以上的阅读量； 3、对自己严格要求，强烈希望可以在工作上有所建树，敢拼敢做，并愿意为此 萌牙的价值观：不断学习、艰苦奋斗、团队合作、乐于助人！ 我们员工的工资和学习成果相关，你的待遇和你的成长速度成正比！ 萌牙的信念：让每个人的口腔更健康，为生活展露健康自信的微笑！ 萌牙的用人标准： 价值观是我们的***用人标准！ 我们将一直强调身体和思想上同步的艰苦奋斗，努力学习知识，学习他人，不断反思自己，纠正自己，从而有所创新，有所进取！ 高压下的鞭策和成长，是我们对待每一位战友的态度和期许！ 我们欢迎所有有抱负、有野心，脚踏实地，能为自己的梦想而付出足够的努力和行动的人同我们一起奋斗、一起成长！ 我们重视承诺，言出必行，对于弄虚作假、言而无实的情况零容忍！ 1、有竞争力的薪酬体系！我们正不断创造更高薪资的可能性！ ！我们崇尚梯度工资，提供多次调薪机会，你的付出一定和你的收获成正比！ 2、广阔的发展空间！优先考虑内部晋升，你的舞台足够大！ 3、有趣、有挑战性的工作内容！初创型企业，期待你从0到1，从1到100的创造力！我们反对一成不变、枯燥死循环的工作模式，只要你敢想敢做勇于奋斗，你施展的平台无限广！ 4、轻松愉悦的工作氛围！90后团队，扁平管理，弹性工作，自由办公，可以让你轻松融入，给你温暖，教你技能，伴你成长！ 5、看不完的书！每月不限量购书，帮助你提升知识面，进一步提高工作能力。公司分学习小组，让你在学习路上不孤单，也享受学习竞赛带来的乐趣！ 6、培训体系！虽然还不够完善，但一直在不断完善，只为你能够有更高的工作效率,也会为你提供良好的职业规划建议！ 7、冰箱、微波炉、吧台，全天开放的餐厅；花茶、咖啡、零食，豪华丰盛的下午茶，还有阳光房和运动器材！希望给你紧张的工作带来一些帮助！ 8、其他：双休、带薪年假、节假日福利（不限法定）、生日惊喜、团建活动、业绩奖励......应有尽有！ 我们欢迎能够和我们有共同信念的你加入，迎接挑战以及分享成长过程中的快乐以及痛苦！ 我们不墨守成规，我们勇于创新，勇于挑战，为每个人的口腔健康做出我们的一份努力和贡献！ 联系电话：0574-88232352 公司地址：浙江省宁波市鄞州区前河南路88号1802室 公交路线： 102路、115路、118路、177路东环线、177路西环线、196路、206夜间线、366路到市泌尿***病医院下车向南过十字路口后向南100米（农业银行处） 101路、107路、108路、109路、153路、159路、363路、368路、627路、660路、692路、902路到鄞州二院下车穿过鄞州商会向东20米（篮球场东侧） 我们，诚挚邀请拥有共同价值观，有梦想、有激情的新伙伴加入，我们会帮助你一起努力，一起奋斗，一起加油，一起实现彼此共同的梦想，共同实现彼此的健康幸福、职业幸福、财富幸福、社交幸福、社会归属感幸福！共同领略人生路上这一段最美的风景！",2026-03-14
工业数据治理工程师,上海电气集团数字科技有限公司,上海-徐汇区,20-30万/年,上海-徐汇区 3-4年经验 本科 招2人 03-14发布,国企,150-500人,"计算机软件,互联网/电子商务",本岗位根据业务需求，在大数据平台上提供数据工程、数据管理服务，包括数据建模，数据接入，数据集成和数据转换、治理，梳理原始数据等工作。以及相关的数据库，数据仓库维护工作 本科以上学历，计算机或相关专业，3年以上工作经验，工科背景数据计算机亦可。 熟悉Linux操作系统，熟练掌握脚本语言和SQL，熟悉Python，熟悉JAVA开发； 具备数据库设计基础，至少熟悉实时数据库或非结构化数据库的一种，有Hadoop工作经验，熟悉Hive/HDFS/MapReduce/impala等； 具备良好的沟通和业务分析能力，工作认真负责，有主动性；,2026-03-14
工业大数据工程师,上海电气集团数字科技有限公司,上海-徐汇区,20-40万/年,上海-徐汇区 5-7年经验 本科 招3人 03-14发布,国企,150-500人,"计算机软件,互联网/电子商务",本岗位负责工业大数据分析产品、工业APP的算法及应用的开发，分析应用设计，及工业数据分析项目实施，包括业务需求分析，模型抽象，算法开发，数据流开发，大数据平台实现等 1. 本科以上学历，计算机、通讯、自动化、应用数据或相关专业，5年以上相关工作经验。 2.具备数学分析或数据建模基础，精通数据挖掘，概率，统计等分析和应用，优秀的学习能力、对数据结构、算法分析、操作系统、网络等计算机基础具备扎实的功底； 3.熟悉Linux/Unix系统，熟悉Shell/PHP/Python/Java/Scala编程；有一定的编程经验，熟悉分布式计算平台Hadoop和大数据处理平台工具的使用和开发，有hive或hbase经验。 4.有团队合作精神，具有良好的沟通、组织、协调能力和时间管理能力;具备数据质量优化能力; 5.善于分析业务、能将复杂的业务需求转化为数据/数学模型，对大数据处理和分析工作有热情； 6.熟悉Hadoop、Hive、HBase、Storm、Kafka、Spark、Presto、ElasticSearch等开源框架； 7.需要有良好的逻辑分析能力和表达能力，有过相关数据分析的成果与方案，有较强的自主性，能主动提出新的想法和思路。,2026-03-14
数据分析师（月薪6k起+不加班）,广东兆丰恒业控股集团有限公司,广州-天河区,6-8千/月,广州-天河区 1年经验 大专 招8人 03-14发布,民营公司,1000-5000人,金融/投资/证券,【岗位要求】 1、对金融经济知识感兴趣，希望踏足金融圈的； 2、有无经验亦可，金融专业以及具有操作经验者优先考虑； 3、有较强的学习能力，公司提供完善免费的交易培训； 4、有求知欲，有集体荣誉感，有上进心，有赚钱的信心和欲望； 5、有冷静的头脑与不被别人影响的判断力，能够坚持己见。 6、优秀有能力者，可适当放宽学历要求，欢迎投递； 【岗位职责】 1.定期整理交易数据，向上级领导账户分析结果； 2.按照要求进行技术和基本面规律的分析，进行数据的搜集及整理； 3.严格执行公司各项制度，配合部门领导有关工作； 4.负责为客户提供完善的理财计划及信息咨询； 5.遵守公司的各项管理制度，承办领导交办的其他工作。 ? 【福利待遇】 试用期底薪：4000+提成+奖金 初级金融跟单员：5000+提成+奖金+10%分红 中级金融跟单员：8000+提成+奖金+20%分红 高级理财专员：12000+提成+奖金+30%分红 上班时间：周一至周五，早上9：30~12.00.下午2：00~6：00；周末双休；享受国家公共假期； 3、舒适的办公环境，每人一台电脑，无需外出拜访客户，不用外出日晒雨淋，公司中央空调； 4、定期的公司活动（员工聚餐，集体出游）年会等； 5、员工生日关怀，节假日福利； 6、人性化办公、良好的办公环境，友好工作氛围； 7、晋升空间：技术人员——投资顾问——技术经理——技术总监 8、培训体系：完善的培训体系，公司会为员工提供一系列的提升销售技能、管理技能、专业知识的培训课程； ◆地址：天河区天河路230号万菱汇39楼 ◆联系电话：18520145826冼经理（可电话预约面试） ◆注：请携带身份证原件在楼下前台登记 （交通指南：地铁3号线石牌桥站A出口）,2026-03-14
长宁区/市场分析师/数据分析师,新联康（中国）上海分公司,上海-长宁区,4-8千/月,上海-长宁区 招若干人 03-14发布,外资（非欧美）,1000-5000人,中介服务,主要工作职责： 1、房地产及相关市场调查； 2、数据分析和研究。 任职要求： 1、本科及以上学历，经济、房地产相关专业背景优先考虑 2、有较强的逻辑思维能力； 3、性格开朗、有较好的语言及文字表达能力； 4、有较强的团队合作精神和适应能力； 工作地址 上海市长宁区天山路600弄思创大厦4号楼11-12楼,2026-03-14
市场分析师/数据分析师/长宁区,新联康（中国）上海分公司,上海-长宁区,4-8千/月,上海-长宁区 本科 招若干人 03-14发布,外资（非欧美）,1000-5000人,中介服务,主要工作职责： 1、房地产及相关市场调查； 2、数据分析和研究。 任职要求： 1、本科及以上学历，经济、房地产相关专业背景优先考虑 2、有较强的逻辑思维能力； 3、性格开朗、有较好的语言及文字表达能力； 4、有较强的团队合作精神和适应能力； 工作地址 上海市长宁区天山路600弄思创大厦4号楼11-12楼,2026-03-14
数据分析师 主管,安徽泰盈信息科技有限公司,合肥-蜀山区,4.5-6千/月,合肥-蜀山区 招若干人 03-14发布,上市公司,10000人以上,"互联网/电子商务,通信/电信运营、增值服务",岗位职责： 1、具备各类数据的整理，汇总和分析处理工作。 2、能够从数据库中导出并整理核实数据，根据一定的要求进行统计分析。 3、能够进行业务数据收集整理，结合数据库中数据根据项目要求对多种数据进行深度组合分析、挖掘、深度分析和建模。 4、能够制作项目KPI数据，进行交叉分析，给出解决方案建议。 5、能够根据根据要求向运营部门提供各类准确数据，制作各种日报，周报及月报。 6、能够及时与运营人员及客户沟通，提供优化方案。 7、有很强的数学逻辑思惟能力及统计分析能力 8、能熟练使用Excel等办公软件，具备熟练使用各种数据分析、数据挖掘工具软件 9、有良好的内外部沟通能力和团队合作精神；能承受较大工作压力；具有认真细致的工作作风 任职要求： 1、大专或以上学历，数学，统计学，计算机信息类等相关专业 2、能熟练使用Excel等办公软件。 3、有其他呼叫中心工作经验。,2026-03-14
掩膜数据工程师,广州粤芯半导体技术有限公司,广州-黄埔区,0.9-2万/月,广州-黄埔区 3-4年经验 本科 招3人 03-14发布,民营公司,500-1000人,电子技术/半导体/集成电路,"1、 维护Tape Out 系统 2、 客户Tape Out服务(DRC/LVS/IP Merge) 3、 客户数据处理(Dummy/Logic Operation/Seal Ringing, 等) 4、 MPW/NTO Tape Out 1、 本科及以上，1-3年的半导体行业Tape out经验 2、 了解TCL/bash/python等基本语法,熟Mask Compose",2026-03-14
数据分析师,广州和翊电子商务有限公司,广州-白云区,6-8千/月,广州-白云区 1年经验 大专 招4人 03-14发布,民营公司,150-500人,"贸易/进出口,互联网/电子商务","1.综合组织协调本部门数据统计工作,进行统计工作的上传下达,制定统计工作制度,归口管理部门数据统计业务。 2.准确、及时、全面、系统地报出上级规定的各种综合统计报表、调查、整理、分析本单位统计资料,满足各级部门对统计信息的需要。 3.统计分析相关数据信息，整理统计资料，为企业决策者提供可行性分析报告前期素材。负责业务数据统计、分析，并制作报表和报告；根据项目需求，执行数据处理、分析、检查；完成具体指定的重要数据统计，为相关决策提供必要依据。 任职资格： 1、大专及以上，熟练office软件，尤其懂得常用的EXCEL函数及数据透视表； 2、熟悉基本的SQL语言查询，熟练access操作优先考虑； 3、有半年及以上数据处理经验； 4、认真负责态度好；",2026-03-14
SQL数据工程师,广州龙骐贸易有限公司,广州-白云区,0.8-1.5万/月,广州-白云区 在校生/应届生 本科 招2人 03-14发布,民营公司,50-150人,"互联网/电子商务,贸易/进出口",岗位职责： 1、 掌握 SQL 语言、Hive、ETL、等等，能独立编写语句； 2、 具有优秀的分析问题能力，细心； 3、 文档管理和工作流程优化； 4、 对编写 SQL 有一定的兴趣，对报告性能有一定的调优能力； 5、参加数据仓库类项目开发者优先考虑。 作息、福利待遇： 1、公司实施朝九晚六，单双休轮休，7小时工作制； 2、购买社保五险； 3、薪资每年上涨，成绩优秀着上涨力度更大； 4、公司遵从法定国家节假日安排，带薪年假，婚假、陪产假等； 5、每年外出旅游； 6、节日福利、补贴； 7、办公期间五花八门的零食全天供应、定期下午茶； 8、朝气蓬勃的电商团队等着你哦~ 工作地址： 广东省 广州市 白云区 黄石街道 江夏村芦石岗1号 红风创意园11栋2层201室（靠近江夏地铁口）,2026-03-14
数据工程师,百度在线网络技术（北京）有限公司,北京,1-5万/月,北京 2年经验 本科 招若干人 03-14发布,外资（欧美）,500-1000人,互联网/电子商务,高考统招全日制本科及以上学历；2年以上大型数据仓库架构设计、模型设计、ETL设计的相关经验,2026-03-14
医美业务部_大数据研发工程师,百度在线网络技术（北京）有限公司,北京,2.5-5万/月,北京 2年经验 本科 招1人 03-14发布,外资（欧美）,500-1000人,互联网/电子商务,工作职责： -参与医美数据产品建设，搭建数据仓库，支持不同业务对于数据的需求 -参与、协助产品的需求分析、设计、实现、测试、集成以及维护 -参与内容数据库的维护、统计相关工作 职位要求： -相关本科或以上学历，拥有扎实的计算机基础理论知识 -2年以上大数据研发经验，熟悉hadoop、spark等开发，了解其特性和使用场景 -熟悉python、java、sql等语言的开发，有较好的diamante风格 -熟悉关系型数据库的开发，如果mysql、oracle等数据库 -了解NoSQL数据库，如MongoDB、Redis或ES中的一种或多种 -推荐或机器学习相关的开发工作优先,2026-03-14
用户数据中心_大数据研发工程师,百度在线网络技术（北京）有限公司,北京,1.5-3.5万/月,北京 3-4年经验 本科 招2人 03-14发布,外资（欧美）,500-1000人,互联网/电子商务,-负责用户数据中心(百度APP、Feed、好看、贴吧等)数据仓库、数据集市建设 -负责用户数据公共数据、指标体系建设，推进垂类数据治理，保障数据质量和稳定 -负责大规模海量数据的特征提取、统计计算、数据分析和数据挖掘 -计算机相关相关专业，有大数据研发经验优先 -掌握数据仓库基本理论，精通大数据编程技术hive、Hadoop、Spark等，有较好的hadoop性能调优经验 -熟练掌握一门编程语言（Java、php、c++、Python、shell），良好的数据结构和算法能力 -具有较强的发现问题、分析问题和解决问题的能力,2026-03-14
数字交通设计工程师（物流大数据）,山东易华录信息技术有限公司,济南-高新区,0.8-1.2万/月,济南-高新区 在校生/应届生 硕士 招2人 03-14发布,国企,,计算机软件,岗位职责： 1、紧跟公司物流供应链和物流大数据发展战略，参与物流供应链和物流大数据项目的规划设计、算法调研和物流大数据应用的建模与功能应用创新，编写物流供应链和物流大数据相关项目解决方案。 2、负责为销售人员提供技术支持，完成相关项目的技术解决方案； 3、负责演示报告文件制作，并进行项目技术交流、讲解、演示工作； 4、负责各类市场信息、方案信息的收集工作，优化技术方案； 任职资格： 1、教育背景：硕士及以上学历。专业背景为物流工程、智能交通、人工智能、大数据分析、物联网等相关专业。 2、技能要求：物流专业软件、OFFICE办公软件、CAD、PHOTOSHOP等。 3、关键经验要求： 承担、参与过物流供应链和物流大数据相关项目的规划设计或者具备物流大数据分析、人工智能研究经验者优先。 4、关键胜任力：学习能力、创新能力、写作能力、沟通协调能力。 5、能接受出差，敢于尝试新事物、积极进取、乐观向上,2026-03-14
大数据架构师,郑州煤矿机械集团股份有限公司,郑州-经开区,2-3万/月,郑州-经开区 5-7年经验 本科 招2人 03-14发布,国企,1000-5000人,"机械/设备/重工,汽车","根据业务发展的需求，制订系统开发规划，界定各系统功能职责边界，负责工业物联网平台系统架构，系统设计，核心组件开发，微服务开发；构建系统原型，根据业务需求与规划，进行系统功能设计、部署设计与运维设计，组织与确认技术与产品的选型工作； 制订系统实施质量标准体系，建设相关的质量保障与监管系统，执行质量管理； 指导与审核各系统的架构与功能设计，培训、指导与监督开发团队正确执行规划与设计，以提高功能的可重用性、可维护性与可扩展性； 跟进技术发展，研究各种新技术在公司业务中的应用前景，并为业务模式的发展与创新提供参考； 极主动研究大数据关键技术，深度学习前沿技术理论，积极参与产品的发展规划 决策大数据产品技术路线，基于行业和市场发展热点，制定行业发展趋势报告 职位要求： 年龄35岁以下，全日制综合类大学本科及以上学历，计算机科学与技术、软件工程、信息管理、工业自动化类相关专业； 具备工业智能制造和工业互联网经验，深刻理解相关行业背景、发展方向和客户价值； 熟悉IaaS解决方案生态链，熟悉PAAS、虚拟化、云管理、存储、云计算、安全，大数据；有5年以上相关领域的行业解决方案实践经验； 具备丰富的分布式软件架构设计经验，熟悉Hadoop、Spark、hive、solr、Hbase等主流的大数据处理系统架构、各组件原理与优化设计原理； 熟悉服务器集群、负载均衡方案，熟悉分布式数据库，熟悉虚拟化技术，如vmware，kvm，xen； 熟悉主流的云平台（阿里云、AWS、Azure等）,精通公有云/私有云/混合云模式下SaaS, PaaS, IaaS通用框架； 熟悉常用的框架和解算法和数据结构相关知识;有较强的学习能力，能适应迅速变化的环境和任务要求，具有良好组织协调能力和沟通协调能力； 具备微服务架构设计经验和对物联网协议具备丰富的设计开发经验,对分布式、高并发、海量数据存储、高稳定性场景有丰富的架构设计经验； 拥有工业行业经验者优先，设计过工业互联网平台架构的优先；",2026-03-14
高级大数据工程师,郑州煤矿机械集团股份有限公司,郑州-经开区,1-1.5万/月,郑州-经开区 3-4年经验 本科 招2人 03-14发布 英语良好,国企,1000-5000人,"机械/设备/重工,汽车","岗位职责：大数据设计及开发 岗位要求： 1. 计算机相关专业本科及以上学历，40岁以下，3年以上大数据平台开发经验； 2. 熟练掌握Java或Scala语言，有基于Spark大数据分析平台开发项目经验； 3. 熟练使用Apache Hadoop生态体系相关技术(zookeeper、Hadoop、HBase、hive、Spark等组件),及MongoDB、MySQL等常用数据库，能够部署、二次封装和性能调优； 4. 使用性能优化工具，具有性能优化编程经验； 5. 有Flink流计算框架使用经验者优先。",2026-03-14
大数据架构师,悠桦林信息科技（上海）有限公司,上海-普陀区,2-5万/月,上海-普陀区 5-7年经验 本科 招1人 03-14发布,民营公司,50-150人,"计算机软件,计算机服务(系统、数据服务、维修)",岗位职责： 1) 负责公司大数据底层框架的整体架构设计，结合公司实际业务情况进行技术选型及大数据战略规划 2) 研究学习最新算法和技术进展，评估引入新技术； 3) 负责对接业务部门的数据需求，满足业务决策和业务分析的诉求，参与产品测试和系统整合； 4) 对大数据平台不断进行分析及优化，提升系统的性能及数据处理能力 任职资格： 1) 本科以上计算机等相关专业学历； 2) 5年及以上大数据架构设计经验，精通 Linux Shell； 熟练掌握 Python、Scala 或 Java； 3) 对基于Hadoop的大数据体系有深入认识，具备相关产品（Hadoop、Hive、HBase、Pig、Sqoop、Spark、storm等）项目应用研发经验； 4）有企业级数据仓库(EDW)/BI系统的建设经验，有海量数据建模实践经验优先考虑,2026-03-14
助理数据分析师（东莞）,vivo智能手机（维沃移动通信有限公司）,异地招聘,0.6-1万/月,东莞 1年经验 本科 招若干人 03-14发布,民营公司,10000人以上,"通信/电信/网络设备,电子技术/半导体/集成电路",岗位职责： 1、负责全国iQOO销售数据的整理与分析，利用数据发现问题，解决业务痛点； 2、负责业务组内部相关数据的收集、整理和分析； 3、负责数据组对外的日常数据需求沟通，推进与外部的合作进度； 4、负责业务组的部分支持性工作，包括会议、培训等。 任职要求： 1、本科及以上学历，一年以上工作经验，统计学、数学、或计算机相关专业； 2、熟练使用EXCEL函数、OFFICE等办公软件； 3、积极主动，具备良好的人际沟通协调能力；、善于发现和分析问题； 4、熟悉SQL，SPSS 或 对 英语能力较强者 优先考虑。 工作地点：vivo全球总部，东莞长安镇；,2026-03-14
大数据开发工程师(006511),vivo智能手机（维沃移动通信有限公司）,杭州-余杭区,3-5万/月,杭州-余杭区 5-7年经验 本科 招若干人 03-14发布,民营公司,10000人以上,"通信/电信/网络设备,电子技术/半导体/集成电路",1、负责新技术的预演和引入应用推广 2、配合业务团队解决在业务发展中遇到的产品和平台架构问题； 3、具体领域包括但不限于分布式存储、大规模分布式计算、实时计算、跨平台资源调度等； 4、负责搭建效果监控平台、数据质量监控平台、数据中心建设、算法模型平台化建设； 5、基于Hadoop生态圈进行扩展研发，构建统一的数据平台； 6、负责集团数据采集etl实施和规划。 1、全日制本科及以上学历，计算机相关专业，5年以上大数据相关经验； 2、具有扎实的大数据，数据仓库理论功底，负责过大数据平台某一组件开发或数据仓库设计； 3、精通Spark、Hadoop、Flink等，精通至少其中四种HDFS、Yarn、Hbase、Hive、 Kafka、Redis、Flume、kylin等，并具有丰富的大数据平台应用研发经验； 4、深刻理解大数据处理（流计算，分布式计算，分布式文件系统，分布式存储等）相关技术和实现方法； 5、熟悉Spark、Hadoop、Flink相关框架源码者优先，掌握Linux操作系统； 6、善于发现问题并解决问题，具备吃苦耐劳的敬业精神和团队合作精神。,2026-03-14
电商数据分析师,vivo智能手机（维沃移动通信有限公司）,异地招聘,2.5-3万/月,东莞 招若干人 03-14发布,民营公司,10000人以上,"通信/电信/网络设备,电子技术/半导体/集成电路",岗位职责： 1. 用数据赋能电商渠道的消费者营销运营提效，建立vivo专属AIPL流转提效营销手册 2. 帮助认知阶段的沉睡用户进行转化激活，针对粉丝兴趣人群的增效进行研究。 3. 帮助定位及监测消费者分布状态，进行消费者数据资产的健康度研究，从AIPL角度帮助建立有效的营销及运营模型 任职要求： 1、本科及以上 2、专业不限，市场营销类、广告学、统计学、数据类专业优先； 3、至少1~2年电商数据行业数据分析经验 4、对数据有高度的敏感度，具备优秀的逻辑分析能力； 5、Excel、PPT熟练； 6、具备商业敏锐度，对数据背后的商业价值有一定认知； 7、优秀的团队合作意识和沟通能力，有责任感和良好的抗压能力 8、熟悉天猫数据银行、京东九数等电商数据分析工具者优先 9、有ISV服务商工作经验者优先,2026-03-14
数据分析师(006115),vivo智能手机（维沃移动通信有限公司）,东莞,2-3万/月,东莞 3-4年经验 本科 招1人 03-14发布,民营公司,10000人以上,"通信/电信/网络设备,电子技术/半导体/集成电路",岗位职责: 1、根据各类业务的需求和运营线专项问题，展开主题分析； 2、深入挖掘线上、线下数据，为销售业务团队提供各类数据和决策支持； 3、商业/行业数据获取及分析； 任职资格: 1、统招大学数学与应用数学、统计学等相关专业本科以上学历，5年以上数据工作经验； 2、有一定的数据统计和数据挖掘专业知识，具备利用数据分析问题、解决问题的能力； 3、能够熟练操作办公软件，能够熟悉使用SQL语句对数据库进行数据查询，会至少一个统计软件； 4、对数据敏感，逻辑思维能力强； 5、为人诚信正直，具有高度的责任心、耐心细致、工作认真，求知欲较强，并具有敬业精神及团队合作精神。,2026-03-14
电商数据分析师,vivo智能手机（维沃移动通信有限公司）,异地招聘,2.5-3万/月,东莞 招1人 03-14发布,民营公司,10000人以上,"通信/电信/网络设备,电子技术/半导体/集成电路",岗位职责： 1. 用数据赋能电商渠道的消费者营销运营提效，建立vivo专属AIPL流转提效营销手册 2. 帮助认知阶段的沉睡用户进行转化激活，针对粉丝兴趣人群的增效进行研究。 3. 帮助定位及监测消费者分布状态，进行消费者数据资产的健康度研究，从AIPL角度帮助建立有效的营销及运营模型 任职要求： 1、本科及以上 2、专业不限，市场营销类、广告学、统计学、数据类专业优先； 3、至少1~2年电商数据行业数据分析经验 4、对数据有高度的敏感度，具备优秀的逻辑分析能力； 5、Excel、PPT熟练； 6、具备商业敏锐度，对数据背后的商业价值有一定认知； 7、优秀的团队合作意识和沟通能力，有责任感和良好的抗压能力 8、熟悉天猫数据银行、京东九数等电商数据分析工具者优先 9、有ISV服务商工作经验者优先,2026-03-14
高级数据分析师,vivo智能手机（维沃移动通信有限公司）,异地招聘,4-5万/月,东莞 招1人 03-14发布,民营公司,10000人以上,"通信/电信/网络设备,电子技术/半导体/集成电路",岗位职责: 1、对业务数据进行数据分析与挖掘，与用户研究团队一起合作进行数据分析、用户洞察工作； 2、基于用户研究团队方向，进行数据挖掘，构建和优化数据分析模型，针对具体场景进行专题分析； 3、能够对大盘、行业、目标市场、各种细分用户群体的业务数据进行分析，根据数据分析结论给出产品洞察，发现潜在的缺陷与机会，为业务决策提供数据支撑。 任职资格: 1、本科及以上学历，数学、统计学、计算机、数据挖掘等相关专业优先，3年或3年以上的大数据开发及数据分析经验； 2、对数据敏感，擅长分析、总结，能够将数据分析与业务相结合； 3、熟悉数据仓库和数据建模的相关技术细节，熟悉Hadoop生态组件； 4、至少熟练掌握一种查询工具（SQL、hive）和分析工具（SPSS、R语言、SAS等）； 5、熟悉数理统计、数据分析、数据挖掘，常用数据挖掘方法和模型，有商业分析的基础； 6、熟悉各种抽样方法（分层，过抽样等），特征处理方法（缺失值处理，离散化等）； 7、具有NLP处理工具、网络爬虫、结构化数据提取等使用/开发经验者优先。,2026-03-14
电商数据分析师,vivo智能手机（维沃移动通信有限公司）,东莞,2.5-3万/月,东莞 3-4年经验 招3人 03-14发布,民营公司,10000人以上,"通信/电信/网络设备,电子技术/半导体/集成电路",岗位职责： 1.电商数据报表体系搭建及完善； 2.发起并跟进电商各渠道的销售、流量、页面、转化等专项分析，负责大型促销活动追踪及监测分析； 3.基于销售数据及存量用机数据进行用户价值及用户生命周期建模，通过用户数据挖掘，就用户品类偏好、用户消费升级需求及用户换机周期进行预测； 4.对接各电商平台大数据部门，全方位、深层次洞察用户需求。 任职要求： 1、本科及以上学历、统计或数学类专业，熟悉电商渠道； 2、有手机行业或者电商数据分析工作经历者优先； 3、精通excel，会简单语言编程； 4、较强逻辑思维，学习能力和沟通能力。,2026-03-14
数据分析师(006636),vivo智能手机（维沃移动通信有限公司）,东莞,1-1.5万/月,东莞 3-4年经验 本科 招若干人 03-14发布,民营公司,10000人以上,"通信/电信/网络设备,电子技术/半导体/集成电路",1. 负责对互联网产品市场口碑信息进行收集，统计与分析。 2.调研分析，挖掘相关部门的数据需求，确定数据的核心价值，对数据建立标签，分析系统的搭建与维护，制定并持续优化数据统计分析方法，不断提升数据分析的质量和效率。 3.分析数据中的异常、挖掘其中的口碑问题，按时发布统计分析报告，针对发现的问题及时预警； 4.负责对统计员提供专业技能提升方面的培训；协助为其它部门或小组同事提供互联网产品市场口碑统计分析数据，为其做决策提供数据参考。 1、本科及以上学历，数学/统计类相关专业优先；通信/计算机。 2、对数据敏感，具备较强的数据分析能力、熟练使用文本分析/数据挖掘工具软件； 3、有2年以上数据分析工作经验，注重用户体验及产品口碑，熟悉舆情分析； 4、工作踏实，良好的创新意识和团队协作能力； 5、熟悉互联网产品行业，有舆情分析、文本分析经验者优先,2026-03-14
高级大数据开发工程师,万兴科技集团股份有限公司,深圳,2.2-3万/月,深圳 3-4年经验 本科 招1人 03-14发布,上市公司,500-1000人,"计算机软件,计算机硬件",岗位职责： 1、负责数字营销产品的数据建模、数据抽取、监测数据的开发与优化； 2、负责基于业务的需求做数据支撑的数据应用开发； 3、负责通过模型优化提升数据统计效率。 任职要求： 1、熟悉大数据平台Hadoop、Hive部署及调优，具备一定服务器架构能力； 2、熟悉主流开源分布式存储技术Flume、Kafka、Hbase、MapReduce、Spark等； 3、对关系型数据库与非关系型数据库、图数据库，Mysql等能够熟练操作； 4、掌握熟练掌握Python、JavaScript等开发语言，具备爬虫开发经验； 5、有PB级数据库管理经验者优先。,2026-03-14
用户数据分析师助理,陕西企长网络科技有限公司,深圳-宝安区,6-8千/月,深圳-宝安区 1年经验 大专 招5人 03-14发布,民营公司,50-150人,"互联网/电子商务,计算机软件",1、岗位职责：（例：岗位工作内容及相关要求） 1）熟悉用户画像、产品画像，熟练运用营销标签及系统为数据活动开展精细化运营 2）使用SQL工具采集并处理数据，分析评估数据营销活动效果，提出营销优化建议 3）配合业务部门需求，根据活动数据对活动结果进行统计分析，撰写活动报告 2、学历要求： 本科学历，优秀大专学历也可以考虑 3、任职要求： 1）熟练使用EXCEL、WORD、PPT等Office软件工具，有一定文案编写和处理工作经验。 2）掌握SQL语言，有数理统计、分析经验者优先，有数据库营销经验者优先 3）具备较强的表达能力及良好的沟通协调能力 4、具有互联网营销思维和团队意识，工作踏实、认真、执行力强,2026-03-14
大数据开发工程师,上海姚际信息科技有限公司,上海-徐汇区,1.5-3万/月,上海-徐汇区 3-4年经验 本科 招5人 03-14发布,民营公司,150-500人,"网络游戏,互联网/电子商务","职位描述： 本职位的定位是数据仓库建模、数据治理和数据开发应用的大数据开发岗位，数据量级巨大，极有挑战性！ 任职要求： 1. 本科及本科以上学历； 2. 大数据2年以上开发经验；编程经验3-5年以上； 3. 有扎实的Java或Python语言基础； 4. 熟悉大数据开发相关技术，如Dataworks/Maxcompute, Hadoop、Hive、Spark、Flink、Kafka等 ，熟练使用Dataworks/Maxcompute者优先； 5. 熟悉SQL和NoSQL的数据库开发设计及性能调优； 6. 有数据分析、挖掘、清洗、建模相关工作经验，能利用大数据对业务进行评估优化； 7. 对常见开源框架代码有研究； 8. 善于沟通，执行能力强，有责任有担当，抗压性强； 9. 有深入研究过Hadoop/Spark源码者优先",2026-03-14
数据分析师,广州仲昌一科信息科技有限公司,广州-越秀区,0.8-1万/月,广州-越秀区 2年经验 大专 招3人 03-14发布,民营公司,50-150人,"计算机软件,通信/电信/网络设备",岗位职责 1、负责项目现场相关的需求调研、业务分析、业务支撑等工作； 2、负责项目现场的标签应用、大数据专题应用等专项方案策划、编制、汇报以及项目落地支撑工作； 3、参与项目储备、项目可研、项目招投标的相关工作； 4、根据客户安排，完成一些临时性材料编制、工作会议等相关工作。 任职资格 1、熟悉电力营销、生产系统、财务系统等相关业务，了解电网信息化系统建设情况； 2、有2年以上信息化设计、开发、实施、管理等方面的工作经验； 3、熟练使用SQL、存储过程或SAS、R、Python编程，了解常见数据挖掘算法，有完整数据分析项目工作经验； 4、学习能力较强，能主动学习并快速掌握项目相关业务、公司产品以及其他项目相关技术； 5、有较强的方案编制和宣讲能力，有较丰富的需求调研、方案编制、方案宣讲等相关经验； 6、工作积极主动，有担当，有团队合作精神； 7、熟悉大数据应用方面的优先。,2026-03-14
数据分析师,杭州湖滨银泰in77,杭州-上城区,0.8-1万/月,杭州-上城区 本科 招2人 03-14发布,外资（非欧美）,150-500人,"物业管理/商业中心,奢侈品/收藏品/工艺品/珠宝","岗位职责: 1.负责业务数据分析，为业务部门提供数据支持； 2.跟踪、分析数据异常并提出解决建议； 3.通过数据监控发现业务中薄弱环节，提出改善和优化方案； 4、数据分析报表制作 岗位要求: 1、1-3年互联网数据分析、商业地产经营数据分析经验者优先； 2、熟悉数据库基本原理，熟练运用SQL，熟练操作excel、PPT；熟悉数据挖掘的基本原理，熟练操作Python等数据分析/挖掘工具的优先； 3、良好的数据敏感度，能从海量数据提炼核心结果，熟练独立编写商业数据分析报告，及时发现和分析其中隐含的变化和问题，给出建议； 4、熟悉各种ERP, CRM系统优先 5、具备良好的沟通能力和团队精神，较强的学习能力，能承担一定的工作压力 6、会使用帆软报表开发系统者优先。",2026-03-14
数据分析师（高佣金+双休）,广东兆丰恒业控股集团有限公司,广州-天河区,0.8-1.2万/月,广州-天河区 1年经验 本科 招5人 03-14发布,合资,150-500人,金融/投资/证券,公司致力于为年轻人提供一个实现自我提升的平台 在这里，你要对自己的能力有足够的自信， 在这里，你要相信凭借自己的努力可以获得自己想要的未来！ 在这里，只要你认为自己够优秀，只要你有梦想，有野心，欢迎你加入我们的团队！ 在这里，你不会感觉怀才不遇。 在这里，若你是千里马，我们便是你的伯乐！ 在这里，学历决定你在求学阶段的高度，能力决定你在求职阶段的高度。 在这里，你是新人我们将给你系统全面的培训和学习。 现在就请加入我们，一起开创属于你的梦想新时代！ 【工作职责】 1、负责为公司处理客户的相关工作，并协助经理的工作事务 2、负责为客户提供外汇理财咨询、建议服务， 制定相应的投资组合和策略 3、负责保持与客户沟通联系，为客户提供金融分析软件以及售后工作 4、负责为客户提供完善的理财计划及信息咨询 5、负责根据客户的委托，帮助客户实施理财计划 6、学习跟踪宏观经济发展动态，研究国际金融业的发展趋势及走向 7、有数据分析、统计的细心和耐心，思维敏锐，对数字敏感 【任职资格】 1、年龄20-35岁，本科以上学历，有管理能力者/优秀应届毕业生/有行业经验者优先 2、敢想，敢做，有野心挑战高薪的你欢迎加入 3、热爱互联网金融，对金融行业未来前景有清晰的认识，并愿意扎根下去 4、公司提供全方位培训，提供无限晋升发展舞台 5、良好的工作态度、良好的团队协作能力，能承受一定的工作压力 【薪酬待遇】 1、一经录用，公司将提供全套完善的金融专业知识及技能培训，并提供畅通公平的晋升空间； 2、上班时间：周一至周五，早上9：00-12:00下午14:00-18：00；周末双休；享受国家公共假期。 3、底薪+高提成+奖金+利润分红 职业前景：每名雇员都会得到重视，通过不断的学习和努力，每个人都将拥有广阔的职业发展空间。 个人与职业道德：我们希望所有雇员都要遵守高度的个人与职业道德。 工作环境：舒适的办公环境，良好的工作氛围，互帮互助的学习热潮，公司有冰箱，微波炉，方便我们的同仁。 职位培训：优秀的导师，资深的专业人士，定期提供给您多种技术培训，助您自我提高实战投资技能。 薪酬福利：具有业界竞争力的薪酬和各种福利。底薪＋高佣金+丰厚奖金＋职位晋升＋季度旅游＋年终业绩分红。优秀员工可直接派 往各分公司担任高管，负责分公司全面工作，工作优异的员工或管理人员将会享有派往华尔街总部学习进修的机会。 晋升机制：我们提供规范的员工晋升机制，以及人才选拔和培养机制。 ※特别声明： 1、请求职人员认真阅读本公司招聘介绍，如本公司职位与您的职业生涯规划相符，欢迎应聘。 2、聘用职位性别不限，一经录用，公司将提供免费岗前培训及晋升机会。 3、请勿重复投简历，否则将会对你的录用带来不便。,2026-03-14
商业数据分析师助理,广州辉炬警用装备有限公司,深圳-宝安区,6-8千/月,深圳-宝安区 1年经验 大专 招3人 03-14发布,民营公司,150-500人,"计算机软件,通信/电信运营、增值服务",1、负责媒介执行效果数据跟踪： 包含电视+户外+网络的上刊监播及数据梳理输出等； 2、调研执行监理： 包含调研问卷设计前期的信息收集及调研执行过程中的质量把控； 3、社交数据监测： 包含社交基础数据的整理，并周期性内部输出。 任职要求： 1、本科以上学历，统计、数学或营销相关专业优先； 2、熟练掌握office相关软件； 3、抗压能力强； 4、有较强的需求理解能力； 5、处事细心，有条理者优先。,2026-03-14
数据分析师,郑州紫硅信息技术有限公司,郑州-金水区,1-1.5万/月,郑州-金水区 3-4年经验 硕士 招2人 03-14发布,民营公司,少于50人,"计算机软件,计算机服务(系统、数据服务、维修)","职位信息 1, 建立和完善基于证券数据和财经信息的大数据平台，构建完善的数据存储、加工、分析、挖掘及数据产品开发的基础数据系统； 2、充分运用大数据分析及建模的方法，了解用户的需求及行为模式，提升用户满意度、活跃度、转化率、留存率，促进用户增长，发现与改进公司产品及业务流程中的问题，促进公司业务的发展，为公司的商业决策提供依据； 3、 BI系统建设：对用户进行精细化分析，设计用户数据模型，以产生实时与批量用户画像； 4、主导开发相关的数据产品。 任职要求: 1、985或211院校毕业，应用数学和应用统计学专业优先录取； 2、从事证券金融相关行业优先录取； 3、有2年以上Django/Flask/Spring Boot/Spring MVC项目经验； 4、熟练Python/Java、SQL、Shell语言，掌握Django、DRF、Flask等开发框架，Spring/MyBatis技术体系； 5、熟练操作常用数据库（Mysql、Mongodb、Redis），熟悉Html，CSS，JavaScript前端技术； 6、有使用Hadoop/Hive/HBase/Spark/ Elasticsearch /Kafka/Flume经验，进行海量数据处理经验者优先；",2026-03-14
中级数据分析师,武汉掌游科技有限公司,武汉-洪山区,1-1.5万/月,武汉-洪山区 3-4年经验 硕士 招1人 03-14发布,民营公司,150-500人,网络游戏,岗位职责： 1、建立所属业务线的指标监控体系，深度挖掘业务问题，给出行动建议 2、监测业务的日常数据，关注数据波动并能够及时分析和解读数据异常 3、通过数据分析工具，高效支持业务端的数据查询需求，包括经营数据，用户行为数据的查询等 4、设计和分析A/BTesting实验以验证策略有效性，辅助业务决策 5、对游戏用户特征数据、用户行为数据、付费数据等进行数据挖掘，研究游戏数据需求，为游戏运营提供决策支持 6、其他事宜，包括收集竞争对手的产品数据、不定期专题分析等 岗位要求： 1、统计学、计算机相关专业，本科以上学历； 2、1年以上游戏相关行业从业经验； 3、熟练掌握hive、SQL等相关数据提取工具，熟练操作excel、PPT等工具； 4、有互联网公司数据分析，产品经理，运营经理，策略经理等多方面经验者优先； 5、有钻研探索精神，对数据分析有强烈兴趣者优先； 6、优秀的沟通能力，强大的自驱力和抗压力,2026-03-14
高级大数据开发工程师,深圳索信达数据技术有限公司,上海-徐汇区,2.5-3.5万/月,上海-徐汇区 5-7年经验 本科 招1人 03-14发布,外资（非欧美）,150-500人,"互联网/电子商务,计算机软件",1. 完成基于大数据平台的业务项目的开发、实施和维护工作； 2. 参与数据仓库设计，根据业务需求实现高效率高灵活性的查询，数据分析，数据挖掘； 3. 负责高吞吐高可用数据实时和离线采集，高并发的大数据业务架构设计； 1. 本科及以上学历，计算机相关专业优先； 2. 5年以上工作经验，3年以上大数据平台开发、维护经验； 3. JAVA基础扎实，熟练掌握Core Java、多线程、数据结构算法；良好的面向对象编程思想，熟悉设计模式； 4. 精通Hadoop技术栈，熟悉大数据生态技术，如Impala、Sqoop、Flink、Kafka、Zookeeper、Oozie等集群架构，有大规模、开发及运维经验，能根据业务场景设计合适的技术栈完成需求； 5. 熟悉Hadoop安装、调试、发布配置应用，熟悉Linux操作系统； 6. 熟悉深度学习算法的基本概念和原理，至少1年深度学习建模算法经验； 7. 熟练掌握SQL语言，掌握Mysql、Oracle、Postgresql等一种或多种关系型数据库使用，有一定的SQL调优经验； 8. 至少熟练掌握Shell、Java、Scala、Python等编程语言中的两种； 9. 具备良好的团队合作精神，良好的沟通能力。,2026-03-14
大数据开发工程师,北京先进数通信息技术股份公司,贵阳,0.8-1.2万/月,贵阳 1年经验 本科 招2人 03-14发布,上市公司,1000-5000人,"计算机软件,计算机硬件",技能要求： ETL，Hadoop，数据库开发，Hive、Oracle，SQL 工作职责： 1.有ETL或大数据开发经验，能独立开发 2.有大数据开发经验，基本需能编写HSQL 3.最低保障本科二本 毕业2年及以上，经验可处理 4.人员沟通无障碍，基本能听指挥，能接受一定量的加班 5.初期开发目标：银行产品、客户、经营类分析等指标建设 工作要求： 1、必须熟悉其中一种开发工具：ETL、Oracle、cognos、kettle、datastage；本科计算机相关专业，毕业后满2年工作经验 2、具备1年或以上etl数据处理相关开发经验 3、拥有1年以上SQL、shell脚本编写经验 4、掌握Hadoop Hive-HQL 基础技能,2026-03-14
软件开发工程师（JAVA、GIS 、WEB前端、大数据开发）,北京辰安科技股份有限公司,北京,,北京 硕士 招10人 03-14发布,上市公司,,计算机软件,计算机、软件工程、地理信息系统、GIS、遥感、数学相关专业,2026-03-14
数据分析师,东方明珠新媒体股份有限公司,上海-徐汇区,1.5-2万/月,上海-徐汇区 3-4年经验 本科 招1人 03-14发布,国企,1000-5000人,"影视/媒体/艺术/文化传播,互联网/电子商务",1. 负责业务产品或算法建模效果数据分析，并根据分析结果提出优化建议，实现数据驱动业务产品或者策略的改动 2. 建立公司产品的用户数据体系，包括用户分层，用户转化路径等 3. 负责撰写专题性数据分析报告，发现产品或业务的问题关键并可通过数据分析和内在联系，为产品决策提供合理化建议； 4. 负责产品核心数据指标和新产品功能的日志收集、指标定义、数据监控、数据异常分析； 5. 及时响应产品、运营、市场或者BD的数据统计和分析需求； 职位要求： 1. 全日制本科及以上学历，统计学或计算机相关专业，3年以上互联网数据分析相关经验。 2. 熟悉常用的数据建模方法如回归、聚类、关联分析等，熟练操作数据提取、处理和分析软件，如SQLHql、Excel、R、SPSS等。 3. 熟悉Hadoop使用，了解HTML、Javascript、CSS、PHP等页面制作技术。 4. 对数据敏感、具备较强的数据分析能力、逻辑思考能力、沟通能力。 5. 具备较强的数据报表、数据报告制作能力。有用户相关分析经验及建模经验优先,2026-03-14
高级数据分析工程师,北京海天起点技术服务股份有限公司,长沙-天心区,1.5-2万/月,长沙-天心区 5-7年经验 大专 招1人 03-14发布,民营公司,150-500人,"计算机服务(系统、数据服务、维修),计算机软件","职位要求： 1、6年及以上相关工作经验；大专及以上学历； 2、熟悉ETL(kettle informatic等) 、BI（tableau,finebi等）熟悉至少一种Nosql数据库（如：hive、hbase、redis等） 理工科专业优先（GIS、测绘、统计等）会使用Python等进行数据分析和展示优先 参与过气象分析业务系统设计或开发者优先 3、具备电力数据开发、运营经验，熟悉电力相关数据和报表； 4、熟悉电力大数据分析，具有敏锐的市场洞察力，掌握气象预测供需变化趋势者优先； 5、对电力领域宏观环境、政策导向和发展趋势具有一定的分析、研究和判断能力； 6、参与需求调研、需求与设计文档编写； 7、负责客户需求分析，引导用户需求探寻，根据公司战略及发展目标，制定优先级分类及需求的拆分，创建展示方案，确保用户和开发团队理解并达成共识； 8、工作认真负责、吃苦耐劳、能承受一定的工作压力。",2026-03-14
数据开发工程师,杭州城市大数据运营有限公司,异地招聘,1-1.5万/月,杭州-拱墅区 3-4年经验 本科 招若干人 03-14发布,民营公司,150-500人,"互联网/电子商务,计算机服务(系统、数据服务、维修)","岗位职责： 1、根据现场业务需求进行数据仓库设计建模和开发实施； 2、项目现场数据接入、数据开发工作，排查反馈数据问题； 3、整理输出项目开发及运维工作文档。 任职要求： 1、熟悉python或java其中一门脚本语言，有数据接口开发经验为佳，熟悉Linux常用指令； 2、熟练掌握sql语言，能够胜任较为复杂的查询语句，有过mysql、sqlserver、oracle其中至少一种关系型数据库开发经验，有数据仓库设计和建模经验； 3、有阿里云大数据生态(odps\galaxy\datahub等)使用经验者优先； 4、计算机专业,从事数据开发工作3年以上经验； 5、有学习精神，工作认真踏实、责任心强，具备良好的沟通力、理解力及执行力，注重团队协作者优先； 6、有项目或组织部门管理经验者优先。",2026-03-14
数据开发工程师,财通证券股份有限公司,杭州-西湖区,1-2万/月,杭州-西湖区 5-7年经验 本科 招若干人 03-14发布,国企,5000-10000人,金融/投资/证券,1、负责需求分析评审、原型设计评审工作。 2、负责系统总体技术路线选型和技术方案的编写。 3、负责系统设计、开发、单元测试工作，以及相关文档编写。 4、统筹安排外包开发人员的开发任务，负责code review工作，确保代码的有效性和正确性。 5、部门领导交代的其他任务。 1、全日制硕士毕业2年或全日制本科毕业3年； 2、3年以上数据库相关工作经验，包括存储过程开发，SQL调优，数据清洗工作等。 3、负责过2个以上产品项目的数据库开发和设计工作，能独立完成数据库设计。 4、熟悉Oracle数据库，熟练使用plSQL。并且了解MySQL，PostgreSQL，SQLserver等两到三种其他数据库，了解数据库相关的工具，包括数据同步工具等。 5、认真负责，具有团队合作精神，良好的沟通、协调及快速高效学习的能力；有激情，有担当，执行力强，能承担较大压力。 6、有证券、银行、互联网金融等机构相关经验优先；有大数据Hadoop相关使用经验，数据仓库设计开发经验者优先。,2026-03-14
数据分析师,深圳市乐凯撒比萨餐饮管理有限公司,深圳,1.2-1.8万/月,深圳 3-4年经验 硕士 招1人 03-14发布,民营公司,1000-5000人,"餐饮业,互联网/电子商务",岗位职责： 1、分析客户需求，理解客户业务； 2、负责对数据进行深度分析和挖掘，创建大数据分析流程，进行数据探索分析，构建分析模型为优化产品涉及提供数据支持； 3、探索餐饮行业发展趋势，跟踪数据挖掘和数据分析领域的技术发展方向； 4、与业务团队紧密沟通和联系，解决部门数据统计和分析需求。 任职要求： 1、本科（一本）及以上学历，计算机、数学、统计、金融等相关专业，3年及以上相关数据分析经验； 2、熟悉Oracle，DB2、MYSQL中至少一种主流数据库软件，掌握常用的数据分析工具的使用； 3、有较强的数据建模和解读能力，能够制作数据报告PPT，并向决策管理层进行汇报； 4、需要有营销活动，用户增长等数据分析经验； 5、具有极强的学习能力和业务理解能力，良好的沟通和团队合作能力； 6、有电商、餐饮、互联网等行业经验优先。,2026-03-14
大数据开发工程师,广州趣丸网络科技有限公司,广州-天河区,1-1.5万/月,广州-天河区 3-4年经验 本科 招1人 03-14发布,民营公司,150-500人,"互联网/电子商务,网络游戏",岗位职责： 任职要求：,2026-03-14
大数据研发工程师,广州汇智通信技术有限公司,北京,18-30万/年,北京 2年经验 本科 招2人 03-14发布,国企,1000-5000人,"通信/电信/网络设备,计算机软件",一、岗位工作范围和职责： 1、负责公司大数据平台相关产品的设计，开发、文档撰写和项目改进 ； 2、参与公司大数据平台上业务应用的功能设计及架构规划； 3、负责优化平台软件的模块结构和流程逻辑。 二、专业知识和技能要求： 1、熟悉Hadoop及相关开元大数据技术，如Hive、Spark、Flink等框架，有相关平台性能调优经验。 2、熟悉掌握Java语言及常用框架，熟悉Linux操作系统，有数据结构、算法基础。 3、熟悉其他分布相关技术，如HDFS、Redis、Fume、Kafka、ES优先。 4、有较强的责任心、上进心以及良好的表达和沟通能力。 三、公司福利： 1、全年年收入约14.5个月工资，另外约有1.2万左右的现金福利； 2、六险一金，员工年度健康福利体检；其中住房公积金按照月度工资总额的12%购买； 3、五天7小时工作制。带薪年假、各类法定节假日、有薪假及出差探亲假等； 4、各类过节福利、节日礼品、生日礼品、慰问品等； 5、差旅费、差旅津贴、业务招待费、通讯补助、用餐补助、保密补贴等； 6、每月不定期暖心下午茶，部门不定期旅游、聚餐； 7、公司总部设有健身房、篮球场、乒乓球室、壁球室等休闲设施，并定期组织各类业余活动。,2026-03-14
大数据开发工程师,财通证券股份有限公司,杭州-西湖区,1-2万/月,杭州-西湖区 5-7年经验 本科 招若干人 03-14发布,国企,5000-10000人,金融/投资/证券,1、 参与公司大数据平台的建设； 2、 负责业务部门数据需求的收集、分析和实现； 3、 负责数据模块的设计、开发、单元测试工作，以及相关文档编写； 4、 协助安排外包开发人员的开发任务，负责code review工作，确保代码的有效性和正确性； 5、 参与大数据平台的日常运维工作； 6、部门领导交代的其他任务。 1、全日制硕士毕业2年或全日制本科毕业3年，计算机、数学、金融等相关专业； 2、3年以上大数据平台开发经验；熟悉大数据hadoop平台及生态，熟练掌握spark、kafka、flume、flink等技术； 3、熟悉hive、hbase、ES等数据库，拥有较好的数据库设计能力；有数据治理相关经验者尤佳； 4、认真负责，具有团队合作精神，良好的沟通、协调及快速高效学习的能力； 5、有激情，有担当，执行力强，能承担较大压力； 6、有证券、银行、互联网金融等机构相关经验优先。,2026-03-14
数据科学家（人工智能、机器学习、算法工程师、大数据平台架构师）（南京）,亚信科技(中国)有限公司,南京,,南京 博士 招5人 03-14发布,民营公司,,计算机软件,"职位要求: 1、2020、2021届应届毕业生，硕士及博士学历，数学、计算机、软件或相关专业； 2、有扎实的数学理论基础，熟悉机器学习原理与算法； 3、能熟练运用分类、回归、推荐等模型解决相关问题； 4、掌握至少一种开源机器学习框架，并对机器学习理论有深入了解； 5、有C/C++, R, Python语言开发经验者优先； 6、熟悉深度学习工具，如Caffe, Tensorflow/Keras, MXNet等优先； 7、有NLP，语音识别，图像识别经验者优先； 8、熟悉计算机体系结构，能够在算法层和指令层对算法库进行优化和裁剪者优先。",2026-03-14
大数据平台基础架构工程师(J23522),捷信消费金融有限公司,天津-和平区,1.5-3万/月,天津-和平区 8-9年经验 本科 招1人 03-14发布 英语良好,外资（欧美）,10000人以上,金融/投资/证券,"The Sr Data Platform Infrastructure Engineer will ensure the stability of Homecredit data service platform which is based on big data technology (HDFS, HBase, Kudu, Impala, Hive, Spark, etc.), by optimizing platform performance efficiency and setting up monitoring system that will detect abnormal activities damaging platform performance. The candidate will leverage both their technology and leadership skillsets as they partner across the Infrastructure Delivery Organization to architect, design, implement and automate an infrastructure-as-a-service model for our data service platform. 1.Ability to lead a team of peer technical resources forward; 2.Independent thinker and self-starter; 3.Generates ideas, innovative; 4.Good communication skills and ability to communicate at all levels in the organization; 5.Ability to see ""big picture"" and balance it with the detailed view as applicable; 6.Ability to manage ambiguity; 7.Ability to plan ahead and react to changes quickly; 8.Conflict Resolution; 9.Risk Management. 1.Deep experiences managing the Big Data DBMS within a large enterprise environment; 2.Hands-on architectural experience designing, implementing and operationalizing Big Data DBMS based on Cloudera, Hortonwork, and Apache technologies; 3.Good knowledge in cluster computing, strong experiences performing and optimizing common Big Data platform administration tasks (at both software and hardware level) in support of service delivery; 4.Strong track record of successful use of the following Big Data DBMS functionalities: HDFS, HBase, Kudu, Impala, Hive, Spark, etc; 5.Hands-On experiences understand and analyze common Big Data technical logs; 6.Hands-on experiences with DevOps database automation practices; 7.Understand how Hive ""script"", Impala ""script"", Spark ""script"" impact cluster performance; 8.Understand the mechanism of HDFS, HBase, Kudu, etc. and resource management among different components. 1.Knowledge of core infrastructure platforms supporting the Big Data DBMS environment: network, server, storage, etc; 2.Previous experiences developing & performance tuning application database code bases; 3.Hands on experience with capacity management of database appliances like resource al""location"" via Yarn. 1. After on boarding, providing supplementary commercial insurance besides the state-stipulated insurance and housing fund; 2. Fast and transparent promotion channel and broad development opportunities; 3. 5-15 days paid annual leave and 5 days paid sick leave. Free annual physical check-up; 4. Attractive employee activities.",2026-03-14
数据工程师助理6209,OPPO广东移动通信有限公司,深圳-南山区,6-9千/月,深圳-南山区 2年经验 大专 招若干人 03-14发布,合资,10000人以上,"通信/电信运营、增值服务,互联网/电子商务",1、参与数据仓库ETL设计、开发及优化工作； 2、参与数据仓库的建模开发工作； 3、负责日常报表开发、维护等工作； 1、1年及以上数据仓库建设经验，有数仓模型设计与ETL开发经验优先。 2、熟悉使用脚本语言：如shell、python等任意一种以上 3、熟练掌握SQL语言；熟悉Hive的基本原理，熟悉大数据处理相关技术概念； 4、工作主动积极，注重团队协作；,2026-03-14
大数据架构师（可实习）,青岛蜗牛信息技术有限公司,青岛,6-8千/月,青岛 无需经验 招10人 03-14发布,民营公司,150-500人,"计算机软件,外包服务",（1）岗位职责： 1、参与系统概要设计、数据库设计； 2、在系统架构师指导下参与搭建系统框架、编写核心类包； 3、项目概要设计、详细设计、开发计划等的编制并实施； （2）任职资格： 1、计算机及相关专业 2、有电子商务系统开发经验的优先 3、了解UML及RUP开发流程、了解linux 操作系统；,2026-03-14
高级数据分析工程师,上海德拓信息技术股份有限公司,上海-徐汇区,1-1.6万/月,上海-徐汇区 3-4年经验 本科 招2人 03-14发布,合资,500-1000人,"计算机软件,计算机服务(系统、数据服务、维修)",工作职责： 1) 面向行业大数据分析和价值需求，设计和实现数据分析算法模型，进行行业数据挖掘、提炼数据的价值； 2) 与业务部门沟通合作，将数据模型应用于实际业务；在项目实施过程中配合，结合业务逻辑，设计实现并完成数据分析算法模型在项目中上线。 岗位需求： 1) 211计算机或数学或统计相关专业本科及以上学历，掌握Python语言开发、Linux使用和Shell脚本，具备良好的程序设计开发技能； 2) 会使用主流开源数据库如Mysql/PostgreSQL/Hive、作为提供数据分析算法模型程序的数据源进行分析处理；熟练掌握SQL，能使用SQL实现较复杂的数据查询统计和分析计算逻辑； 3) 掌握数据分析的常用方法，包括数据的描述性统计方法和常用数据挖掘算法。熟悉常用机器学习算法，如聚类、回归、决策树等，深刻理解其适用的工程场景和优缺点。并掌握一定的数据可视化方式和方法； 4) 具有2年以上的数据分析项目实践经历，熟悉针对具体业务问题的数据分析算法建模，实践案例中涉及了利用脚本语言或数据工具进行如下多个环节： 对原始数据进行探查、分析数据中隐含的变化和问题，数据的可视化解读； 结合需求目标的、分析算法模型的恰当选择和设计； 数据特征的恰当选择和加工； 算法模型的编程实现，结果效果验证、算法模型调优； 5) 对数据敏感度强，善于分析、归纳、解决问题，能够充分理解用户需求和原始数据间的内在逻辑关系，具有严谨的逻辑分析和较强的独立思考能力；能够编写出图表和文字表述清晰、篇章结构合理的数据分析模型设计文档，； 6) 工作态度严谨认真，主动性和责任心强，有较强的执行力。具有良好的沟通交流能力、团队合作能力，对相关领域新技术新工具的能够快速学习掌握，并用好这些新技术新工具。,2026-03-14
大数据架构师,联通（广东）产业互联网有限公司,广州-海珠区,18-35万/年,广州-海珠区 3-4年经验 本科 招若干人 03-14发布,国企,500-1000人,互联网/电子商务,"1、负责数据平台、数据仓库架构的规划与设计 2、负责数据平台的整体数据架构设计,完成从业务模型到数据模型的设计工作 3、负责业务功能、业务模型，指导数据库建模设计 4、负责数据平台的数据提取、数据挖掘及数据分析需求 任职要求： 1、本科及以上学历，计算机软件及相关专业，3年以上工作经验，1年以上大数据开发经验； 2、熟练掌握SQL，熟悉至少一种ETL开发工具，有kettle开发经验者优先； 3、熟悉java/python编程，有数据挖掘、机器学习经验优先； 4、了解数据仓库基本原理，有传统数据仓库建设经验者优先； 5、熟悉hadoop/HBase/Spark/Storm/Redis/Kafka/ES技术及其生态圈,有实时计算项目经验优先； 6、熟悉Mysql数据库,linux操作系统，熟悉shell编程，具备开源框架使用经验； 7、熟悉数据storm/flink优先。",2026-03-14
大数据开发工程师,广州尚恩科技股份有限公司,广州,0.8-1万/月,广州 2年经验 大专 招若干人 03-14发布 软件工程 计算机科学与技术,民营公司,50-150人,"计算机软件,计算机服务(系统、数据服务、维修)","1、配合大数据项目架构、落地大数据应用技术； 2、负责hadoop/Hive/Hbase/spark设计和实现。 3、构建数据的监测与分析体系； 任职要求 1、2年以上Hadoop/Hive/Hbase/Spark工作经验，有MR开发和分析经验,有1~2个大数据 项目的实战经验； 2、熟悉 Hadoop/Hive/Hbase 原理及运维、调优方法; 3、有java开发经验，熟悉spring组件; 4、有数据库使用经验，如MySql、Oracle、SQL Server、HBase等； 5、熟悉linux开发环境，能够熟练使用shell等脚本; 6、具备良好的表达和沟通能力，有钻研精神，对大数据充满热情，有团队合作精神。",2026-03-14
数据分析师（6k+提成+双休）,广东兆丰恒业控股集团有限公司,广州-天河区,0.6-2万/月,广州-天河区 无需经验 中专 招5人 03-14发布,民营公司,150-500人,金融/投资/证券,公司致力于为年轻人提供一个实现自我提升的平台，如果你对自己的能力有足够的自信，相信凭借自己的努力可以获得自己想要的未来，那么我司将会是你***的选择，这不是一份死工资的工作，你能拿到多少完全取决于你的努力！！ 因公司招聘岗位数量有限，请各位珍惜面试机会，投递简历后按预约时间准时到达公司面试。本公司所有职位限投一次简历，请勿选择多个职位或向公司其它招聘渠道重复投递，否则将会对您的录用带来不便。 一、岗位要求： 1、专业性别不限，对金融行业及技术投资领域有着浓厚的兴趣，专业对口者优先； 2、对于具备优异条件或者志同道合的学员，可以适当放宽年龄或学历限制； 3、勤奋好学，品性优良、身心健康；敢于挑战高薪者，欢迎你的加入！ 4、提供免费专业金融行业知识培训、实用的新闻分析解读技巧和管理能力培训、广阔的事业发展空间； 5、享有完善的奖励制度，公平公正的晋升空间。 二、岗位职责： 1、负责分析每日产品行情，利用技术指标及K线形态，判断行情走势； 2、利用公司提供的资源和技术培训，提高自身能力，为公司创造更多价值； 3、完成上级分配的每日工作任务及工作计划。 三、任职资格： 1、 22-40周岁，有无从业经验者均可，无从业经验者公司会提供免费的专业培训，更看重学习接受能力； 2、熟练操作电脑，热爱金融，对投资理财、数据分析感兴趣者； 3、可接受应届毕业生； 四、员工福利： 1、薪资待遇：公司具有完整的薪酬体系，高额的奖金提成、带薪年假、国际法定假期、团建旅游等员工待遇； 2、员工晋升制度：针对员工的自身发展和职位晋升，公司具有完善且透明的晋升制度、人才培养制度和定期的专业培训。确保员工能在公司发挥自己的能力，提升自身的同时能得到职位的晋升，为公司持续发展提供人才储备； 3、带薪休假：享受国家规定的（清明节、劳动节、端午节、中秋节、国庆、元旦、春节等）法定假日； 4、培训福利：公司遵循人才发展战略，注重外部人才选拔以及内部人才的培训与晋升，不断完善全面系统的培训体系，使每一位员工综合素质全面提升的同时，能够得到自我价值的实现。（新员工入职培训、金融专业培训、技术分析培训、职业发展培训等投资理财培训）； 5、丰富的团队活动：户外拓展、郊游、聚餐、卡拉OK、文体活动等； 公司名称： 广东兆丰恒业控股集团有限公司 联系电话：13229921413 乘车路线：地铁3号线石牌桥站A出口向右前100米（公交BRT石牌桥站） 地址：天河区天河路230号万菱国际中心39楼 注：请携带身份证原件在楼下前台登记 （交通指南：地铁3号线石牌桥站A出口）,2026-03-14
大数据平台研发工程师,中移系统集成（中移雄研院）,西安-雁塔区,1-3万/月,西安-雁塔区 2年经验 本科 招20人 03-14发布,国企,1000-5000人,"通信/电信/网络设备,互联网/电子商务",1.参与大数据平台架构规划与设计；负责数据处理框架、流程与规范接口设计； 2.承担大数据软件平台正常运行、系统问题定位与优化相关任务； 3.负责面向业务场景的数据模型、数据挖掘和处理算法的设计与开发。 【基本条件】 1.遵守国家法律法规，具有良好的思想品质和道德素质； 2.认同公司核心价值观； 3.本人档案中无不良记录。 【教育与专业】 全日制统考类大学本科及以上学历，计算机、通信、电子、软件工程等相关专业 【能力】 1.具备系统分析与设计能力，有良好、规范的编程习惯和文档编写习惯； 2.有责任心，工作积极主动、严谨细致，有团队合作精神和良好的沟通能力； 3.具备有很好的学习和逻辑能力，强烈的探索和求知欲； 4.具备一定的抗压能力，善于应对来自工作上的各种压力； 5.英语CET-4及以上，有良好的英语听说读写能力。 【技能】 1.2年及以上大数据或人工智能研发相关经验； 2.对大数据处理、数据建模、数据分析、数据架构等有一定的理解和认识； 3.熟悉Linux环境下开发，熟练掌握Java/C++/Go/Python等一种以上编程语言； 4.有大数据平台/仓库研发、ETL设计、OLAP开发、报表开发等一种或以上经验与技能者优先； 5.具有海量数据处理经验、熟悉处理算法或有互联网行业数据挖掘工作经验者优先； 6.熟悉区块链平台产品和技术，有相关实践经验者优先。,2026-03-14
高级数据分析工程师（NLP方向）(J11226),高新兴科技集团股份有限公司,广州-黄埔区,1.5-3万/月,广州-黄埔区 3-4年经验 本科 招2人 03-14发布,上市公司,1000-5000人,"计算机服务(系统、数据服务、维修),通信/电信/网络设备",1.搭建并维护自然语言处理相关的基础技术设施； 2.负责探索并引入人工智能NLP新技术，负责新技术转化为产品相关研发； 3.带领并培养一支专业化的NLP研发团队。 任职资格: 1.数学、统计学、计算机相关专业本科及以上学历； 2.在文本数据挖掘、自然语言处理、机器学习、机器翻译等领域有三年以上技术实践经验，在特征抽取、词义消歧、长文本聚类、逻辑推理、知识图谱等方面有深入研究，并有经验总结者优先； 3.具有优秀的编程能力，熟练掌握Python、R、C/C++等至少一门语言，熟悉Linux环境开发；熟练使用一种或几种深度学习框架（caffe，tensorflow， Pytorch，sklearn），精通SQL语言； 4.有安防、通信、银行等相关业务背景者优先； 5.责任心强，积极主动，有良好的沟通能力和团队合作能力，有较强的研究能力者优先。,2026-03-14
大数据分析工程师,上海共志通信信息技术发展有限公司,上海-浦东新区,1-3万/月,上海-浦东新区 3-4年经验 本科 招2人 03-14发布,国企,1000-5000人,"通信/电信/网络设备,专业服务(咨询、人力资源、财会)",1.面向行业客户（政府、金融、制造业、互联网行业）的需求分析、大数据和信息化解决方案及应用原型设计、解决方案编写及售前支撑工作； 2.对大数据产品和服务结合新技术应用场景进行阶段性的梳理、提炼总结和创新策划；支撑大数据相关产品、平台等业务场景梳理和落地实现； 3.关注行业动态及政策背景，支撑各类科研专项课题研究和申报工作； 4.策划并整合资源实现各类大数据可视化应用； 5.整合大数据行业合作资源并形成解决方案或产品服务； 6.协助数据挖掘技术团队进行数据质量优化，对数据挖掘、数据分析过程提出决策性意见和建议。 岗位任职要求： 1、35岁以下，全日制研究生学历计算机、通信、电子等相关专业。良好的英文读写能力，三年及以上在互联网或者其他企业应用系统开发的经验。 2.熟悉互联网、大数据业务或者大型IT信息化服务，以运营商、金融、电商、互联网等行业更佳；具有一定的行业需求分析、系统架构和解决方案编写的能力 3.熟悉大数据挖掘、数据分析和应用原理，了解大数据产品服务全流程应用过程； 4.熟悉常用数据挖掘算法（如分类、聚类、回归、关联规则、神经网络等）及其原理，具备数据挖掘相关工作经验 5.熟练运用Java/Python/R等编程语言；了解Pandas，numpy，scipy，scikit-learn等工具； 6.熟悉Hadoop生态系统，具备数据编程能力，具有Spark、MapReduce、Hive等相关大数据分析经验优先； 7.熟悉大数据可视化应用过程，熟悉开源可视化开发组件及应用场景； 8.具有电信行业数据经验优先； 9.善于独立思考，逻辑清晰，热爱挑战，具备快速学习能力； 10.具备良好的沟通能力和团队合作精神； 11.熟悉网络爬虫，具备一定的反爬虫经验；,2026-03-14
高级数据分析工程师(J11188),高新兴科技集团股份有限公司,广州-黄埔区,1.5-2万/月,广州-黄埔区 3-4年经验 本科 招2人 03-14发布,上市公司,1000-5000人,"计算机服务(系统、数据服务、维修),通信/电信/网络设备",工作职责: 1、根据产品需求，实现业务逻辑，对接web同事和测试组同事； 2、协助现场人员部署和运维大数据集群； 3、进行大数据组件性能测试和调研； 4、编写大数据组件运维工具。 任职资格: 1、大学本科及以上学历，熟悉java，对jvm有了解者优先； 2、了解分布式服务的概念； 3、了解solr、hbase、kafka、spark、hive、hadoop、zookeeper或者其他大数据组件，有相关项目经验者优先； 4、了解微服务； 5、有扎实的计算机基础知识（网络编程、操作系统）者优先； 6、能够独立处理问题。,2026-03-14
高级数据仓库工程师,武汉掌游科技有限公司,武汉-洪山区,1-1.5万/月,武汉-洪山区 3-4年经验 本科 招1人 03-14发布,民营公司,150-500人,网络游戏,"工作职责： 1. 负责数据仓库模型的设计，为上层应用提供优质的数据 2. 根据数据集市的架构，对数据进行合理分层，设计、开发和优化高效的ETL任务体系 3.总结与沉淀数据仓库，进行指标设计和梳理，优化数据地图和数据字典 4. 负责元数据、数据标准、数据质量、数据安全、数据资产目录等功能总体方案设计,包括实时数据仓库和动态多维分析系统 5. 负责推进数据治理实施方案制定及落地，支撑数据湖和数据中台的建设 任职要求： 1、 精通数据仓库建模理论，有参与过2个以上的数据仓库建设经验； 2、 精通spark和hadoop全栈开发，具备大数据平台开发经验；使用hadoop及hadoop生态圈中的常用组件，如Spark、Hive、Kafka、Yarn、HBase、Presto、Elasticsearch等全部或者部分组件,精通其中3个以上优先； 3、熟悉数据仓库设计流程，熟悉MySQL、Oracle、SQL Server等至少一种主流关系数据库，熟悉表结构设计、存储过程编写； 4、逻辑思维能力强，对数据敏感，有较强学习能力和创新思维； 5、对Linux操作系统熟练掌握，熟悉shell脚本编程；",2026-03-14
华为&德科联合招聘-大数据解决方案架构师,华为技术有限公司,深圳-龙岗区,,深圳-龙岗区 3-4年经验 本科 招5人 03-14发布,民营公司,10000人以上,"通信/电信运营、增值服务,通信/电信/网络设备",华为&德科联合招聘-大数据解决方案架构师 职责描述： 1，负责行业大数据解决方案的需求调研和方案设计，含数据治理、数据建模、数据服务方案。 2，负责行业重点项目大数据解决方案的交付和运维。 3，从项目持续积累并优化大数据解决方案的设计方法，转换为知识资产在组织内分享。 任职要求： 1、具有较强的基于hadoop编程和解决问题的能力，具有较好的机器学习算法基础功底优先； 2、熟悉云计算、网络、存储、服务器、操作系统、数据库、大数据，人工智能等技术；具有海量数据处理经验优先； 3、具备良好的沟通协调能力和团队合作精神、良好的学习、动手以及解决问题的能力。 4、有交通、物流行业大数据解决方案项目经验者优先。 华为&德科联合招聘，挂职外企德科，同德科签署劳动合同，在华为研究所办公，参与华为核心项目研发。,2026-03-14
数据工程师,中国邮政集团公司软件开发中心,北京,1.8-3.6万/月,北京 3-4年经验 本科 招5人 03-14发布,国企,150-500人,"计算机软件,计算机服务(系统、数据服务、维修)",岗位职责： 1．负责基于分布式数据库技术跟踪，参与分布式数据库的规划、设计、开发、运维工作； 2．负责基于分布式数据库进行各类结构/非结构化的数据接入、数据清洗、数据加工、数据整合、数据分析等数据开发工作； 任职要求： 1．软件开发、计算机技术相关专业； 2．三年以上分布式数据库开发和运维相关工作经验，熟练使用常见的分布式数据库组件，如Spark 、ES、HBase、Hive等，有相关的维护和优化经验； 3．有扎实的编程基础，至少精通一种开发语言，如C/C++、Java、Python 等语言； 4．具有较强的工作责任心和团队合作意识，抗压能力强，具有较强的分析问题和解决问题的能力，有良好的沟通能力。,2026-03-14
大数据开发工程师-上海,上海梦创双杨数据科技股份有限公司,上海-静安区,1-3万/月,上海-静安区 2年经验 本科 招15人 03-14发布,民营公司,1000-5000人,计算机软件,岗位职责： 1、负责大数据平台的选型和研发工作，完成实时＼离线处理程序开发； 2、面向业务目标，对数据模型、数据分布、数据传输、数据存储等方面进行大数据场景的功能开发； 3、参与相关项目需求分析和分项设计工作。 岗位要求： 1、大学本科或以上学历，计算机相关专业，有大数据相关经验者优先； 2、熟悉linux系统，熟练掌握JAVA或Python语至少一种； 3、熟悉一种关系型数据库，具备一定的SQL功底； 4、有较好的沟通交流能力，较强的抗压能力，对自己的输出负责； 5、熟悉以下任一技术栈者优先：ClickHouse；Hadoop生态，HDFS/Hbase/Hive；MapReduce，Spark；HBase、Kafka；Flink；Sparkstreaming； 6、党员优先。 【聊聊梦想】： 27年来，我们一直奉行“智能化助力治理能力现代化”的使命，致力于成为国内一流的政企数智化专家，在国家和企业走向现代化的过程中，在民族复兴的伟大进程中，我们拥有巨大机遇，欢迎有梦想，有情怀，有能力，有毅力的你加入梦创大家庭，成为一名追梦人，为“中国之治”的伟大梦想贡献力量。 【聊聊前途】： 公司处于快速发展时期，拥有省部级客户近50家，全国超过1万家客户，遍布全国所有省市，覆盖超过1000万用户，公司近几年平均增速超过50%，我们期待你快速成长，独当一面，成为公司区域里的“省长”、“市长”，成为技术领域的“专家”、“院士”，成为职能部门的“局长”、“部长”。 【聊聊福利】： 除了常规福利，我们为你提供了怦然心动的“I-Dream”计划，我们将为你提供公司分红和期权；为你和父母提供国内国外旅游机会，为你及家人设立住房和大病基金，为你提供无息贷款，为你解决上海户口，为孩子提供优秀学校，让你可以无后顾之忧的投入自己的事业发展中来。 优秀的我们，期待卓越的你！,2026-03-14
数据分析师,广发银行股份有限公司信用卡中心,广州,20-30万/年,广州 2年经验 本科 招若干人 03-14发布,合资,10000人以上,"银行,金融/投资/证券",工作职责 1. 深入理解部门发展方向和战略，利用多种手段和工具分析海量数据，提供分析观点，输出可视化分析报告，为系统规划、需求分析和技术运营提供决策支持； 2. 构建数据模型，具备主动的数据梳理意识，引领数据团队不断完善层次化数据分析指标体系，提供数据化运营的系统化解决方案； 3. 利用自身经验发现商业问题与潜在机会，为业务改良与发展提出有效建议，洞察创新的业务方向，可主动提出专项分析议题并负责分析项目的管理，驱动业务发展。 1. 数学、统计、计量经济学等相关专业本科以上学历，2年以上金融行业数据分析经验； 2. 主导过数据可视化分析工作，撰写数据分析报告并输出结论，具备独立领导项目开展的能力及经验； 3. 精通SAS\R\Python，能熟练运用SQL/Hive获取分析所需数据； 4. 具有良好的沟通协调及团队合作能力，具备严谨的逻辑思维能力，能够清晰表达数据分析成果。,2026-03-14
大数据开发工程师,华为技术有限公司,异地招聘,1-3万/月,南京-雨花台区 无需经验 本科 招若干人 03-14发布,民营公司,10000人以上,"通信/电信运营、增值服务,通信/电信/网络设备","关于我们 外企德科“华为精英研发项目”华为消费者云服务大数据平台项目部，专注于数据科学、推荐、搜索、计算机视觉、知识图谱、NLP、AI平台、DMP、画像等前沿技术研究创新，全面应用于华为智能终端业务，服务于亿级用户的APP，以丰富的消费者业务场景和数据驱动应用于AI实战，团队由海内外优秀博士构成，欢迎您在北京、上海、南京、深圳、西安加入大数据团队，一起让世界更智能更便捷。 招聘条件 1、工作年限不限 2、诚实守信、工作履历及学历无任何虚报、工作态度积极、可以跟上公司的节奏 3、本科以上学历，计算机科学或软件工程等相关专业 4、有大数据、人工智能、安卓图形相关功能经验者优先 5、良好的的团队协作和沟通能力，表达及抗压能力 6、良好的责任心和事业心 工作地点： 南京-雨花台区-南京华为研究所、上海-浦东新区-上海华为研究所、深圳-龙岗区-天安云谷产业园 工作职责： 1.负责基于Hadoop/Spark生态系统的大数据计算和挖掘研发； 2.负责基于Flink/SparkStreamming技术进行实时数据处理、特征引擎的开发； 3.负责在线/离线海量数据功能分析处理的开发； 4.负责参与大数据应用需求分析、功能模块详细设计和相关文档的交付； 任职要求： 1.熟悉Hadoop,Spark,HDFS,kafka,Redis,Hive,Hbase,,druid等分布式系统框架和工作原理； 2.熟练使用scala,pyhon,java任一语言; 3.熟悉SparkStreaming，SparkSql, Flink, Apache Beam等组件,熟悉HiveSql等语言，并且能够性能调优; 4.熟悉数据挖掘算法、模型的优先;",2026-03-14
大数据开发工程师,华为技术有限公司,异地招聘,1-3万/月,南京-雨花台区 无需经验 本科 招若干人 03-14发布,民营公司,10000人以上,"通信/电信运营、增值服务,通信/电信/网络设备","关于我们 外企德科“华为精英研发项目”华为消费者云服务大数据平台项目部，专注于数据科学、推荐、搜索、计算机视觉、知识图谱、NLP、AI平台、DMP、画像等前沿技术研究创新，全面应用于华为智能终端业务，服务于亿级用户的APP，以丰富的消费者业务场景和数据驱动应用于AI实战，团队由海内外优秀博士构成，欢迎您在北京、上海、南京、深圳、西安加入大数据团队，一起让世界更智能更便捷。 招聘条件 1、工作年限不限 2、诚实守信、工作履历及学历无任何虚报、工作态度积极、可以跟上公司的节奏 3、本科以上学历，计算机科学或软件工程等相关专业 4、有大数据、人工智能、安卓图形相关功能经验者优先 5、良好的的团队协作和沟通能力，表达及抗压能力 6、良好的责任心和事业心 工作地点： 南京-雨花台区-南京华为研究所、上海-浦东新区-上海华为研究所、深圳-龙岗区-天安云谷产业园 工作职责： 1.负责基于Hadoop/Spark生态系统的大数据计算和挖掘研发； 2.负责基于Flink/SparkStreamming技术进行实时数据处理、特征引擎的开发； 3.负责在线/离线海量数据功能分析处理的开发； 4.负责参与大数据应用需求分析、功能模块详细设计和相关文档的交付； 任职要求： 1.熟悉Hadoop,Spark,HDFS,kafka,Redis,Hive,Hbase,,druid等分布式系统框架和工作原理； 2.熟练使用scala,pyhon,java任一语言; 3.熟悉SparkStreaming，SparkSql, Flink, Apache Beam等组件,熟悉HiveSql等语言，并且能够性能调优; 4.熟悉数据挖掘算法、模型的优先;",2026-03-14
大数据开发工程师,华为技术有限公司,南京-雨花台区,1-3万/月,南京-雨花台区 无需经验 本科 招若干人 03-14发布,民营公司,10000人以上,"通信/电信运营、增值服务,通信/电信/网络设备","关于我们 外企德科“华为精英研发项目”华为消费者云服务大数据平台项目部，专注于数据科学、推荐、搜索、计算机视觉、知识图谱、NLP、AI平台、DMP、画像等前沿技术研究创新，全面应用于华为智能终端业务，服务于亿级用户的APP，以丰富的消费者业务场景和数据驱动应用于AI实战，团队由海内外优秀博士构成，欢迎您在北京、上海、南京、深圳、西安加入大数据团队，一起让世界更智能更便捷。 招聘条件 1、工作年限不限 2、诚实守信、工作履历及学历无任何虚报、工作态度积极、可以跟上公司的节奏 3、本科以上学历，计算机科学或软件工程等相关专业 4、有大数据、人工智能、安卓图形相关功能经验者优先 5、良好的的团队协作和沟通能力，表达及抗压能力 6、良好的责任心和事业心 工作地点： 南京-雨花台区-南京华为研究所、上海-浦东新区-上海华为研究所、深圳-龙岗区-天安云谷产业园 工作职责： 1.负责基于Hadoop/Spark生态系统的大数据计算和挖掘研发； 2.负责基于Flink/SparkStreamming技术进行实时数据处理、特征引擎的开发； 3.负责在线/离线海量数据功能分析处理的开发； 4.负责参与大数据应用需求分析、功能模块详细设计和相关文档的交付； 任职要求： 1.熟悉Hadoop,Spark,HDFS,kafka,Redis,Hive,Hbase,,druid等分布式系统框架和工作原理； 2.熟练使用scala,pyhon,java任一语言; 3.熟悉SparkStreaming，SparkSql, Flink, Apache Beam等组件,熟悉HiveSql等语言，并且能够性能调优; 4.熟悉数据挖掘算法、模型的优先;",2026-03-14
大数据分析与挖掘工程师,华为技术有限公司,东莞-松山湖区,1.5-4万/月,东莞-松山湖区 5-7年经验 本科 招5人 03-14发布,民营公司,10000人以上,"通信/电信运营、增值服务,通信/电信/网络设备",1、从事数据理解、数据分析，掌握数据分析的基本原理和一些有效的数据分析方法，输出分析报告； 2、 与业务专家一起完成领域内不同场景的数据探索和应用孵化工作，结合洞察分析和营销效果，给出模型优化方案； 3、 负责数据分析、挖掘，提炼出数据支撑的应用，驱动工具/平台数据架构优化； 4、 沉淀分析方法和数据模型，完善部门数据应用建设。 专业知识： 1、具备基础的通信行业知识背景或具有数据分析类项目交付经验； 2、熟悉BSS业务流程或CS/PS业务及信令流程； 3、有丰富的通信或数据分析行业工作经验，熟悉数据库、数据挖掘算法及原理，能使用SPSS/R/SAS等数据分析工具中的至少一种； 4、了解数据库基本原理，熟悉SQL语法和SQL逻辑优化，具备数据库应用开发及运维经验优先。 业务技能需求： 1、通过数据探索和数据分析等发现业务问题，提出解决方案或规划数据分析与挖掘模型； 2、熟悉Hadoop/Hive/Spark等，有一定的数据仓库建模、性能调优经验； 3、有Python编程基础优先。,2026-03-14
大数据交付工程师,华为技术有限公司,东莞-松山湖区,1.5-4万/月,东莞-松山湖区 5-7年经验 本科 招5人 03-14发布,民营公司,10000人以上,"通信/电信运营、增值服务,通信/电信/网络设备","1、以TD/TTL/UTL角色负责运营商企业级大数据中心项目、大数据治理服务项目、大数据分析项目等交付工作，同时负责实施计划、组网及集成设计、工程部署实施、数据迁移、集成测试及客户验收等交付动作； 2、构建基于运营商BOM域的数据集成、数据资产管理、数据模型建立、数据质量管理、数据资产开放等，负责大数据项目中典型数据及应用场景的方案及有效实施； 3、分析业务目标需要的数据支撑，搭建数据模型和架构，进行数据工程所需的数据分析工作，完成数据定义、数据逻辑、数据血缘关系的设计工作，以指导业务使用，促进业务改进； 4、能够处理项目中的技术问题，主导分析问题的定界定位，制定解决计划与方案，并跟踪问题解决； 5、进行技术风险管理，识别项目中技术风险，如服务策略、技术方案、网络安全和服务合同等，采取有效措施应对并规避风险； 6、进行客户沟通引导，与基层客户有效沟通技术方案、项目计划和进度等，获得客户支持和认可，理解客户商业目标、商业指标并在方案中落地实施。 专业知识： 1、数据治理方法论：理解数据开发的基础概念和术语，如：概念数据模型、逻辑数据模型、物理数据模型；理解数据处理技术OLTP、OLAP，及对应概念：纬度层次、旋转、切片、钻透、卷积等； 2、数据库基础原理：掌握CEM和大数据系统的数据库技术原理、功能架构、典型组网，熟悉Hadoop生态HDFS,YARN,MR/SPARK,Hbase,Hive,Flume,Kafka等组件原理；熟悉使用一种关系型数据库 (Sybase IQOracle, DB2, MySQL等)或MPP数据库(GBase、Greenplum、Vertica等)； 3、数据分析方法论与算法：运用常用的数据统计分析方法，掌握数据建模设计流程、关键算法和方法论。灵活应用较复杂挖掘算法或业界前沿技术（机器学习算法），设计对应的数据模型算法，系统性解决业务问题； 4、熟悉CEM、eTOM，ITIL，NGOSS等业界标准； 5、通信基础知识：熟悉移动通信、数据网络通信基础知识，了解基本业务流程； 6、熟悉核心网、无线、BSS、OSS基础知识，熟悉客户运维网络架构。 业务技能需求： 1、具有一定的软件项目实施经验，熟悉组网方案设计、集成实施、软件调测、客户验收等流程动作； 2、具备较丰富的数据治理、数据建模、数据挖掘与分析工作经验，懂得机器学习算法与SQL、python等数据分析工具，能借助常用数理统计/算法模型解决复杂业务问题，改进优化模型算法，主导探索性分析； 3、熟悉ETL数据集成工具原理，能够使用BDI、DG、SPSS等ETL数据集成、数据建模工具；独立进行数据抽取（包括结构化数据、半结构化数据和非结构化数据、增量数据等）、数据分析和建模关联，熟悉运营商流程架构和CRM、Billing、BI等业务系统； 4、掌握大数据系统的技术原理、功能架构、典型组网，熟悉Hadoop生态的HDFS,YARN,MR/SPARK,Hbase,Hive,Flume,Kafka等组件原理以及BDPaaS服务化的集成与架构； 5、熟悉主流操作系统（Suse/Redhat）、数据网络通信基础(TCP/IP基础，常用路由协议）、主流数据库（Oracle/Mysql/DB2等）及服务器、存储、交换机、路由器、防火墙等硬件数通设备。 6、具有良好的沟通技能、团队合作能力，有良好的项目管理能力，能够承受较大的工作压力，能够接受全球出差和短期派遣；",2026-03-14
数据分析工程师,华为技术有限公司,东莞-松山湖区,1.5-2.5万/月,东莞-松山湖区 5-7年经验 本科 招5人 03-14发布,民营公司,10000人以上,"通信/电信运营、增值服务,通信/电信/网络设备",1、负责业务体验领域（体验管理、网络运维、CMO市场等方向）场景化的业务指标和标签体系建设； 2、 与业务专家一起完成领域内不同场景的AI业务、应用的探索和孵化工作，结合洞察分析和营销效果，给出模型优化方案； 3、 沉淀分析方法和数据模型，完善部门数据应用建设。 专业知识： 1、本科以上学历，应用数学、统计学、机器学习、数据分析、软件专业优先； 2、熟悉大数据平台的技术，能在Hadoop/Spark等框架下进行数据提取和分析； 3、熟练运用SQL、Tableau、Excel、PPT。 业务技能需求： 1、2年以上数据分析或AI项目经验，有大数据实践经验者优先，掌握机器学习、数据分析相关算法； 2、熟练掌握SPSS、 Modeler、Python（掌握主流的机器学习和深度学习框架，如pandas、 scikit-learn、TensorFlow、MXNet等）之一； 3、学习能力强，良好的业务理解能力和商业分析能力，出色的沟通以及团队协作意识。,2026-03-14
数据分析师,富德生命人寿保险股份有限公司山东分公司,济南-历下区,5-8千/月,济南-历下区 2年经验 本科 招1人 03-14发布,民营公司,10000人以上,保险,一、工作内容： 1.负责业务数据监控和分析，提交数据分析报告； 2.深入理解业务、对海量数据进行挖掘、为公司业务决策提供数据支撑； 3.结合数据挖掘算法、数学模型、业务知识，设计大数据应用模型。 二、资格要求： 1.金融、经济、财会、管理、计算机等本科以上学历； 2.具有良好的数学、统计学、数据挖掘理论知识； 3.有金融数据分析、财务数据分析工作经验者优先； 4.有良好的团队合作能力者优先考虑； 5.有责任感、敬业，善于沟通； 6.有创新精神和创新意识者优先考虑。,2026-03-14
大数据开发工程师,华为技术有限公司,异地招聘,1.5-2万/月,西安-高新技术产业开发区 1年经验 本科 招若干人 03-14发布,民营公司,10000人以上,"通信/电信运营、增值服务,通信/电信/网络设备",招聘部门：华为FusionInsight大数据平台开发部 岗位职责： 1、负责华为FusionInsight大数据平台设计和核心代码开发，软件架构看护； 2、负责Hadoop/Spark/图数据库/流处理/搜索引擎/协同计算等产品设计和开发； 3、负责Hadoop/Spark生态圈组件维护，开源社区动态跟踪、竞争力分析和规划技术演进； 业务技能： 1、3年以上Java/Scala/Python/C/C++开发经验，熟悉Linux/Unix操作系统原来，熟练掌握常用设计模式； 2、有分布式系统设计开发经验，能独立承担软件模块设计和开发工作； 3、熟悉大数据相关组件Hadoop/HBase/Spark/Sqoop/Oozie/Flume/Kafka/Flink /Storm/Hive/Elasticsearch内核源码，系统性能调优和分布式架构经验优先； 4、熟练掌握Spring MVC、容器等技术，理解SOA、微服务等关键理念与技术，并有实践应用经验；,2026-03-14
大数据开发工程师,华为技术有限公司,异地招聘,1.5-2万/月,东莞-松山湖区 1年经验 本科 招若干人 03-14发布,民营公司,10000人以上,"通信/电信运营、增值服务,通信/电信/网络设备",招聘部门：华为FusionInsight大数据平台开发部 岗位职责： 1、负责华为FusionInsight大数据平台设计和核心代码开发，软件架构看护； 2、负责Hadoop/Spark/图数据库/流处理/搜索引擎/协同计算等产品设计和开发； 3、负责Hadoop/Spark生态圈组件维护，开源社区动态跟踪、竞争力分析和规划技术演进； 业务技能： 1、3年以上Java/Scala/Python/C/C++开发经验，熟悉Linux/Unix操作系统原来，熟练掌握常用设计模式； 2、有分布式系统设计开发经验，能独立承担软件模块设计和开发工作； 3、熟悉大数据相关组件Hadoop/HBase/Spark/Sqoop/Oozie/Flume/Kafka/Flink /Storm/Hive/Elasticsearch内核源码，系统性能调优和分布式架构经验优先； 4、熟练掌握Spring MVC、容器等技术，理解SOA、微服务等关键理念与技术，并有实践应用经验；,2026-03-14
大数据开发工程师,华为技术有限公司,西安-高新技术...,1.5-2万/月,西安-高新技术产业开发区 1年经验 本科 招若干人 03-14发布,民营公司,10000人以上,"通信/电信运营、增值服务,通信/电信/网络设备",招聘部门：华为FusionInsight大数据平台开发部 岗位职责： 1、负责华为FusionInsight大数据平台设计和核心代码开发，软件架构看护； 2、负责Hadoop/Spark/图数据库/流处理/搜索引擎/协同计算等产品设计和开发； 3、负责Hadoop/Spark生态圈组件维护，开源社区动态跟踪、竞争力分析和规划技术演进； 业务技能： 1、3年以上Java/Scala/Python/C/C++开发经验，熟悉Linux/Unix操作系统原来，熟练掌握常用设计模式； 2、有分布式系统设计开发经验，能独立承担软件模块设计和开发工作； 3、熟悉大数据相关组件Hadoop/HBase/Spark/Sqoop/Oozie/Flume/Kafka/Flink /Storm/Hive/Elasticsearch内核源码，系统性能调优和分布式架构经验优先； 4、熟练掌握Spring MVC、容器等技术，理解SOA、微服务等关键理念与技术，并有实践应用经验；,2026-03-14
软件开发工程师（大数据）-华为OD,华为技术有限公司,成都-郫都区,1-2.5万/月,成都-郫都区 2年经验 本科 招2人 03-14发布,民营公司,10000人以上,"通信/电信运营、增值服务,通信/电信/网络设备",职责描述： 负责OneQuery大数据引擎以及大数据库技术原型的相关软件设计、开发，包括模块级、特性级的端到端交付： 1、应用软件的代码开发； 2、完成软件模块级特性设计以及开发； 3、完成产品业务级别的端到端交付。 要求： 1、专业知识要求： 1）熟练掌握Java/Python/JS等编程语言； 2）掌握MPP数据仓库设计原理、运行机制； 3）2年以上大数据实时查询、离线分析、数据存储开发经验，包括 Presto、Spark、Impala、Hive、HDFS、HBase、YARN、MR等； 4）具有一定分布式系统设计开发经验者优先； 5）具有OLAP系统开发经验，PB以上级的生产经验者优先； 6）有较强的逻辑思维能力、学习能力。 2、业务技能要求： 1）熟练掌握JAVA或C/C++或Python等编程语言； 2）掌握操作系统、数据库、数据结构、软件工程等软件开发必备知识； 3）有大数据、数据库等行业从业经验者优先。 注：此岗位为华为OD岗位，不同于传统外包岗位，base成都/深圳，合同签外企德科，同岗位同职级工资和年终奖与华为相同薪酬框架，绩效优秀者可转华为。,2026-03-14
软件开发工程师（大数据）-华为OD,华为技术有限公司,深圳-龙岗区,1.5-3万/月,深圳-龙岗区 2年经验 本科 招2人 03-14发布,民营公司,10000人以上,"通信/电信运营、增值服务,通信/电信/网络设备",职责描述： 负责OneQuery大数据引擎以及大数据库技术原型的相关软件设计、开发，包括模块级、特性级的端到端交付： 1、应用软件的代码开发； 2、完成软件模块级特性设计以及开发； 3、完成产品业务级别的端到端交付。 要求： 1、专业知识要求： 1）熟练掌握Java/Python/JS等编程语言； 2）掌握MPP数据仓库设计原理、运行机制； 3）2年以上大数据实时查询、离线分析、数据存储开发经验，包括 Presto、Spark、Impala、Hive、HDFS、HBase、YARN、MR等； 4）具有一定分布式系统设计开发经验者优先； 5）具有OLAP系统开发经验，PB以上级的生产经验者优先； 6）有较强的逻辑思维能力、学习能力。 2、业务技能要求： 1）熟练掌握JAVA或C/C++或Python等编程语言； 2）掌握操作系统、数据库、数据结构、软件工程等软件开发必备知识； 3）有大数据、数据库等行业从业经验者优先。 注：此岗位为华为OD岗位，不同于传统外包岗位，base成都/深圳，合同签外企德科，同岗位同职级工资和年终奖与华为相同薪酬框架，绩效优秀者可转华为。,2026-03-14
数据开发（oracle）,金财互联数据服务有限公司,广州-越秀区,1.2-1.7万/月,广州-越秀区 3-4年经验 大专 招3人 03-14发布,上市公司,1000-5000人,计算机软件,岗位职责： 1、根据需求，分析取数和生成数据的业务逻辑，遵照数据开发规范进行ETL开发；及时提交数据开发过程代码（数据迁移、数据初始化、数据抽取加工）、文档等产出物； 2、对完成数据开发作业和调度进行测试，编写测试报告，保证数据处理的效率和正确性； 3、参与项目的所有调度程序及相关SQL的优化工作； 4、完成主管领导分配的其他任务。 任职资格： 1、熟练掌握SQL语言，能熟练使用Oracle、SQL Server、MYSQL等扩展的SQL语法，有较好的SQL性能调优经验； 2、熟悉ETL架构，熟悉ETL的开发和优化，熟悉日常作业的部署和调度，会使用ETL工具Kettle、Datastage等； 3、熟悉常用模型设计工具PowerDesigner、Erwin； 4、具备良好数据敏感度、逻辑分析能力，注重细节，态度积极； 5、有较好的逻辑思维能力，具备较强的数据处理能力； 6、熟悉金三数据结构的优先； 8、一本院校本科及以上学历的优先。 福利待遇： 1、薪酬：有竞争力的薪酬体系，我们不止跟你谈理想，钱也必须谈一谈~ 2、交通：无论天涯，免费班车直达公司，蓦然回首，公交总站/地铁就在公司不远处。。。 3、工作时间：5天7小时工作制，充足的休息让你一整天元气满满！ 4、各种福利：五险一金小case，节日礼物福利补贴说不完！ 5、团建活动：每天下午茶，每周团队活动，每月部门聚餐，经费充足不差钱，大公司就是这么壕！ 6、发展平台：想要升职加薪走向人生巅峰？上市公司晋升发展机会多多~,2026-03-14
总公司科技事业部大数据部资深软件开发岗(J14527),前海人寿保险股份有限公司,成都-高新区,2-2.5万/月,成都-高新区 3-4年经验 本科 招1人 03-14发布,民营公司,1000-5000人,"保险,金融/投资/证券",工作职责: 1、开发大数据平台功能； 2、负责大数据平台应用接入和推广； 3、负责大数据平台部分运维工作； 4、完善大数据平台的功能模块； 5、善于挖掘客户数据； 6、其他大数据平台相关工作。 任职资格: 1、全日制大学本科及以上 2、计算机科学类相关专业 3、熟悉关系型数据库，熟悉SQL语言，有spark、hadoop、Elastic Search 、列式数据库开发经验优先；熟悉Linux、UNIX等操作系统及开发环境；精通至少一门主流开发语言(java) 4、工作有责任心，善沟通及团队合作；有较强的学习能力，对技术有钻研精神，并有较高的热情，热衷于新技术学习和实践 5、有Python、scala开发经验优先,2026-03-14
呼叫中心数据分析师（五险一金）,金财互联数据服务有限公司,广州-番禺区,4-6千/月,广州-番禺区 大专 招1人 03-14发布,上市公司,1000-5000人,计算机软件,岗位职责： 1、负责呼叫中心数据提取，统计，分析，可视化等数据分析处理工作； 2、负责数据分析，对业务问题进行深入分析，为业务的策略提供数据支持； 3、负责数据分析报告的撰写； 4、处理上级领导安排的其他工作。 任职要求： 1、大专及以上学历； 2、对Office工具精通，EXCEL、PPT能熟练运用； 3、对数据敏感，有较好的逻辑思维能力，能独立编写数据分析报告； 4、工作严谨、责任心强，能承受工作压力。 福利待遇： 1、购买五险一金； 2、上下班班车接送（班车站点：金山谷花园公交站、汉溪长隆地铁站）,2026-03-14
数据分析师+底薪6000+双休+社保,成都鼎汇信息技术咨询有限公司,成都-锦江区,6-8千/月,成都-锦江区 在校生/应届生 大专 招4人 03-14发布,民营公司,150-500人,"金融/投资/证券,互联网/电子商务",1，对有无经验均可，但愿意学习，热爱金融交易，敢于接受挑战新事物的挑战。 2，金融市场有浓厚的兴趣，善于分析，有实现财富自由的强烈愿望。 3，有较强的学习力和执行力，具备良好的风险控制意识和资金管理意识。 4，具有冷静的分析能力，并有良好的自控能力。 5，严格执行公司各项制度，并定期整理交易数据，向老师上传分析结果； 福利待遇： 1、每月享有带薪病假，休息时也会有工资拿； 2、弹性的工作时间，让你工作自由安排； 3、提供各种高大上下午茶及零食； 4、各种高端大气上档次的团队建设； 5、专属每位员工的生日派对、礼物、和小伙伴们更真挚的祝福 6、不定时不定量的微信抢红包的惊喜活动，等你来抢； 7、神一般的队友，激情四溢朝气蓬勃的团队工作氛围； 8、结婚红包、每年两次的加薪机会，每月的绩效奖金，年底红包等丰厚的福利等着你； 公司官网www.cddhfx.com 请勿重复投递！投递简历后，简历符合要求人事会在48小时内进行通知！请保持电话畅通！,2026-03-14
大数据架构师,广发银行股份有限公司信用卡中心,广州,2-2.5万/月,广州 5-7年经验 本科 招1人 03-14发布,合资,10000人以上,"银行,金融/投资/证券",岗位职责 1. 管理大数据平台技术和框架，研究跟进大数据架构领域发展，支持新技术POC测试、方案选型和引进等工作； 2. 关注大数据应用方向的前沿创新，规划大数据平台类产品架构，促进大数据能力的服务化输出，推动相应数据产品的研发和落地。 岗位要求 1. 本科及以上学历，计算机、软件工程、信息工程类相关专业，具有3年以上大数据项目开发经验，以及2年以上大数据架构设计经验，具有金融行业背景优先； 2. 熟悉Hadoop生态圈组件，精通Hadoop、Spark、Hive、Hbase、Flink、Storm、Kafka、ES等主流大数据技术，有Java或Scala语言开发经验； 3. 深入理解大数据数仓，有较丰富的ETL经验，熟悉企业数据架构和数据模型，对大数据治理和安全管控有较为系统的实践； 4. 对技术发展趋势有密切跟踪，对数据产品和技术市场具备较高的敏感度； 5. 良好的沟通和表达能力，以及项目管理协调经验。,2026-03-14
大数据开发工程师-GZ,北明软件有限公司,广州,1.2-2万/月,广州 3-4年经验 本科 招2人 03-14发布,上市公司,1000-5000人,"计算机软件,计算机服务(系统、数据服务、维修)",岗位职责： 1、负责大数据研发部门的大数据平台相关产品的设计，开发、文档撰写和项目改进 ； 2、参与大数据平台上业务应用的功能设计及架构规划； 3、负责研发与大数据基础组件对接的核心模块。 岗位要求： 1、全日制本科，计算机相关专业； 2、三年及以上Java开发经验，熟悉Java语言，熟悉虚拟机原理，数据结构和算法等基础扎实，熟练掌握并应用面向对象的编程思想； 3、熟悉Hadoop以及相关开源大数据技术，如Hive、HBase、Storm、Flink、spark等框架，研读过前面罗列框架源码一种以上； 4、对海量数据存储、计算或者机器学习有实战经验者优先； 4、有较强的责任心、上进心以及良好的表达和沟通能力。,2026-03-14
金融数据分析师（高级行情分析师）,苏州兴志合软件信息服务有限公司,苏州-工业园区,0.8-1万/月,苏州-工业园区 在校生/应届生 大专 招2人 03-14发布 普通话良好,外资（非欧美）,150-500人,"电子技术/半导体/集成电路,金融/投资/证券",1、本岗位为金融技术岗，非软件行业的纯数据分析； 任职要求： 1、本科及以上学历，具有金融、证券、经纪等相关专业背景，经验丰富的专科学历者可优先考虑， 2、熟悉金融市场，有金融类投资分析师资格证和金融公司从业经历优先 3、掌握各类经济分析理论和工具，对金融市场规律有深刻理解，对宏观经济层面有独到的分析能力 4、具备较强的信息收集、热点捕捉和文字写作能力，以及独立的行情研究与判断的能力并能及时进行相关性分析及讲解 5、熟练使用各种技术分析指标，有较强的分析能力，可以结合市场走势及时提出分析和策略参考建议并能遵循风控制度，及时上报操作中出现的差错和异常 工作时间： 9:00--5:00 周末双休 工作地址：苏州市工业园区工业园区苏州大道西158号凤凰国际大厦4109,2026-03-14
系统架构设计师（大数据方向）,中国邮政集团公司软件开发中心,北京,,北京 5-7年经验 本科 招若干人 03-14发布,国企,150-500人,"计算机软件,计算机服务(系统、数据服务、维修)",1．作为大数据平台架构师，负责规划设计大数据基础平台及研究相关技术； 2．负责海量数据采集、处理及存储、应用方案的技术选型及架构实现； 3．负责海量数据分析/查询、分布式存储、流式/实时计算等应用层架构搭建及核心代码实现； 4．负责大数据技术应用的技术难点攻关、技术发展研究。 1．本科及以上学历，数学或计算机相关专业毕业，具有扎实的计算机基础理论知识； 2．计算机领域五年以上工作经验，2年以上hadoop项目设计及研发经验； 3．熟悉hive、hbase、storm、mahout、flume、ElasticSearch、Spark、Kafka等，具备实际项目设计或开发经验； 4．熟悉大规模数据挖掘、机器学习、自然语言处理、分布式计算中一项或多项技术，并具备多年的实际工作经验； 5．熟悉主流关系型数据库（Oracle、MySql）、NoSql数据库，熟悉pl/sql编程； 6．对技术充满热情且具有钻研精神，对新技术以及行业动向保持敏感性； 7．具有较强的执行力，高度的责任感、很强的学习、沟通能力，能够在高压下高效工作； 8．有物流、快递、电子商务行业经验者优先。,2026-03-14
大数据开发工程师,深圳市诺维尔科技互联网有限公司,深圳-龙华新区,1-1.5万/月,深圳-龙华新区 1年经验 本科 招2人 03-14发布,民营公司,150-500人,计算机软件,"岗位职责 1、参与大规模数据快速查询系统的架构设计和开发； 2、大规模数据挖掘和机器学习算法的实现； 3、在线和离线海量数据分析平台的开发； 4、研究大数据前沿技术，提升系统的运维效率； 5、实现大数据基础架构平台的自动化运维。 任职资格 1、本科及以上学历，计算机相关专业，熟悉Java,Linux； 2、熟悉Hadoop大数据处理系统的开发,搭建及部署者优先； 3、熟练地处理数据模型、数据ETL以及存储管理； 4、熟悉HDFS/Hive/MapReduce/Kylin/HBase，能独自进行Mapreduce程序开发者优先； 5、熟悉分布式系统概念、架构，有大规模分布式系统设计、实现、部署等经验； 6、有较强的书面与口头沟通表达能力，独立分析、解决问题的能力。 工作时间：朝九晚六，周末双休",2026-03-14
大数据开发工程师,北明软件有限公司,广州,1.5-2万/月,广州 招5人 03-14发布,上市公司,1000-5000人,"计算机软件,计算机服务(系统、数据服务、维修)","岗位职责： 负责北明软件大数据平台的研发工作，基于Hadoop数据平台基础组件研发（hadoop生态圈个组件），基于Hadoop平台的数据挖掘、数据流处理。 职位要求： 1、大学科学历以上，1年以上工作经验，熟悉大数据开发的专业知识； 2、自我驱动，热爱编程，认为编程是不可剥夺的权利，对技术和产品充满热情，极致追求。 3、有Hadoop/Spark/Storm等开源社区经营，掌握数据挖掘算法和相关软件，精通Java/R语言者优先。 4、了解Hadoop，HDFS，Hive等分布式大数据技术、能够独立开发功能者优先考虑 5、追求高品质产品的精神与热情，对行业动态有足够洞察力及敏锐度； 6、具有优秀的表达、沟通与协调能力、团队合作精神、保密意识。 ====================================================================== 五天八小时工作制 享有法定节假日、年假、员工福利假 购买社会保险和住房公积金 提供接送班车、午餐补助 每周组织羽毛球赛，不定期足球、篮球赛 每年组织员工免费体检，年度旅游 广州市天河区高唐软件园思成路1号北明软件大楼（提供接送班车） 思成路站（北明软件大楼正前方）、软件路站（步行2-3分钟到北明软件大楼）、高普路软件路口站（由天蕴路步行至北明软件大楼6-7分钟） 近期有不法分子假借我公司之名电话（一般是手机）邀约求职者前去应聘（韶关等非广州市区），在此提醒各求职者，注意甄别招聘信息： 1、我司只用公司固话致电，并以公司邮箱 ,发送面试邀请函。 2、华南区如有要求回公司办理入职或培训，广州市天河区高唐软件园思成路1号北明软件大楼 为***指定地点。",2026-03-14
大数据算法工程师（上海）,广州汇智通信技术有限公司,上海,20-30万/年,上海 3-4年经验 本科 招2人 03-14发布,国企,1000-5000人,"通信/电信/网络设备,计算机软件","岗位职责： 1.负责海量（万亿级别）数据的分析/处理/开发工作 2.根据业务需求，负责算法模型的建立和实现，配合项目经理进行技术决策和风险评估，协助项目经理完成项目前期工作计划制定； 3.参与公司大数据平台上业务应用的功能设计及架构规划，负责公司大数据平台相关产品的设计/开发/文档撰写和项目改进； 任职要求： 1.本科及以上学历，计算机/应用数学/人工智能/模式识别/自控/统计/运筹学专业，具备扎实的数据结构和算法功底； 2.熟悉常用数据挖掘算法(聚类/分类/回归/关联规则/图模型）等算法原理，具备实际的建模经验，熟悉常用机器学习算法原理，如朴素贝叶斯/决策树/随机森林/逻辑回归/SVM等，并具备相关应用经验； 3.熟悉hadoop/spark分布式计算平台，具有基于spark的实际开发经验； 4.熟悉/精通Java/scala编程语言，编码能力强悍，具有良好的编程习惯，简练的编码风格； 5.极强的数据敏感度，能从海量数据中挖掘出数据核心价值； 6.严密的数据思维，突出的分析归纳能力和表单能力； 7.有自然语言处理经验者，有cnn,rnn,lstm,dbn等深度学习实战经验者优先考虑； 8.富有创新精神，充满激情，乐于接受挑战，良好的沟通技巧和团队合作",2026-03-14
数据开发工程师,华为技术有限公司,西安-高新技术...,1.5-2万/月,西安-高新技术产业开发区 招若干人 03-14发布,民营公司,10000人以上,"通信/电信运营、增值服务,通信/电信/网络设备","1、负责数据库领域的需求分析、设计、开发、运维等工作; 2、负责业界领先的云端到终端各层次内核数据库研发,基于操作系统内核技术构建数据库高性能、高可用等核心竞争力; 3、负责数据库内核相关领域的新技术探索； 岗位要求： 1、 熟悉C/C++/ python； 2、 熟悉Linux操作系统、数据库应用，熟悉代码优化的规则与技巧； 3、 熟悉分布式技术理论，并实践经验者优先； 工作地： 西安",2026-03-14
数据分析工程师,中国科学院上海高等研究院,上海-浦东新区,1-1.5万/月,上海-浦东新区 本科 招若干人 03-14发布,事业单位,1000-5000人,政府/公共事业,1. 能够使用大数据分析工具（spark等）对数据进行分析 2. 了解微服务集群环境 3. 能够根据主题对数据进行建模分析，建立分析任务。 4. 能够在海量数据中挖掘出感兴趣的内容并将分析的结果以合理的方式展示出来。 5. 熟悉数据库Mongodb、Hbase、kudu等 1、 2年以上linux平台上JAVA服务器开发工作经验，熟悉shell或脚本语言； 2、 熟练使用JAVA开发语言进行大数据的应用开发，熟悉linux操作系统，熟悉分布式数据缓存及数据库开发（具备在大型分布式数据库进行java语言的开发经验）； 3、 深入了解大数据分析工具及主流技术框架，具有扎实的技术功底； 4、 较强的数据逻辑分析能力以及分布式系统的开发经验； 5、 了解视频，图像等非结构化数据的分析方法。 6、 本科以上,2026-03-14
大数据开发工程师,重庆智汇电子商务规划研究院,重庆-江北区,4.5-6千/月,重庆-江北区 2年经验 本科 招2人 03-14发布 软件工程,民营公司,50-150人,互联网/电子商务,1、参与大数据平台的建设及开发。 2、负责产品/项目的需求调研、数据分析、商业分析及数据挖掘建模等工作。 3、构建基于大数据的数据产品和应用。 4、负责数据分析、数据采集、清洗、分析等整个流程。 任职要求： 1. 熟悉关系数据库系统Mysql、nosql(mongodb、hbase 、 redis、hive)等数据库的优化、设计与备份 2. 熟悉Linux系统，熟悉shell；熟悉zookeeper、kafaka、activemq、rabbimq的消息队列 3. 熟悉Hadoop平台，mapreduce、Spark、hdfs等大数据实时计算和分布并行计算相关技能与经验。 4. 熟悉htms、echart.js等前端技能。 5. 熟悉Java或者Python程序设计； 6、熟悉大数据集群的搭建、管理及优化。 7、了解kettl、调度工具 8. 具有二年以上数据挖掘或者数据分析的经验； 9. 具有大数据算法设计经验； 10. 同时具有图像处理和分析经验的优先考虑； 11. 有责任心，能够承受一定的工作压力； 12. 具有良好的工作能力和团队协作精神； 13. 具有良好的逻辑思维能力和业务解读能力； 14. 工作积极主动，充满激情。,2026-03-14
大数据分析工程师,“前程无忧”51job.com（上海）,上海-浦东新区,,上海-浦东新区 本科 招若干人 03-14发布 英语熟练,外资（非欧美）,500-1000人,"互联网/电子商务,专业服务(咨询、人力资源、财会)","工作地点：浦东新区张东路 岗位职责： 1. 参与大数据平台架构的整体规划和设计； 2. 参与平台的整体数据架构设计，完成从业务模型到数据模型的设计工作; 3. 参与基于大数据平台的网站用户行为、用户画像等分析 。 任职要求： 1.计算机及相关专业，本科及以上学历； 2.熟悉Hadoop、hive、hbase、storm、zookeeper、Sqoop等开源分布式系统； 3.熟悉大数据量、大用户量、实时业务、高并发、高吞吐、高可靠性分布式系统的优先； 4.熟悉shell,perl,Python,php至少一种,精通MapReduce的编写 熟悉Java语言者优先； 5.对操作系统、算法、数据结构有深入理解； 6.熟悉linux系统； 7.熟悉storm、s4等流式计算平台优先； 8.对数据敏感、对新技术敏感，有数据挖掘技能者优先。",2026-03-14
大数据研发工程师,民航成都电子技术有限责任公司,成都,12-25万/年,成都 在校生/应届生 本科 招2人 03-14发布 计算机科学与技术 软件工程,国企,500-1000人,电子技术/半导体/集成电路,工作内容： 国内外民用机场、航空公司信息系统的设计、研发、建设和运维。 工作地点： 成都、新津工业园区（需国内出差） 任职要求： 岗位职责： 1. 完成各类基础文档的撰写工作。 岗位职责： 1. 负责大数据平台的搭建和维护。 2. 负责大数据平台设计。 3. 负责大数据平台相关程序的开发。 岗位要求： 1. 计算机或相关专业本科及以上学历，计算机理论基础扎实，对数据结构和算法设计有较为深刻的理解。 2. 精通JAVA编程语言，有良好的面向对象思想。 3. 熟悉Hadoop、HBase、Hive、Spark等大数据开源框架，深入理解Map/Reduce、Hive、Hbase、HDFS相关原理及高级特性，具有丰富的海量数据处理开发经验。 4. 有丰富的Hadoop集群部署、开发和维护管理经验，熟悉常见的开源大数据处理软件（Storm、Kafka、Zookeeper等）。 5. 有海量数据的分析能力和处理经验、能够熟练编写mapreduce程序、对数据分析和数据挖掘有浓厚兴趣。 供职部门：民航成都信息技术有限公司 民航信息招聘介绍 一、基本情况 民航成都信息技术有限公司成立于2014年，全面继承并重组了中国民用航空局第二研究所20年来在民航机场信息化建设领域的产品、经验、人才、市场积淀。所提供的信息产品和技术服务广泛应用于国内运输机场，同类产品市场占有率持续保持领先地位。公司软件研发能力通过了CMMI-3认证，取得了国家高新技术企业称号，拥有发明专利8项、软件著作权31项。 2015年中国民用航空局第二研究所为做大做强民航机场弱电建设业务，将民航成都信息技术有限公司作为骨干企业，全资注入新成立的民航成都电子技术有限责任公司。 民航信息将继续发扬专注、规范、高效、务实的企业精神，为国内民航运输保障企业提供先进、高效、可靠的信息产品及优质、周到、及时的技术服务，致力于成为国内民航信息产业创新引领者。 工作地点位于成都市天府新区西区工业园清凉西路55号。 (公司提供市区多条线路免费通勤车) 二、薪酬待遇 岗位薪酬、奖金、年终奖、出差补贴、交通补贴、各类培训。 2016年公司员工税前收入（不含出差补贴）超过15万比例达78%，超过20万比例达40%，平均接近20万，中位数为18万。 三、五险一金 按照国家相关规定缴纳五险一金。 四、福利休假 按国家规定享受带薪年假及其他各类休假；出差休整假、长期出差直系亲属现场探视或补贴；工作日免费午餐；员工生日、结婚、子女出生慰问；定期免费检，员工生病住院慰问；家庭困难补助；节日慰问等；党组织、团组织、工会组织、兴趣社团。 邮箱：zhangying@caacetc.com,2026-03-14
大数据实施工程师,广州拓尔思大数据有限公司,广州-天河区,6-8千/月,广州-天河区 1年经验 本科 招5人 03-14发布,上市公司,150-500人,计算机软件,1、负责产品安装工作； 2、负责项目的环境安装工作，其中包括安装操作系统、数据库、集群环境及系统部署； 3、负责项目的数据处理、抽取、清洗、转换工作； 4、对产品的各环节性能进行优化； 5、完成领导交待的其他工作。 职位要求： 1. 熟悉LINUX操作系统安装及常用命令； 2. 熟悉ORACLE、MYSQL、SQLSERVER等主流数据库的安装及配置、熟悉SQL语句编写及ETL实施工作； 3. 熟悉TOMCAT、JDK等安装及参数配置； 4. 具备较强的语言表达能力，能与客户顺畅沟通或产品介绍； 5. 具备较强的学习与动手能力，能够适应全国范围内出差； 6. 熟悉hadoop大数据技术的优先。,2026-03-14
大数据研发工程师,“前程无忧”51job.com（上海）,上海,,上海 硕士 招1人 03-14发布 英语良好,外资（非欧美）,500-1000人,"互联网/电子商务,专业服务(咨询、人力资源、财会)","工作地点：张江 岗位职责： -参与基于大数据平台的网站用户行为分析业务; 任职要求： -硕士学历，计算机软件开发等相关专业； -软件基础理论知识扎实，具有良好的数据结构、算法功底； -精通java, 对分布式计算、数据挖掘有深入了解者优先； -熟悉Hadoop、Storm、HBase、Hive等框架者优先； -思维敏捷，对工作有较高的热情和驱动力，具有良好的团队合作意识。",2026-03-14
GIS数据工程师,杭州经纬信息技术股份有限公司,杭州-余杭区,6-8千/月,杭州-余杭区 2年经验 本科 招若干人 03-14发布,民营公司,500-1000人,"计算机服务(系统、数据服务、维修),通信/电信/网络设备",1、GIS数据采集编辑、数据生产处理；满足软件平台数据要求的技术研究，提供符合要求的GIS数据；,2026-03-14
数据开发工程师,杭州城市大数据运营有限公司,杭州-拱墅区,1-1.5万/月,杭州-拱墅区 3-4年经验 本科 招若干人 03-14发布,民营公司,150-500人,"互联网/电子商务,计算机服务(系统、数据服务、维修)","岗位职责： 1、根据现场业务需求进行数据仓库设计建模和开发实施； 2、项目现场数据接入、数据开发工作，排查反馈数据问题； 3、整理输出项目开发及运维工作文档。 任职要求： 1、熟悉python或java其中一门脚本语言，有数据接口开发经验为佳，熟悉Linux常用指令； 2、熟练掌握sql语言，能够胜任较为复杂的查询语句，有过mysql、sqlserver、oracle其中至少一种关系型数据库开发经验，有数据仓库设计和建模经验； 3、有阿里云大数据生态(odps\galaxy\datahub等)使用经验者优先； 4、计算机专业,从事数据开发工作3年以上经验； 5、有学习精神，工作认真踏实、责任心强，具备良好的沟通力、理解力及执行力，注重团队协作者优先； 6、有项目或组织部门管理经验者优先。",2026-03-14
数据分析师,广州云趣信息科技有限公司,广州-天河区,1-1.5万/月,广州-天河区 2年经验 本科 招1人 03-14发布,民营公司,150-500人,"通信/电信运营、增值服务,互联网/电子商务",1、构建业务数据分析体系 ，数据建模，统计分析政务、金融业、制造业客户各种相关数据报表； 2、针对项目、产品，通过梳理并优化现有数据分析的内容、流程和机制，深度挖掘数据价值，提供相关策略支持 3、利用数据库、BI工具、大数据系统提取、分析、挖掘相关的数据信息，设计以报表、大屏等形式为业务、客户提供决策支持； 4、参与公司大数据产品的设计、开发、支撑等工作。 1、本科及以上学历，计算机、统计、信息、数学等相关专业； 2、了解政务行业、金融行业，熟悉呼叫中心，具有相关行业的数据分析经验； 3、具备数据分析体系构建的经验，具有良好的结构化思考能力，逻辑思维清晰，有一定产品经验者优先； 4、熟悉基本的用户运营策略，擅长用户行为数据分析，对用户行为数据变化敏感，能够依据数据制定出合理的可实施的改善意见和方案； 5、掌握基本的统计方法，熟练使用SQL，熟悉至少一种数据库软件（如：ORACLE、MYSQL、SQL Server、SAS等）； 6、能够熟练的利用BI商业工具、大数据系统进行数据清洗、加工、统计分析、高级分析、数据挖掘；,2026-03-14
GIS数据工程师,上海杰狮信息技术有限公司,上海,0.8-1.5万/月,上海 1年经验 本科 招1人 03-14发布,民营公司,150-500人,计算机软件,1、参与公司GIS系统的开发和维护； 2、参与编写软件数据库设计、详细设计文档。 1、熟练掌握C#的开发； 2、能运用ArcGIS等地理信息系统行业相关软件进行开发工作； 3、熟悉地理信息系统，有相关行业经验者优先考虑。 4、良好的沟通与表达能力、具备一定的自学能力和解决问题的能力，思路清晰，崇尚团队合作，责任感强。,2026-03-14
BI数据工程师（实习）,广州英赛特软件有限公司,广州-黄埔区,4.5-6千/月,广州-黄埔区 在校生/应届生 大专 招2人 03-14发布,民营公司,50-150人,计算机软件,"1.现有数据仓库维护工作，SQL编写； 2.新数据应用需求开发，包括etl，存储过程等； 3.数据仓库升级工作（DB2升级到Vertica） 技术要求（后续两项为优先原则）： 1.DB2,ORACLE，SQLSERVER,MYSQL等至少熟练其中一种数据库的开发经验； 2.熟练使用SQL语句进行查询，能独立都完成存储过程编写； 3.有BI或数据仓库项目经验优先； 4.有bi前端展现工具开发经验优先（Cognos，biee，bo，powerbi等） 其他要求： 1.大专以上学历； 2.沟通良好，逻辑清晰，自学能力强，有上进心； 3.能适应轻度加班。",2026-03-14
数据仓库工程师,深圳市递四方信息科技有限公司,深圳-宝安区,1.3-2.5万/月,深圳-宝安区 3-4年经验 本科 招3人 03-14发布,合资,1000-5000人,互联网/电子商务,"岗位职责： 1、参与据仓库的长期架构规划，与数据开发，建设共享大数据平台； 2、负责数据平台相关数据管理工作，如研发规范、质量规范、保障规范的制定与推动实施落地； 3、负责来自业务团队数据需求的研发支撑； 4、大规模数据挖掘和机器学习算法的实现和维护； 5、在线和离线海量数据分析平台的开发； 6、负责数据仓库的建设和维护,包括需求调研分析、软件规划、概念模型、设计逻辑、物理模型、数据处理（抽取、清洗、转化）、项目实施管控等； 7、负责制定数据接入和采集规范制定。 任职要求： 1、从事数据仓库领域工作2年以上； 2、熟悉数据建模、ETL设计与应用、报表开发等，并有实际模型设计及ETL开发经验 ；具有良好的编程习惯和文档编写习惯； 3、熟悉数据仓库领域知识和管理技能，包括但不局限于：元数据管理、数据质量、性能调优等； 4、掌握大型数据库开发技术，如Oracle、Teradata、DB2、Mysql等等掌握至少其中一种，灵活运用SQL实现海量数据ETL加工处理； 5、了解大数据基础架构和平台 ，具备相关产品（Hadoop、Hive、HBase、Pig、Sqoop、Spark等）项目应用研发经验，有MapReduce开发的实战经验者优先考虑； 6、熟悉linux系统； 7、熟练掌握python语言； 8、熟悉数据可视化的基本方法，有数据可视化的开发经验优先； 9、对数据敏感，具有良好的逻辑分析、责任心强、良好的对外沟通和团队协作能力",2026-03-14
自然语言处理工程师,上海大智慧财汇数据科技有限公司,合肥-蜀山区,1.5-2万/月,合肥-蜀山区 硕士 招4人 03-14发布,上市公司,500-1000人,"计算机软件,金融/投资/证券","职位要求： 1. 金融工程，金融数学，应用数学，计算机等相关专业，研究生及以上学历； 2、两年自然语言处理相关工作经验； 3、 具有数据挖掘、海量数据处理等相关项目经验者优先 ； 4、具有良好的沟通能力和团队合作精神； 5、具有钻研精神，擅于总结。 职位描述： 1、利用NLP/ML等相关技术和算法,提供文本分析相关的基础方案与服务； 2、针对海量文本内容进行舆情分析、智能问答、推荐系统、自动摘要、情感分析、信息抽取等文本挖掘工作。",2026-03-14
人工智能算法工程师,上海大智慧财汇数据科技有限公司,合肥-蜀山区,1.5-2万/月,合肥-蜀山区 硕士 招5人 03-14发布,上市公司,500-1000人,"计算机软件,金融/投资/证券",职位要求： 1. 金融工程，金融数学，应用数学，计算机等相关专业，研究生及以上学历； 2、有自然语言处理、人工智能、机器学习、深度学习等方面的经验； 3、具有良好的沟通能力和团队合作精神。 职位描述： 1、跟进最新的机器学习算法，推进新算法在语义、图像、量化投资等领域的应用； 2、改进现有机器学习算法； 3、根据项目需求，能独立设计新的算法模型 。,2026-03-14
NLP 算法工程师,北京沃丰时代数据科技有限公司,北京,,北京 本科 招5人 03-14发布,民营公司,,计算机软件,1. 参与公司自然语言处理的人工智能研发项目； 2. 深度学习建模，数据挖掘与数据分析和工程实现； 3. 参与构建各种机器学习和文本数据挖掘的实用化工具； 职位要求： 1、全日制统招硕士以上学历，计算机、软件、数学、电子、通信等专业优先 2、有NLP实验室经验或6个月以上NLP实习经验； 3、扎实的算法和数据结构基础，至少熟练掌握一门编程语言； 4. 对人工智能行业感兴趣，自我驱动，喜欢技术挑战。,2026-03-14
自然语言算法工程师,杭州摸象大数据科技有限公司,杭州-余杭区,2-4万/月,杭州-余杭区 1年经验 硕士 招1人 03-14发布,民营公司,50-150人,互联网/电子商务,"岗位职责 1、参与问答和对话系统的算法设计与开发，追踪和落地相关前沿技术，参与和构建相关算法的API和工具包； 2、知识图谱构建、语义建模、自然语言理解、机器阅读、文本分类等NLP关键技术的研发； 2、利用机器学习、深度学习等前沿技术，参与基于知识图谱的问答系统构建和优化； 4.从系统应用的角度,利用自然语言处理的理论和方法解决实际问题。 岗位要求 1、计算机及相关专业硕士以上学历，一年以上相关工作经验，博士优先； 2、熟悉知识图谱的构建，熟悉一种图数据库，例如Neo4j； 3、熟悉信息抽取相关的算法和逻辑；优秀的编程能力，精通Java语言（必须)，有Hadoop 等大数据开发经验； 4、熟悉自然语言处理、机器学习、深度学习、强化学习等相关算法，对自然语言处理方向有较深和全面的认识； 5、有智能问答、语义理解、知识图谱、推荐系统等相关方向实战经验的优先； 6、责任心强，良好的沟通交流能力；",2026-03-14
人工智能算法工程师,上海大智慧财汇数据科技有限公司,合肥-蜀山区,1.5-2万/月,合肥-蜀山区 硕士 招5人 03-14发布,上市公司,500-1000人,"计算机软件,金融/投资/证券",职位要求： 1. 金融工程，金融数学，应用数学，计算机等相关专业，研究生及以上学历； 2、有自然语言处理、人工智能、机器学习、深度学习等方面的经验； 3、具有良好的沟通能力和团队合作精神。 职位描述： 1、跟进最新的机器学习算法，推进新算法在语义、图像、量化投资等领域的应用； 2、改进现有机器学习算法； 3、根据项目需求，能独立设计新的算法模型 。,2026-03-14
推荐算法工程师,鸿宇数据科技（上海）有限公司,上海-徐汇区,1.3-2万/月,上海-徐汇区 3-4年经验 本科 招2人 03-14发布,民营公司,少于50人,"计算机软件,通信/电信/网络设备",岗位职责： 1. 负责推荐算法研发，通过优化模型和机制改善用户体验、提升业务效果 2. 聚焦召回（触发）、模型、排序等方向，挖掘海量用户行为数据，特征工程和大规模预估模型构建，持续优化提升推荐精准度 3. 跟踪业界前沿算法，结合业务特点落地和创新，实现技术和业务突破，***化算法价值 任职资格： 1. 3年以上推荐/广告/搜索算法研发经验，对个性化系统有深刻理解 2. 熟悉协同过滤、矩阵分解、LTR等算法模型，在召回、排序方向有丰富的实战经验 3. 扎实的机器学习功底，熟悉LR、DNN、GBDT等算法原理，保持对领域前沿方向的跟踪，有RecSys、SIGIR、WWW、ICML、NIPS等相关学术会议论文发表者优先 4. 至少熟练掌握C++、Java或Python一种编程语言，具有良好的编程习惯和算法基础 5. 优秀的分析和解决问题能力，对富有挑战性的难题充满激情 6. 良好的沟通表达能力和团队协作能力，自我驱动，热衷技术，追求极致,2026-03-14
图像算法工程师,青岛云智环境数据管理有限公司,青岛-城阳区,5-8千/月,青岛-城阳区 1年经验 本科 招4人 03-15发布,民营公司,少于50人,计算机软件,2.熟练掌握 opencv、VS/C++、matlab、Python编程语言； 3.至少熟悉一种深度学习框架，能快速使用深度学习完成图像目标检测、分类等任务； 4.两年及以上算法开发经验；有实际算法项目工作经验者优先。,2026-03-15
自然语言处理算法工程师,深圳市中标医学数据研究中心,深圳-南山区,3-5万/月,深圳-南山区 3-4年经验 硕士 招1人 03-14发布,非营利组织,50-150人,"医疗/护理/卫生,计算机软件",岗位职责： 1. 对海量业务数据进行处理和分析，发现和跟踪其中的问题； 2. 从业务和产品的角度出发，利用数据来发现产品、系统或是业务的瓶颈，并提出优化的方案； 3. 辅助自然语言处理核心算法或功能模块的设计、开发等端到端开发任务； 4. 运用知识图谱中文文本挖掘算法，创建领域知识图谱，负责基于知识图谱的检索优化。 任职资格： 1、硕士及以上学历，有海外留学经历优先； 2、在自然语言处理、智能问答等人工智能技术领域有相关应用经验； 3、 具备机器学习、深度学习的知识基础，熟悉主流算法，了解业界最新理论和技术进展； 4、熟练使用Python/Java/Shell等语言进行数据处理和分析； 5、了解Tensorflow/Mxnet/Caffe/Theano。,2026-03-14
自然语言处理算法工程师,深圳市中标医学数据研究中心,深圳-南山区,3-5万/月,深圳-南山区 3-4年经验 硕士 招1人 03-14发布,非营利组织,50-150人,"医疗/护理/卫生,计算机软件",岗位职责： 1. 对海量业务数据进行处理和分析，发现和跟踪其中的问题； 2. 从业务和产品的角度出发，利用数据来发现产品、系统或是业务的瓶颈，并提出优化的方案； 3. 辅助自然语言处理核心算法或功能模块的设计、开发等端到端开发任务； 4. 运用知识图谱中文文本挖掘算法，创建领域知识图谱，负责基于知识图谱的检索优化。 任职资格： 1、硕士及以上学历，有海外留学经历优先； 2、在自然语言处理、智能问答等人工智能技术领域有相关应用经验； 3、 具备机器学习、深度学习的知识基础，熟悉主流算法，了解业界最新理论和技术进展； 4、熟练使用Python/Java/Shell等语言进行数据处理和分析； 5、了解Tensorflow/Mxnet/Caffe/Theano。,2026-03-14
DBA大数据开发,深圳易刷通网络科技有限公司,北京-海淀区,2-5万/月,北京-海淀区 3-4年经验 大专 招若干人 03-14发布,民营公司,50-150人,"计算机软件,互联网/电子商务",1、负责公司数据库产品的架构设计与优化； 2、负责数据库运维标准化，规范化、产品化和智能化； 3、负责数据中心的设计与搭建，以及后续的升级与扩容； 4、配合公司产品和项目需求改进数据库架构，对数据库设计进行评审； 5、负责数据库日常维护、可用性监控、优化备份、容量规划、故障诊断和排除、数据迁移、扩容等； 6、跟进研究数据库领域新的技术和理论并进行工程性验证； 任职要求：1、大专及以上学历，计算机或相关专业； 2、5年以上数据库相关研发运维经验； 3、精通C/C++、Linux环境编程、TCP/IP协议栈； 4、对MySQL数据库从SQL解析、优化、执行到存储引擎的整体架构有丰富的理论知识和工程实践经验； 5、对数据库的高可用架构有丰富的工程实践经验，有大规模分布式存储系统的设计经验者优先； 6、熟练掌握NoSQL技术（如Redis、MongoDB等），具有集群架构搭建、性能优化和监控等生产运维经验； 7、在分布式数据库、NoSQL、数据仓库中一个或多个领域有丰富经验者优先； 8、具有良好的学习能力、沟通能力、团队合作意识； 9、强烈的责任心与主动性，对所负责工作有owner意识，并能自我驱动成长。,2026-03-14
DBA大数据开发,深圳易刷通网络科技有限公司,西安-新城区,2-5万/月,西安-新城区 3-4年经验 大专 招若干人 03-14发布,民营公司,50-150人,"计算机软件,互联网/电子商务",1、负责公司数据库产品的架构设计与优化； 2、负责数据库运维标准化，规范化、产品化和智能化； 3、负责数据中心的设计与搭建，以及后续的升级与扩容； 4、配合公司产品和项目需求改进数据库架构，对数据库设计进行评审； 5、负责数据库日常维护、可用性监控、优化备份、容量规划、故障诊断和排除、数据迁移、扩容等； 6、跟进研究数据库领域新的技术和理论并进行工程性验证； 任职要求：1、大专及以上学历，计算机或相关专业； 2、5年以上数据库相关研发运维经验； 3、精通C/C++、Linux环境编程、TCP/IP协议栈； 4、对MySQL数据库从SQL解析、优化、执行到存储引擎的整体架构有丰富的理论知识和工程实践经验； 5、对数据库的高可用架构有丰富的工程实践经验，有大规模分布式存储系统的设计经验者优先； 6、熟练掌握NoSQL技术（如Redis、MongoDB等），具有集群架构搭建、性能优化和监控等生产运维经验； 7、在分布式数据库、NoSQL、数据仓库中一个或多个领域有丰富经验者优先； 8、具有良好的学习能力、沟通能力、团队合作意识； 9、强烈的责任心与主动性，对所负责工作有owner意识，并能自我驱动成长。,2026-03-14
DBA大数据开发,深圳易刷通网络科技有限公司,异地招聘,2-5万/月,广州-天河区 3-4年经验 大专 招若干人 03-14发布,民营公司,50-150人,"计算机软件,互联网/电子商务",1、负责公司数据库产品的架构设计与优化； 2、负责数据库运维标准化，规范化、产品化和智能化； 3、负责数据中心的设计与搭建，以及后续的升级与扩容； 4、配合公司产品和项目需求改进数据库架构，对数据库设计进行评审； 5、负责数据库日常维护、可用性监控、优化备份、容量规划、故障诊断和排除、数据迁移、扩容等； 6、跟进研究数据库领域新的技术和理论并进行工程性验证； 任职要求：1、大专及以上学历，计算机或相关专业； 2、5年以上数据库相关研发运维经验； 3、精通C/C++、Linux环境编程、TCP/IP协议栈； 4、对MySQL数据库从SQL解析、优化、执行到存储引擎的整体架构有丰富的理论知识和工程实践经验； 5、对数据库的高可用架构有丰富的工程实践经验，有大规模分布式存储系统的设计经验者优先； 6、熟练掌握NoSQL技术（如Redis、MongoDB等），具有集群架构搭建、性能优化和监控等生产运维经验； 7、在分布式数据库、NoSQL、数据仓库中一个或多个领域有丰富经验者优先； 8、具有良好的学习能力、沟通能力、团队合作意识； 9、强烈的责任心与主动性，对所负责工作有owner意识，并能自我驱动成长。,2026-03-14
DBA大数据开发,深圳易刷通网络科技有限公司,深圳-福田区,2-5万/月,深圳-福田区 3-4年经验 大专 招若干人 03-14发布,民营公司,50-150人,"计算机软件,互联网/电子商务",1、负责公司数据库产品的架构设计与优化； 2、负责数据库运维标准化，规范化、产品化和智能化； 3、负责数据中心的设计与搭建，以及后续的升级与扩容； 4、配合公司产品和项目需求改进数据库架构，对数据库设计进行评审； 5、负责数据库日常维护、可用性监控、优化备份、容量规划、故障诊断和排除、数据迁移、扩容等； 6、跟进研究数据库领域新的技术和理论并进行工程性验证； 任职要求：1、大专及以上学历，计算机或相关专业； 2、5年以上数据库相关研发运维经验； 3、精通C/C++、Linux环境编程、TCP/IP协议栈； 4、对MySQL数据库从SQL解析、优化、执行到存储引擎的整体架构有丰富的理论知识和工程实践经验； 5、对数据库的高可用架构有丰富的工程实践经验，有大规模分布式存储系统的设计经验者优先； 6、熟练掌握NoSQL技术（如Redis、MongoDB等），具有集群架构搭建、性能优化和监控等生产运维经验； 7、在分布式数据库、NoSQL、数据仓库中一个或多个领域有丰富经验者优先； 8、具有良好的学习能力、沟通能力、团队合作意识； 9、强烈的责任心与主动性，对所负责工作有owner意识，并能自我驱动成长。,2026-03-14
工业数据治理工程师,上海电气集团数字科技有限公司,上海-徐汇区,20-30万/年,上海-徐汇区 3-4年经验 本科 招2人 03-14发布,国企,150-500人,"计算机软件,互联网/电子商务",本岗位根据业务需求，在大数据平台上提供数据工程、数据管理服务，包括数据建模，数据接入，数据集成和数据转换、治理，梳理原始数据等工作。以及相关的数据库，数据仓库维护工作 本科以上学历，计算机或相关专业，3年以上工作经验，工科背景数据计算机亦可。 熟悉Linux操作系统，熟练掌握脚本语言和SQL，熟悉Python，熟悉JAVA开发； 具备数据库设计基础，至少熟悉实时数据库或非结构化数据库的一种，有Hadoop工作经验，熟悉Hive/HDFS/MapReduce/impala等； 具备良好的沟通和业务分析能力，工作认真负责，有主动性；,2026-03-14
工业大数据工程师,上海电气集团数字科技有限公司,上海-徐汇区,20-40万/年,上海-徐汇区 5-7年经验 本科 招3人 03-14发布,国企,150-500人,"计算机软件,互联网/电子商务",本岗位负责工业大数据分析产品、工业APP的算法及应用的开发，分析应用设计，及工业数据分析项目实施，包括业务需求分析，模型抽象，算法开发，数据流开发，大数据平台实现等 1. 本科以上学历，计算机、通讯、自动化、应用数据或相关专业，5年以上相关工作经验。 2.具备数学分析或数据建模基础，精通数据挖掘，概率，统计等分析和应用，优秀的学习能力、对数据结构、算法分析、操作系统、网络等计算机基础具备扎实的功底； 3.熟悉Linux/Unix系统，熟悉Shell/PHP/Python/Java/Scala编程；有一定的编程经验，熟悉分布式计算平台Hadoop和大数据处理平台工具的使用和开发，有hive或hbase经验。 4.有团队合作精神，具有良好的沟通、组织、协调能力和时间管理能力;具备数据质量优化能力; 5.善于分析业务、能将复杂的业务需求转化为数据/数学模型，对大数据处理和分析工作有热情； 6.熟悉Hadoop、Hive、HBase、Storm、Kafka、Spark、Presto、ElasticSearch等开源框架； 7.需要有良好的逻辑分析能力和表达能力，有过相关数据分析的成果与方案，有较强的自主性，能主动提出新的想法和思路。,2026-03-14
数据分析师（月薪6k起+不加班）,广东兆丰恒业控股集团有限公司,广州-天河区,6-8千/月,广州-天河区 1年经验 大专 招8人 03-14发布,民营公司,1000-5000人,金融/投资/证券,【岗位要求】 1、对金融经济知识感兴趣，希望踏足金融圈的； 2、有无经验亦可，金融专业以及具有操作经验者优先考虑； 3、有较强的学习能力，公司提供完善免费的交易培训； 4、有求知欲，有集体荣誉感，有上进心，有赚钱的信心和欲望； 5、有冷静的头脑与不被别人影响的判断力，能够坚持己见。 6、优秀有能力者，可适当放宽学历要求，欢迎投递； 【岗位职责】 1.定期整理交易数据，向上级领导账户分析结果； 2.按照要求进行技术和基本面规律的分析，进行数据的搜集及整理； 3.严格执行公司各项制度，配合部门领导有关工作； 4.负责为客户提供完善的理财计划及信息咨询； 5.遵守公司的各项管理制度，承办领导交办的其他工作。 ? 【福利待遇】 试用期底薪：4000+提成+奖金 初级金融跟单员：5000+提成+奖金+10%分红 中级金融跟单员：8000+提成+奖金+20%分红 高级理财专员：12000+提成+奖金+30%分红 上班时间：周一至周五，早上9：30~12.00.下午2：00~6：00；周末双休；享受国家公共假期； 3、舒适的办公环境，每人一台电脑，无需外出拜访客户，不用外出日晒雨淋，公司中央空调； 4、定期的公司活动（员工聚餐，集体出游）年会等； 5、员工生日关怀，节假日福利； 6、人性化办公、良好的办公环境，友好工作氛围； 7、晋升空间：技术人员——投资顾问——技术经理——技术总监 8、培训体系：完善的培训体系，公司会为员工提供一系列的提升销售技能、管理技能、专业知识的培训课程； ◆地址：天河区天河路230号万菱汇39楼 ◆联系电话：18520145826冼经理（可电话预约面试） ◆注：请携带身份证原件在楼下前台登记 （交通指南：地铁3号线石牌桥站A出口）,2026-03-14
金融业务/数据分析工程师,南京科融数据系统股份有限公司,南京,1-1.5万/月,南京 2年经验 本科 招1人 03-14发布,民营公司,150-500人,"计算机软件,计算机服务(系统、数据服务、维修)",岗位职责： 1. 负责项目现场的业务需求分析、数据分析评估工作； 2. 支持重点项目的实施工作； 3. 可以接受中短期出差。 任职要求： 1. 本科（或以上）毕业，计算机、金融、会计或相关专业以上学历； 2. 具有2年及以上银行、财务公司等金融机构BA相关工作经验，熟悉金融行业相关业务流程及操作规范：存款、贷款、中间业务、资金市场业务、外汇业务、银行卡、渠道、结算业务、银行总账、投资银行业务，精通其中至少3种以上； 3. 具备Oracle/DB2/Informix等一种以上数据库设计开发经验，具有良好的SQL基础，熟悉存储过程； 4. 能够快速阅读银行各业务系统数据结构，并能够进行数据分析和质量评估； 5. 良好的沟通能力，工作责任心强，有良好的团队合作观念； 6. 能够熟练使用Word/Excel/Powerpoint/Visio等办公软件； 7. 了解过BI开发相关技术如数据仓库、ETL、OLAP者优先。,2026-03-14
高级数据分析师,广东数果科技有限公司,广州-天河区,1.2-2.5万/月,广州-天河区 5-7年经验 大专 招1人 03-14发布,民营公司,50-150人,"计算机软件,互联网/电子商务",岗位职责： 1、负责产品数据体系生命周期的设计、建设和维护； 2、对业务问题进行深度挖掘分析，为公司决策、产品方向、营销策略提供具有价值的数据支持； 3、挖掘数据背后的市场方向、规律、短板，为业务提供决策依据； 4、针对具体的业务事件，研究业务开拓中的局限性或亮点，进行数据分析并提出优化方案或提炼可复制的模板； 5、数据研究与分析，通过挖掘数据的内在关系，发现运营与推广中的问题，并推动问题的解决； 任职要求： 1、3年或以上零售、连锁、快消等行业经验； 2、具有扎实的统计学、数据分析、数据挖掘基础，能独立完成相应数据分析需求； 3、具有较强结构化思维、逻辑思维能力，优异的学习能力； 4、对数据敏感，具备优秀的信息整合和分析能力，能够形成清晰的业务观点和前瞻判断。,2026-03-14
大数据工程师,山东中煤工矿物资集团有限公司,济宁,1-1.5万/月,济宁 3-4年经验 本科 招10人 03-14发布,民营公司,500-1000人,"互联网/电子商务,多元化业务集团公司",1、参与客户需求调研，熟悉业务逻辑及数据源表结构等； 2、对源数据全量或增量进行抽取、清洗、转换、加载； 3、配置环境及安装数据库，搭建目标数据仓库，进行维度建模； 4、按照数据分析模型或可视化需求，编写存储过程对数据进行加工汇总等。 1、熟练使用hive数据仓库，熟悉数据仓库建模； 2、熟练使用spark进行开发，会python者优先； 3、熟练使用sqoop、Kettle等etl工具； 4、熟悉至少一种常见数据库及存储过程开发，会postgresql者优先； 5、熟悉异构数据库间的增量获取方式和数据同步方式； 6、熟悉linux系统者优先；具备良好的沟通能力，做事认真、仔细、具有团队协作能力； 7、计算机相关专业，本科以上学历。,2026-03-14
数据分析师,中国联合网络通信有限公司广东省分公司,广州-天河区,1-1.5万/月,广州-天河区 2年经验 本科 招若干人 03-13发布,国企,1000-5000人,通信/电信/网络设备,岗位职责： 1.负责数据仓库与业务情景分析的构建、维护、部署和评估； 2.负责业务数据分析需求的调研、分析及实现； 3.根据需求进行系统设计和详细设计，承担核心模块和核心功能开发； 4.熟练使用SQL，使用各类数据分析工具，分析报表，能快速对数据分析输出结果； 5.拓展数据对用户模型精准度，实现动态处理。 岗位要求： 1.全日制重点本科及以上学历，具备良好的数据敏感度，能从海量数据提炼核心结果，有数据分析、挖掘、清洗和建模的经验，1年以上开发经验； 2.熟悉Oracle、MySQL等主流数据库，具有良好的SQL语言开发技能，掌握存储过程、函数等开发技术； 3.熟悉Linux、shell，python脚本； 4.熟悉hadoop，HDFS、Hive、Sqoop大数据平台； 5.具备良好的学习能力和分析解决问题能力。,2026-03-13
JAVA数据开发工程师 (高级）,浙江优创信息技术有限公司,杭州,1.2-1.8万/月,杭州 5-7年经验 本科 招3人 03-13发布,民营公司,150-500人,计算机软件,"1、计算机相关专业本科及以上学历，4年以上JavaEE开发经验； 2、Java语言扎实；精通多线程编程、网络编程，熟悉分布式缓存、分布式存储技术方案； 3、对Spring、SpringMvc、MyBatis等常用开源框架应用经验丰富，对框架本身的体系有较为深厚的理解和应用经验； 4、熟悉JavaScript及JQuery等JS开发库及 HTML5、CSS3； 5、深入理解OOP、OOD思想，具有很强的分析设计能力，熟悉常用设计模式；有独立的模块设计经验； 6、熟悉TCP/IP、HTTP等协议, 熟悉REST、WebService等技术； 7、熟练使用tomcat/weblogic服务器（至少1种），并可进行性能调优； 8、精通Oracle、MySQL等数据库的设计及优化、了解Memcache、Redis等缓存框架的使用； 9、拥有良好的代码习惯，要求结构清晰，命名规范，逻辑性强，代码冗余率低； 10、了解最新前沿技术，有容器化、服务化、大数据架构或实战经验优先。 要求：1、4年以上相关工作经验； 1年以上项目开发管理经验。",2026-03-13
高级数据分析师,深圳市金畅进出口有限公司,深圳-龙岗区,1.5-2.5万/月,深圳-龙岗区 5-7年经验 本科 招2人 03-13发布,民营公司,150-500人,"互联网/电子商务,贸易/进出口",岗位职责： 1、商业嗅觉灵敏同时善于沟通，能够深入了解业务挖掘业务问题和痛点，通过商业分析为公司运营决策、产品规划、运营规划提供数据支持； 2、针对运营问题进行深度诊断，发现业务运营问题与机会点，辅助制定运营策略，提升运营效率； 3、通过大数据挖掘用户群体行为和属性特征，发掘用户价值； 4、整合运营数据分析与应用需求，设计运营相关数据产品； 5、参与数据分析体系的完善，撰写数据分析报告为公司运营、销售、财会等提供数据支持； 6、负责公司基础数据的架构与维护。 任职条件： 1、大学本科及以上学历， 数学、统计、经济等相关专业优先，5-8年数据分析相关从业经验（有BI系统推行经验优先）； 2、具有快速学习和思考能力，优秀的商业分析能力、敏锐的数据洞察力、结构化思维能力； 3、精通excel操作（常规函数、数据透视表、模型搭建），熟练使用SAS、Python、SPSS等进行数据分析工作；熟练使用SQL； 4、对数字敏感，做事细心、有耐心，责任心强，具备沟通协调和闭环管理、推进能力。,2026-03-13
金融数据分析师,西安卡佩特林商务咨询有限公司,西安-高新技术...,6-8千/月,西安-高新技术产业开发区 招1人 03-13发布,民营公司,50-150人,"金融/投资/证券,专业服务(咨询、人力资源、财会)",岗位职责： 1、搜集行业相关信息，为相关需求者提供更准确的数据信息； 2、丰富市场分析能力，做出每日分析计划，熟练掌握各种分析技术； 3、对市场、行业、公司运营等提供数据分析计划，为战略决策提供支持； 4、发表研究成果或分析评论，配合公司的推广及培训等工作。 5、协助部门经理完善部门管理制度； 6、对基本面、技术面进行分析研究，给出行情走势分析和判断，撰写研究报告上交公司； 7、分析行情走势，为相关部门提供有价值的行情信息； 8、定期为公司提供金融二级市场最新趋势； 9、结合多种数据源进行深度分析和挖掘； 10、对市场金融数据进行量化分析，并推动研究成果的信息化、互联网化； 任职要求： 1、年龄：22-45岁，五官端正，性格开朗，善于沟通； 2、有相关工作经验者、金融相关专业、有金融从业相关证件者优先录取； 3、认真实践入职前的试岗培训（培训由公司免费提供，不收取任何费用） 4、以协助公司持续稳定盈利为***目标，有志成为业内精英人才； 5、敢于迎接挑战、积极完成公司交赋的工作任务； 6、热爱金融行业，有励志于长期发展这个行业的意愿 7、对金融行业和投资理财有浓厚的兴趣及意愿，致力于把金融行业作为事业发展方向。 工作时间:周一至周五早9:00-晚5:00 周末双休 法定节假日 带薪年假,2026-03-13
数据仓库工程师,重庆软维科技有限公司,南京-建邺区,0.8-1万/月,南京-建邺区 3-4年经验 大专 招4人 03-13发布,民营公司,150-500人,计算机软件,岗位职责： 1、运营商结算类系统数据仓库相关功能的开发工作； 2、熟悉基本的数据分析方法、数据挖掘算法； 3、熟悉通信三大运营商业务及数据的优先考虑 基本条件： 1、3年以上的相关工作经验 2、具备较好的沟通能力、适应能力和理解能力； 3、勤奋敬业、主动性和责任心强； 4、熟悉基本的数据分析方法、数据挖掘算法； 5、熟悉通信三大运营商业务及数据的优先考虑。 岗位要求： 1、3年数据开发，数据仓，报表开发等相关经验； 2、精通SQL开发，BI开发，ETL开发等； 3、熟练SQL编写存储过程，SQL优化等； 4、熟悉mysql，oracle，hive，vertica等数据库 5、熟悉linux相关操作。,2026-03-13
数据分析师（兼办公室主任）,佛山市袁亮宏餐饮管理有限公司,太仓,1-1.5万/月,太仓 招1人 03-12发布,民营公司,1000-5000人,餐饮业,1.在运营总监直接领导下，贯彻执行公司规定的各项管理制度，保证公司各项行政事务工作的正常开展 。 2.印发公司各类通知、文件和规章制度，传达召集各类办公室会议，并做好会议记录，做好汇报工作，深入调查研究，发现问题并及时向领导汇报。 4.指导安排公司员工的文化娱乐活动，深化各员工团队协作思想。 5.协助主管领导做好协调各部门工作和处理日常事务。 6.完成领导交办的其他事件。,2026-03-12
GIS数据工程师,上海杰狮信息技术有限公司,上海-徐汇区,0.5-1.5万/月,上海-徐汇区 1年经验 大专 招5人 03-11发布 英语,民营公司,150-500人,计算机软件,1. 负责项目数据的收集、整理、分析工作 2. 负责数据结构的详细设计工作 3. 负责大数据批量转换、处理工作 4. 负责项目中程序员的技术支持工作，包括简单sql语句、数据库相关对象的创建、相关服务的发布等 5. 负责客户现场数据的部署、发布、测试等工作 6. 积极完成项目团队中的其他技术支持工作。 7. 1-2年的GIS数据处理工作经验。 技术要求： 1. 测绘、地理信息系统相关专业毕业，本科以上学历 2. 熟悉国内外GIS平台，如ArcGIS、SkyLine、MapGIS、CAD、MapINFO等 3. 熟悉关系型数据库的操作，如Access、Oracle、SqlServer等，有基本SQL语句编写能力 4. 有一定的文档编写能力，能完成数据说明书、数据处理报告等文档的编写 5. 具有良好的沟通能力、学习能力和团队合作意识、良好的职业素养和责任心，工作严谨 6. 能适应短期出差 7. 具有地理信息系统从业经验或有国土、水利、管线行业从业经验者优先,2026-03-11
a（有无经验均可）数据分析师/助理,深圳市隆汇达投资咨询服务有限公司,深圳-罗湖区,0.8-1万/月,深圳-罗湖区 在校生/应届生 大专 招2人 03-10发布,民营公司,150-500人,"金融/投资/证券,电子技术/半导体/集成电路",任职要求： 5、 一经录用，公司提供岗位晋升通道和学习机会 待遇福利： 1、公司对于没有任何经验，非金融专业却对金融衍生品操作有兴趣者，提供正规统一的免费带薪培训； 2、我们有绝对的信心让你在培训期后，有属于自己的金融理念，让你找到自己在金融市场的立足点，成为我公司的优秀员工； 3、公司承诺将对每位学员认真负责，***限度发掘每一位学员的工作潜力。 底薪6000+盈利提成20%；朝九晚六，周末双休，无加班，弹性工作制；下午茶，五险，定时聚餐，带薪培训，带薪年假等。 公司名称：深圳市隆汇达资有限公司 公司地址：深圳市罗湖区和平路1199号金田大厦1505 乘车路线：地铁1号线国贸站E出口直行50米金田大厦1505 联系人：董***（对职位有疑问或有兴趣者，请积极与HR联系） 联系电话：13714636585 工作地址：深圳罗湖和平路1199号金田大厦1505室,2026-03-10
a6000+零基础+数据分析师,深圳市隆汇达投资咨询服务有限公司,深圳-罗湖区,0.8-1万/月,深圳-罗湖区 在校生/应届生 大专 招3人 03-04发布,民营公司,150-500人,"金融/投资/证券,电子技术/半导体/集成电路",岗位职责：（技术岗位/非销售岗位） 基础待遇： 公司名称：深圳市隆汇达投资有限公司,2026-03-04
数据分析师,广东智源信息技术有限公司,广州,0.5-1万/月,广州 无需经验 本科 招3人 02-28发布,民营公司,50-150人,"计算机软件,计算机服务(系统、数据服务、维修)",每天7.5小时弹性工作制、周末双休、带薪年假、法定节假日，购买五险一金。定期文体活动、年度旅游、下午茶等公司福利，办公环境良好。 公司年轻化、老板Nice、同事卖得了萌、耍得了二、小清新、重口味、奇葩范……文化自由、工作氛围融洽，为您提供一个发挥个人才能的大舞台。,2026-02-28
NLP 算法工程师,北京沃丰时代数据科技有限公司,北京,,北京 本科 招5人 03-15发布,民营公司,,计算机软件,1. 参与公司自然语言处理的人工智能研发项目； 2. 深度学习建模，数据挖掘与数据分析和工程实现； 3. 参与构建各种机器学习和文本数据挖掘的实用化工具； 职位要求： 1、全日制统招硕士以上学历，计算机、软件、数学、电子、通信等专业优先 2、有NLP实验室经验或6个月以上NLP实习经验； 3、扎实的算法和数据结构基础，至少熟练掌握一门编程语言； 4. 对人工智能行业感兴趣，自我驱动，喜欢技术挑战。,2026-03-15
自然语言算法工程师,杭州摸象大数据科技有限公司,杭州-余杭区,2-4万/月,杭州-余杭区 1年经验 硕士 招1人 03-15发布,民营公司,50-150人,互联网/电子商务,"岗位职责 1、参与问答和对话系统的算法设计与开发，追踪和落地相关前沿技术，参与和构建相关算法的API和工具包； 2、知识图谱构建、语义建模、自然语言理解、机器阅读、文本分类等NLP关键技术的研发； 2、利用机器学习、深度学习等前沿技术，参与基于知识图谱的问答系统构建和优化； 4.从系统应用的角度,利用自然语言处理的理论和方法解决实际问题。 岗位要求 1、计算机及相关专业硕士以上学历，一年以上相关工作经验，博士优先； 2、熟悉知识图谱的构建，熟悉一种图数据库，例如Neo4j； 3、熟悉信息抽取相关的算法和逻辑；优秀的编程能力，精通Java语言（必须)，有Hadoop 等大数据开发经验； 4、熟悉自然语言处理、机器学习、深度学习、强化学习等相关算法，对自然语言处理方向有较深和全面的认识； 5、有智能问答、语义理解、知识图谱、推荐系统等相关方向实战经验的优先； 6、责任心强，良好的沟通交流能力；",2026-03-15
自然语言处理工程师,上海大智慧财汇数据科技有限公司,合肥-蜀山区,1.5-2万/月,合肥-蜀山区 硕士 招4人 03-15发布,上市公司,500-1000人,"计算机软件,金融/投资/证券","职位要求： 1. 金融工程，金融数学，应用数学，计算机等相关专业，研究生及以上学历； 2、两年自然语言处理相关工作经验； 3、 具有数据挖掘、海量数据处理等相关项目经验者优先 ； 4、具有良好的沟通能力和团队合作精神； 5、具有钻研精神，擅于总结。 职位描述： 1、利用NLP/ML等相关技术和算法,提供文本分析相关的基础方案与服务； 2、针对海量文本内容进行舆情分析、智能问答、推荐系统、自动摘要、情感分析、信息抽取等文本挖掘工作。",2026-03-15
人工智能算法工程师,上海大智慧财汇数据科技有限公司,合肥-蜀山区,1.5-2万/月,合肥-蜀山区 硕士 招5人 03-15发布,上市公司,500-1000人,"计算机软件,金融/投资/证券",职位要求： 1. 金融工程，金融数学，应用数学，计算机等相关专业，研究生及以上学历； 2、有自然语言处理、人工智能、机器学习、深度学习等方面的经验； 3、具有良好的沟通能力和团队合作精神。 职位描述： 1、跟进最新的机器学习算法，推进新算法在语义、图像、量化投资等领域的应用； 2、改进现有机器学习算法； 3、根据项目需求，能独立设计新的算法模型 。,2026-03-15
推荐算法工程师,鸿宇数据科技（上海）有限公司,上海-徐汇区,1.3-2万/月,上海-徐汇区 3-4年经验 本科 招2人 03-15发布,民营公司,少于50人,"计算机软件,通信/电信/网络设备",岗位职责： 1. 负责推荐算法研发，通过优化模型和机制改善用户体验、提升业务效果 2. 聚焦召回（触发）、模型、排序等方向，挖掘海量用户行为数据，特征工程和大规模预估模型构建，持续优化提升推荐精准度 3. 跟踪业界前沿算法，结合业务特点落地和创新，实现技术和业务突破，***化算法价值 任职资格： 1. 3年以上推荐/广告/搜索算法研发经验，对个性化系统有深刻理解 2. 熟悉协同过滤、矩阵分解、LTR等算法模型，在召回、排序方向有丰富的实战经验 3. 扎实的机器学习功底，熟悉LR、DNN、GBDT等算法原理，保持对领域前沿方向的跟踪，有RecSys、SIGIR、WWW、ICML、NIPS等相关学术会议论文发表者优先 4. 至少熟练掌握C++、Java或Python一种编程语言，具有良好的编程习惯和算法基础 5. 优秀的分析和解决问题能力，对富有挑战性的难题充满激情 6. 良好的沟通表达能力和团队协作能力，自我驱动，热衷技术，追求极致,2026-03-15
图像算法工程师,青岛云智环境数据管理有限公司,青岛-城阳区,5-8千/月,青岛-城阳区 1年经验 本科 招4人 03-15发布,民营公司,少于50人,计算机软件,2.熟练掌握 opencv、VS/C++、matlab、Python编程语言； 3.至少熟悉一种深度学习框架，能快速使用深度学习完成图像目标检测、分类等任务； 4.两年及以上算法开发经验；有实际算法项目工作经验者优先。,2026-03-15
自然语言处理算法工程师,深圳市中标医学数据研究中心,深圳-南山区,3-5万/月,深圳-南山区 3-4年经验 硕士 招1人 03-14发布,非营利组织,50-150人,"医疗/护理/卫生,计算机软件",岗位职责： 1. 对海量业务数据进行处理和分析，发现和跟踪其中的问题； 2. 从业务和产品的角度出发，利用数据来发现产品、系统或是业务的瓶颈，并提出优化的方案； 3. 辅助自然语言处理核心算法或功能模块的设计、开发等端到端开发任务； 4. 运用知识图谱中文文本挖掘算法，创建领域知识图谱，负责基于知识图谱的检索优化。 任职资格： 1、硕士及以上学历，有海外留学经历优先； 2、在自然语言处理、智能问答等人工智能技术领域有相关应用经验； 3、 具备机器学习、深度学习的知识基础，熟悉主流算法，了解业界最新理论和技术进展； 4、熟练使用Python/Java/Shell等语言进行数据处理和分析； 5、了解Tensorflow/Mxnet/Caffe/Theano。,2026-03-14
ETL工程师,长沙紫檀数据科技有限公司,长沙-岳麓区,5-8千/月,长沙-岳麓区 在校生/应届生 本科 招若干人 03-13发布,外资（非欧美）,50-150人,"互联网/电子商务,计算机软件",1. 根据标准化文档，运行和维护现有ETL，确保数据类产品顺利交付。 2. 根据文档，利用Python和SQL，实现分析师的简单需求，并集成到公司的自动化平台。 3. 根据业务变动，及时更改标准化文档的内容。 4. 负责生成Data QC Report，反馈给数据产品经理，并及时将信息录入系统。 5. 实习期间表现优秀者，有机会转为数据产品经理、数据开发工程师。 1. 本科以上学历， 计算机类专业，应届毕业生； 2. 有关系型数据库软件（MS SQL， MySQL， Oracle）使用经历。了解ETL，SSIS，SSAS，SSRS则更佳； 3. 熟悉一门编程语言，如Python、Java等，有编程经验； 4. 良好的沟通和学习能力，注重细节，有责任心，对于数字分析有热情和兴趣。 1.以结果为导向的薪酬福利体系；具有竞争力的基本工资，丰厚的绩效奖金（绩效奖金上不封顶，优秀员工可以拿到6个月以上的绩效奖金） 2.优秀人才有机会参与员工持股计划分享公司分红 3.5-12天带薪年假，远超国家规定和一般企业5天的标准 4.在高速发展的朝阳行业里，提供施展个人能力的广阔空间和快速成为公司核心成员的晋升通道 5.全球化、高素质的团队氛围和英文的工作环境：团队成员分别来自中国大陆、美国、韩国、中国香港4个国家和地区，毕业于清华大学，香港大学，英国沃里克大学等。,2026-03-13
湖北系统集成部物联网开发工程师,中国电信湖北公司,武汉,,武汉 本科 招2人 03-15发布,国企,,通信/电信运营、增值服务,用人单位 湖北系统集成部 工作地点 武汉 学历要求 全日制大学本科及以上 专业要求 计算机类、电子信息类、数学类等理工专业 岗位职责 1、负责移动互联网与物联网等项目与产品的技术研发工作 2、负责行业信息化应用、人工智能等软件项目与产品的技术研发工作 应聘资格要求 1、熟练掌握至少1门主流计算机编程语言（Java/C#/Python /PHP等），熟悉主流数据库（Oracle/SQL Server/MySQL等）和开源软件的编程 2、掌握移动互联网、人工智能、云计算、物联网等相关知识 3、掌握网络技术、IT架构、数据建模、业务逻辑设计及系统集成、交付等技术 4、具有突出的学习能力和较强的团队合作能力，责任心强 5、具有相关工作（实习）经验者优先,2026-03-15
算法工程师,综合平台开发运营中心,广州,,广州 硕士 招1人 03-15发布,国企,,通信/电信运营、增值服务,岗位职责： 1、负责天翼云盘/家庭云产品用户图片/视频内容算法预研、分析处理平台开发、视频监控技术研发； 2、完成需求分析、设计（含原型验证），技术实现、文档等工作； 3、负责业务运营过程中技术指标、用户体验的持续提升，平台版本持续迭代。 岗位要求： 1、计算机或数学相关专业硕士研究生及以上学历； 2、深入理解机器学习、深度学习的原理、算法，有大数据分析处理经验； 3、熟悉Tensorflow、Caffe、Pytorch、Spark/Streaming等机器学习工具，熟练运用sklearn、keras、statsmodels等开源模型库； 4、有良好的英文阅读能力和探索精神，善于发现业界及学术界前沿技术，并懂得改良运用落地。,2026-03-15
人工智能研发工程师,联通（广东）产业互联网有限公司,广州,,广州 本科 招若干人 03-15发布,国企,,通信/电信运营、增值服务,职位描述： 1.负责业务人工智能需求收集、分析、设计； 2.负责人工智能研究，相关代码编写，进行单元测试； 3.配合测试人员完成系统测试及优化； 4.更新迭代系统功能； 5.跟踪先进技术发展，完成技术验证。 任职要求： 1.2020届普通高等院校本科及以上学历； 2.计算机人工智能相关专业，专业成绩排名前30%； 3.熟练Java、python相关语言； 4.爱好AI算法编程，熟悉基本的数据结构和算法，能解决常规数据结构和算法问题； 5.具有良好的学习能力、沟通表达能力、抗压能力等； 6.有AI公司实习经历优先，具有计算机相关资质证书优先。,2026-03-15
机器学习/算法-人工智能训练方向,广发银行股份有限公司信用卡中心,广州,,广州 本科 招若干人 03-15发布 计算机科学与技术,国企,,银行,岗位职责: 1、负责文本机器人/语音机器人的FAQ采编，训练机器人模型，提升机器人识别率和准确度； 2、开展同异业调研产出调研报告，挖掘智能机器人应用技术及机器人交互场景的优化方向，提升客户体验。 3、 对用户与机器人的交互数据进行，产出分析报告，制定产品优改与推广方案，提升客户体验。 4、对文本机器人/智能语音/的标注结果进行质量检验，提升机器人服务质量。 应聘要求: 1、本科或以上学历，计算机/中文/数学/统计学专业优先，熟练使用SQL、Python优先； 2、具备较强的逻辑思维能力，分析判断和解决问题能力； 3、数据敏感度高，具备数据分析能力； 4、良好的文字表达能力，具备跨部门业务沟通能力。 工作地点:广州、佛山,2026-03-15
机器学习/算法-风险策略方向,广发银行股份有限公司信用卡中心,广州,,广州 硕士 招若干人 03-15发布 统计学,国企,,银行,岗位职责: 1、从事前沿大规模机器学习算法的研究，负责人工智能前沿技术的调研与探索； 2、研究数据挖掘或统计学习领域的前沿技术，并用于实际问题的建模和优化； 3、通过对数据的敏锐洞察，深入挖掘产品潜在价值和需求，进而提供更有价值的技术和策略，推动产品成长。 应聘要求: 1、硕士或以上学历；统计学、应用数学、计算机、机器学习、人工智能等相关专业优先考虑； 2.、熟悉C/C++、Java、Python等编程语言，具有良好的计算机基础知识，有较强的工程能力和算法优化能力； 3.、熟悉常用算法和数据结构，对机器学习算法有较强的实现能力，良好的机器学习原理和最优化理论基础，深入理解机器学习问题求解方法； 4.、对数据敏感，具备良好的逻辑思维能力和学习能力； 具有良好的沟通表达能力和团队合作意识。 工作地点:广州,2026-03-15
人工智能工程师（应届生）,交通银行股份有限公司太平洋信用卡中心,上海,6-8千/月,上海 在校生/应届生 本科 招3人 03-15发布,国企,,银行,"岗位职责： 1、负责数据的预处理、特征工程和模型训练等，并对模型效果进行验证和跟踪改进； 2、参与信用卡中心深度学习平台、机器学习平台的建设； 3、参与对卡中心现有模型进行改进、优化和创建新模型； 4、参与卡中心自研机器人的研发； 5、参与对人工智能领域前沿技术的研究、论证、落地等。 岗位要求： 1、 统招全日制大学本科及以上学历应届毕业生，一类本科院校优先考虑； 2、 计算机或相关专业, 有深度学习项目经验者优先； 3、 熟悉Python语言，有实际开发经验优先； 4、 熟悉TensorFlow、Caffe、Pytorch、paddlepaddle等深度学习框架之一，有实际模型训练经验优先； 5、 熟悉神经网络、自然语言处理相关知识和算法，有NLP相关经验者优先； 6、 较强的问题分析能力、数据理解能力、学习能力和抗压能力，有团队合作精神。",2026-03-15
基于人工智能的算法模型与行业方案研究员（上海）,“蓝色之路”暑期实习项目,上海,,上海 本科 招若干人 03-15发布,外资（非欧美）,,机械/设备/重工,此职位为“蓝色之路”暑期实习职位 工作内容： 开展人工智能相关领域研究和开发工作。分析、设计、开发并验证不同领域的机器学习/深度学习模型算法，如计算机视觉，传感器数据分析，自然语言处理与知识图谱，推荐系统等。在此基础上结合具体行业（例如制造业，汽车，金融保险等）的业务场景需求开发相应的创新解决方案，并支持IBM公司相关产品研发；跟踪及研究机器学习及深度学习前沿技术。撰写发表高质量学术论文。 职位要求： 1、 2021年硕士及以上应届毕业生，模式识别、计算机、自动化等相关专业 2， 人工智能技术背景：例如机器学习、深度学习、增强学习、个性化推荐等； 3、 熟悉常用深度学习框架（如Caffe，Tensorflow或Torch等）； 4、 熟悉常用编程语言（如C/C++，Python）及框架（如Hadoop/Spark）； 5、 善于分析和解决问题，富有想象力和学习能力，良好的团队合作 6、 在物联网数据分析等相关领域有研发经历者优先录取； 7、 在计算机视觉，模式识别等方面有丰富研发经验者优先录取； 8、 发表过相关方向高水平学术论文者优先录取； 9、 参加过相关国际评测，并取得一定名次者优先录,2026-03-15
算法工程师,中移（上海）信息通信科技有限公司,上海,,上海 本科 招若干人 03-15发布,国企,,通信/电信/网络设备,岗位职责： 1. 负责GNSS高精度定位基础算法（RTK或PPP）的设计、实现、优化和产品化 2. 负责GNSS算法开发、移植、相关问题的技术支持，负责多系统多频GNSS数据质量分析与评估 3. 负责接口协议的开发与维护，编写相应技术设计文档 4. 负责智能驾驶系统各传感器（如摄像头、毫米波雷达、激光雷达等）的数据预处理算法，目标识别算法等开发工作 5. 建立结合多传感器数据融合技术算法的工具链系统，并将开发的相关工具应用于算法开发，模型搭建等工作 6. 负责对高精度GNSS行业CORS平台及终端的功能，性能，可靠性等进行评测验证 7. 负责GNSS测试设备和环境的部署，管理和维护，能支持外场测试及问题定位分析 8. 负责根据项目需求编写测试策略和测试用例，并能创新高效的完成测试任务，负责根据测试内容整理设计测试工具、测试脚本 岗位要求： 教育：计算机、通信等相关专业全日制研究生及以上学历 1. 大地测量、导航、制导与控制、自动化、电子、计算机、通信等相关专业，硕士及以上学历，有相关算法工作经验； 2. 熟悉GNSS多模多频数据处理技术，掌握RTK或PPP算法 3. 了解GNSS定位理论，熟练掌握最小二乘和卡尔曼滤波算法，以及对应的抗差方法 4. 了解相位高精度解算的理论和方法，熟悉多频数据的组合及非组合解算架构，熟悉各类周跳探测方法，熟悉模糊度估计和固定的方法 5. 熟悉RTK/PPP各类误差模型，了解动态模型辅助约束方法，了解大气参数估计方法 6. 了解GNSS完好性、置信度估计的原理和方法 7. 了解GNSS/INS松组合及紧组合算法架构，了解GNSS/INS相互辅助、反馈的关键方法 8. 熟悉C/C++编程，对代码风格、代码规范、代码管理和代码模块化有深入的认识 9. 对嵌入式算法内存优化、计算量优化有丰富经验者优先 10. 具备较强的学习能力、团队协作能力、沟通能力、责任意识及上进心 11. 有相关岗位实习经验者优先,2026-03-15
软件算法工程师,中国电子科技集团公司第十研究所,成都,,成都 硕士 招若干人 03-15发布,国企,,学术/科研,岗位职责： 1、针对不同的应用场景，构建分析模型，进行编码和调试，参与大数据产品的算法研究与实现； 2、根据产品定义，设计数据挖掘分析方案，指导团队开展数据挖掘分析工作 3、及时响应临时性、个性化的数据分析需求 4、参与系统联试、售后保障 任职要求： 1、计算机/信号/电子信息工程/应用数学/系统工程/自动控制等相关专业，硕士及以上学历； 2、具备算法开发和实现能力,2026-03-15
自然语言处理工程师,中国电子科技集团公司第十研究所,成都,,成都 硕士 招若干人 03-15发布,国企,,学术/科研,岗位职责： 战略情报分析、文本挖掘分析。 任职要求： 1、计算机、数学、软件工程等相关专业，硕士及以上学历； 2、较好的编程基础，熟练掌握Java、Python等编程语言； 3、了解自然语言处理的基本流程及常见算法，包括分词、分类、聚类、关联、预测 4、熟悉大规模数据挖掘、机器学习、文本挖掘、统计学的算法和技术者优先； 5、熟悉hadoop、mapreduce、hbase、hive、storm、spark等大数据技术原理并具备开发经验； 6、具有较强的分析解决问题的能力，以及优秀的逻辑思维能力，对有挑战的问题充满激情.,2026-03-15
人工智能工程师（应届生）,交通银行股份有限公司太平洋信用卡中心,上海,6-8千/月,上海 在校生/应届生 本科 招3人 03-15发布,国企,,银行,"岗位职责： 1、负责数据的预处理、特征工程和模型训练等，并对模型效果进行验证和跟踪改进； 2、参与信用卡中心深度学习平台、机器学习平台的建设； 3、参与对卡中心现有模型进行改进、优化和创建新模型； 4、参与卡中心自研机器人的研发； 5、参与对人工智能领域前沿技术的研究、论证、落地等。 岗位要求： 1、 统招全日制大学本科及以上学历应届毕业生，一类本科院校优先考虑； 2、 计算机或相关专业, 有深度学习项目经验者优先； 3、 熟悉Python语言，有实际开发经验优先； 4、 熟悉TensorFlow、Caffe、Pytorch、paddlepaddle等深度学习框架之一，有实际模型训练经验优先； 5、 熟悉神经网络、自然语言处理相关知识和算法，有NLP相关经验者优先； 6、 较强的问题分析能力、数据理解能力、学习能力和抗压能力，有团队合作精神。",2026-03-15
基于人工智能的算法模型与行业方案研究员（上海）,“蓝色之路”暑期实习项目,上海,,上海 本科 招若干人 03-15发布,外资（非欧美）,,机械/设备/重工,此职位为“蓝色之路”暑期实习职位 工作内容： 开展人工智能相关领域研究和开发工作。分析、设计、开发并验证不同领域的机器学习/深度学习模型算法，如计算机视觉，传感器数据分析，自然语言处理与知识图谱，推荐系统等。在此基础上结合具体行业（例如制造业，汽车，金融保险等）的业务场景需求开发相应的创新解决方案，并支持IBM公司相关产品研发；跟踪及研究机器学习及深度学习前沿技术。撰写发表高质量学术论文。 职位要求： 1、 2021年硕士及以上应届毕业生，模式识别、计算机、自动化等相关专业 2， 人工智能技术背景：例如机器学习、深度学习、增强学习、个性化推荐等； 3、 熟悉常用深度学习框架（如Caffe，Tensorflow或Torch等）； 4、 熟悉常用编程语言（如C/C++，Python）及框架（如Hadoop/Spark）； 5、 善于分析和解决问题，富有想象力和学习能力，良好的团队合作 6、 在物联网数据分析等相关领域有研发经历者优先录取； 7、 在计算机视觉，模式识别等方面有丰富研发经验者优先录取； 8、 发表过相关方向高水平学术论文者优先录取； 9、 参加过相关国际评测，并取得一定名次者优先录,2026-03-15
算法工程师,中移（上海）信息通信科技有限公司,上海,,上海 本科 招若干人 03-15发布,国企,,通信/电信/网络设备,岗位职责： 1. 负责GNSS高精度定位基础算法（RTK或PPP）的设计、实现、优化和产品化 2. 负责GNSS算法开发、移植、相关问题的技术支持，负责多系统多频GNSS数据质量分析与评估 3. 负责接口协议的开发与维护，编写相应技术设计文档 4. 负责智能驾驶系统各传感器（如摄像头、毫米波雷达、激光雷达等）的数据预处理算法，目标识别算法等开发工作 5. 建立结合多传感器数据融合技术算法的工具链系统，并将开发的相关工具应用于算法开发，模型搭建等工作 6. 负责对高精度GNSS行业CORS平台及终端的功能，性能，可靠性等进行评测验证 7. 负责GNSS测试设备和环境的部署，管理和维护，能支持外场测试及问题定位分析 8. 负责根据项目需求编写测试策略和测试用例，并能创新高效的完成测试任务，负责根据测试内容整理设计测试工具、测试脚本 岗位要求： 教育：计算机、通信等相关专业全日制研究生及以上学历 1. 大地测量、导航、制导与控制、自动化、电子、计算机、通信等相关专业，硕士及以上学历，有相关算法工作经验； 2. 熟悉GNSS多模多频数据处理技术，掌握RTK或PPP算法 3. 了解GNSS定位理论，熟练掌握最小二乘和卡尔曼滤波算法，以及对应的抗差方法 4. 了解相位高精度解算的理论和方法，熟悉多频数据的组合及非组合解算架构，熟悉各类周跳探测方法，熟悉模糊度估计和固定的方法 5. 熟悉RTK/PPP各类误差模型，了解动态模型辅助约束方法，了解大气参数估计方法 6. 了解GNSS完好性、置信度估计的原理和方法 7. 了解GNSS/INS松组合及紧组合算法架构，了解GNSS/INS相互辅助、反馈的关键方法 8. 熟悉C/C++编程，对代码风格、代码规范、代码管理和代码模块化有深入的认识 9. 对嵌入式算法内存优化、计算量优化有丰富经验者优先 10. 具备较强的学习能力、团队协作能力、沟通能力、责任意识及上进心 11. 有相关岗位实习经验者优先,2026-03-15
软件算法工程师,中国电子科技集团公司第十研究所,成都,,成都 硕士 招若干人 03-15发布,国企,,学术/科研,岗位职责： 1、针对不同的应用场景，构建分析模型，进行编码和调试，参与大数据产品的算法研究与实现； 2、根据产品定义，设计数据挖掘分析方案，指导团队开展数据挖掘分析工作 3、及时响应临时性、个性化的数据分析需求 4、参与系统联试、售后保障 任职要求： 1、计算机/信号/电子信息工程/应用数学/系统工程/自动控制等相关专业，硕士及以上学历； 2、具备算法开发和实现能力,2026-03-15
自然语言处理工程师,中国电子科技集团公司第十研究所,成都,,成都 硕士 招若干人 03-15发布,国企,,学术/科研,岗位职责： 战略情报分析、文本挖掘分析。 任职要求： 1、计算机、数学、软件工程等相关专业，硕士及以上学历； 2、较好的编程基础，熟练掌握Java、Python等编程语言； 3、了解自然语言处理的基本流程及常见算法，包括分词、分类、聚类、关联、预测 4、熟悉大规模数据挖掘、机器学习、文本挖掘、统计学的算法和技术者优先； 5、熟悉hadoop、mapreduce、hbase、hive、storm、spark等大数据技术原理并具备开发经验； 6、具有较强的分析解决问题的能力，以及优秀的逻辑思维能力，对有挑战的问题充满激情.,2026-03-15
基于人工智能的算法模型与行业方案研究员（上海）,“蓝色之路”暑期实习项目,上海,,上海 本科 招若干人 03-15发布,外资（非欧美）,,机械/设备/重工,此职位为“蓝色之路”暑期实习职位 工作内容： 开展人工智能相关领域研究和开发工作。分析、设计、开发并验证不同领域的机器学习/深度学习模型算法，如计算机视觉，传感器数据分析，自然语言处理与知识图谱，推荐系统等。在此基础上结合具体行业（例如制造业，汽车，金融保险等）的业务场景需求开发相应的创新解决方案，并支持IBM公司相关产品研发；跟踪及研究机器学习及深度学习前沿技术。撰写发表高质量学术论文。 职位要求： 1、 2021年硕士及以上应届毕业生，模式识别、计算机、自动化等相关专业 2， 人工智能技术背景：例如机器学习、深度学习、增强学习、个性化推荐等； 3、 熟悉常用深度学习框架（如Caffe，Tensorflow或Torch等）； 4、 熟悉常用编程语言（如C/C++，Python）及框架（如Hadoop/Spark）； 5、 善于分析和解决问题，富有想象力和学习能力，良好的团队合作 6、 在物联网数据分析等相关领域有研发经历者优先录取； 7、 在计算机视觉，模式识别等方面有丰富研发经验者优先录取； 8、 发表过相关方向高水平学术论文者优先录取； 9、 参加过相关国际评测，并取得一定名次者优先录,2026-03-15
算法工程师,中移（上海）信息通信科技有限公司,上海,,上海 本科 招若干人 03-15发布,国企,,通信/电信/网络设备,岗位职责： 1. 负责GNSS高精度定位基础算法（RTK或PPP）的设计、实现、优化和产品化 2. 负责GNSS算法开发、移植、相关问题的技术支持，负责多系统多频GNSS数据质量分析与评估 3. 负责接口协议的开发与维护，编写相应技术设计文档 4. 负责智能驾驶系统各传感器（如摄像头、毫米波雷达、激光雷达等）的数据预处理算法，目标识别算法等开发工作 5. 建立结合多传感器数据融合技术算法的工具链系统，并将开发的相关工具应用于算法开发，模型搭建等工作 6. 负责对高精度GNSS行业CORS平台及终端的功能，性能，可靠性等进行评测验证 7. 负责GNSS测试设备和环境的部署，管理和维护，能支持外场测试及问题定位分析 8. 负责根据项目需求编写测试策略和测试用例，并能创新高效的完成测试任务，负责根据测试内容整理设计测试工具、测试脚本 岗位要求： 教育：计算机、通信等相关专业全日制研究生及以上学历 1. 大地测量、导航、制导与控制、自动化、电子、计算机、通信等相关专业，硕士及以上学历，有相关算法工作经验； 2. 熟悉GNSS多模多频数据处理技术，掌握RTK或PPP算法 3. 了解GNSS定位理论，熟练掌握最小二乘和卡尔曼滤波算法，以及对应的抗差方法 4. 了解相位高精度解算的理论和方法，熟悉多频数据的组合及非组合解算架构，熟悉各类周跳探测方法，熟悉模糊度估计和固定的方法 5. 熟悉RTK/PPP各类误差模型，了解动态模型辅助约束方法，了解大气参数估计方法 6. 了解GNSS完好性、置信度估计的原理和方法 7. 了解GNSS/INS松组合及紧组合算法架构，了解GNSS/INS相互辅助、反馈的关键方法 8. 熟悉C/C++编程，对代码风格、代码规范、代码管理和代码模块化有深入的认识 9. 对嵌入式算法内存优化、计算量优化有丰富经验者优先 10. 具备较强的学习能力、团队协作能力、沟通能力、责任意识及上进心 11. 有相关岗位实习经验者优先,2026-03-15
软件算法工程师,中国电子科技集团公司第十研究所,成都,,成都 硕士 招若干人 03-15发布,国企,,学术/科研,岗位职责： 1、针对不同的应用场景，构建分析模型，进行编码和调试，参与大数据产品的算法研究与实现； 2、根据产品定义，设计数据挖掘分析方案，指导团队开展数据挖掘分析工作 3、及时响应临时性、个性化的数据分析需求 4、参与系统联试、售后保障 任职要求： 1、计算机/信号/电子信息工程/应用数学/系统工程/自动控制等相关专业，硕士及以上学历； 2、具备算法开发和实现能力,2026-03-15
自然语言处理工程师,中国电子科技集团公司第十研究所,成都,,成都 硕士 招若干人 03-15发布,国企,,学术/科研,岗位职责： 战略情报分析、文本挖掘分析。 任职要求： 1、计算机、数学、软件工程等相关专业，硕士及以上学历； 2、较好的编程基础，熟练掌握Java、Python等编程语言； 3、了解自然语言处理的基本流程及常见算法，包括分词、分类、聚类、关联、预测 4、熟悉大规模数据挖掘、机器学习、文本挖掘、统计学的算法和技术者优先； 5、熟悉hadoop、mapreduce、hbase、hive、storm、spark等大数据技术原理并具备开发经验； 6、具有较强的分析解决问题的能力，以及优秀的逻辑思维能力，对有挑战的问题充满激情.,2026-03-15
算法工程师（广州）,东软医疗系统股份有限公司,广州,,广州 硕士 招5人 03-15发布,合资,,医疗/护理/卫生,岗位职责： 1、进行算法相关的需求分析、调研、实现、评估、优化，输出设计规格书； 2、参与影像链设计工作：数据采集、数据校正、重建、图像优化； 3、跟踪、了解本岗位所需要的相关行业知识，参与预研工作；,2026-03-15
算法工程师（沈阳）,东软医疗系统股份有限公司,沈阳,,沈阳 硕士 招5人 03-15发布,合资,,医疗/护理/卫生,岗位职责： 1、进行算法相关的需求分析、调研、实现、评估、优化，输出设计规格书； 2、参与影像链设计工作：数据采集、数据校正、重建、图像优化； 3、跟踪、了解本岗位所需要的相关行业知识，参与预研工作；,2026-03-15
算法工程师,北京中电飞华通信股份有限公司,北京,,北京 硕士 招1人 03-15发布,国企,,通信/电信运营、增值服务,岗位职责： 1.负责电力大数据算法方向的研究； 2.编写软件使用说明书等相关技术性文件； 3.算法产品开发和算法的优化实现； 4.与项目组成员沟通，及时发现和解决存在问题； 5.熟悉电力行业，掌握电气工程理论； 6.熟练掌握至少一种大数据分析工具； 7.熟悉电力行业信息管理构建、管理、安全及辅助决策等新技术的理论、方法及其应用。,2026-03-15
算法工程师,朗新科技股份有限公司,江苏省,,江苏省 本科 招3人 03-15发布,上市公司,,计算机软件,岗位描述： 1、参与数据ETL和数据仓库治理； 2、参与大数据分析和挖掘，个性化推荐等系统的设计和开发； 3、负责数据挖掘、自然语言处理及预测等相关模型、算法的设计与开发； 4、参与用户画像、用户行为评分等功能模块的开发； 5、参与爬虫等外部相关数据爬取 岗位要求： 1、熟悉linux 平台，有大规模数据处理的经验。 2、熟练python语言，对svm、xgboost、rf等机器学习算法有良好的基础,2026-03-15
算法工程师（杭州）,北京深睿博联科技有限责任公司,杭州,,杭州 硕士 招3人 03-15发布,民营公司,,计算机服务(系统、数据服务、维修),"岗位描述 1. 参与公司核心AI技术的工程设计和实现； 2. 保证系统工程卓越，负责持续性能优化和功能迭代； 岗位要求 1. 良好的代码功底，精通Python编程语言，熟悉 C++/Java语言 2.熟练掌握各类常用数据结构，基础算法以及设计模式, 具备一定的架构能力 3.熟悉多进程，内存、显存管理，性能分析和调优等相关技术 4. 熟悉深度学习模型构建和参数调优的基本方法，对pytorch/tesorflow/caffe等框架熟悉者优先。 5.有较强的责任心，具有良好的沟通能力和团队合作精神，工作积极主动，较强的自我学习能力；",2026-03-15
算法工程师（北京）,北京深睿博联科技有限责任公司,北京,,北京 硕士 招3人 03-15发布,民营公司,,计算机服务(系统、数据服务、维修),"岗位描述 1. 参与公司核心AI技术的工程设计和实现； 2. 保证系统工程卓越，负责持续性能优化和功能迭代； 岗位要求 1. 良好的代码功底，精通Python编程语言，熟悉 C++/Java语言 2.熟练掌握各类常用数据结构，基础算法以及设计模式, 具备一定的架构能力 3.熟悉多进程，内存、显存管理，性能分析和调优等相关技术 4. 熟悉深度学习模型构建和参数调优的基本方法，对pytorch/tesorflow/caffe等框架熟悉者优先。 5.有较强的责任心，具有良好的沟通能力和团队合作精神，工作积极主动，较强的自我学习能力；",2026-03-15
图像算法工程师,成都极米科技股份有限公司,成都,,成都 硕士 招10人 03-15发布,民营公司,,互联网/电子商务,岗位职责： 1、根据项目进度，配合研发人员完成算法调研和移植，设计测试方案，完成算法的稳定性与准确率测试； 2、跟踪前沿科技，寻找合适落地场景； 3、负责创新想法的整理和总结以及专利撰写。 任职要求： 1、硕士及以上学历； 2、扎实的数学基础，包括矩阵理论、线性代数、概率论及最优化； 3、熟悉相机的成像模型，熟悉基本的图像预处理操作； 4、具有良好的C/C++编程习惯，熟悉常用数据结构算法； 5、具有良好的沟通能力和解决实际问题的能力，有团队合作精神。,2026-03-15
算法工程师（武汉）,北京亚鸿世纪科技发展有限公司,武汉,,武汉 硕士 招2人 03-15发布,民营公司,,计算机软件,岗位职责： 1、利用相关技术和算法，为公司各业务线产品提供解决方案与服务； 2、主要负责公司知识图谱、自然语言处理和网络安全等任意一个方向的算法研发工作； 3、负责搭建相关的机器学习和大数据分析平台。,2026-03-15
算法工程师（北京）,北京亚鸿世纪科技发展有限公司,北京,,北京 硕士 招2人 03-15发布,民营公司,,计算机软件,岗位职责： 1、利用相关技术和算法，为公司各业务线产品提供解决方案与服务； 2、主要负责公司知识图谱、自然语言处理和网络安全等任意一个方向的算法研发工作； 3、负责搭建相关的机器学习和大数据分析平台。,2026-03-15
算法工程师,北京赋乐科技有限公司,北京,,北京 硕士 招3人 03-15发布,创业公司,,计算机软件,1、熟悉常用的机器学习/深度学习算法/数据挖掘算法； 2、熟悉C++/Java/Python任意一种语言； 3、有任意垂直领域的数据算法分析、用户/群体画像经验者优先； 4、这里是大数据采集、分析、应用的集结地，这里是人工智能实践的“战场”。 投递邮箱：hr@flowpp.com,2026-03-15
算法工程师-金风慧能,北京金风科创风电设备有限公司,北京,,北京 硕士 招2人 03-15发布,上市公司,,机械/设备/重工,工作职责 (1)负责运用机器学习相关技术，对风电或光伏数据进行统计分析，研究新的风/光伏电场短期和超短期功率预测建模算法，提升预报准确率； (2)主导开展专题项目研究工作，能够跨系统的沟通数据需求，针对数据产品，编写调研报告和项目解决方案； (3)负责算法平台的维护与优化工作。 任职要求 (1)研究生及以上学历；计算机、数学相关专业； (2)熟练掌握支持向量机、神经网络等机器学习算法原理，并能结合实际应用提出优化改进方案； (4)工作地点：北京/无锡。,2026-03-15
组合导航算法工程师,吉利卫星-未来出行,上海-徐汇区,2-5万/月,上海-徐汇区 3-4年经验 硕士 招2人 03-15发布,民营公司,150-500人,"通信/电信运营、增值服务,航天/航空","1. 负责GNSS/INS组合导航算法的设计和研发; 2. 负责多传感器融合定位算法的设计和研发; 3. 负责产品工程的升级与维护； 4. 负责测试数据的分析问题解决以及客户支持。 任职要求： 1. 电子，计算机，GNSS,测量测绘专业硕士及以上学历； 2. 惯导组合算法项目开发经验； 3. 熟悉GNSS定位理论； 4. 精通惯性导航、组合导航和卡尔曼滤波算法设计; 5. 熟悉惯性传感器和磁传感器的标定及误差补偿算法; 6. 熟悉C/matlab语言编程; 7. 熟悉嵌入式系统开发; 8. 有良好的团队协作精神。 公司福利： 1. 法定社会保险、公积金； 2. 医疗保险； 【受保人：员工自身及其配偶、子女、父母皆可得到保障，您的家人就是我们的家人】 【受保项目：意外医疗、重大疾病。避免因病致贫，让员工无后顾之忧】 【工龄满3年增加附加补充医疗】 3.假期项目； 【国家法定假、带薪年假、婚假、产假/陪产假/产检假/哺乳假、丧假、工伤假】 4.福利项目； 【节日福利、季度福利、生日福利、结婚福利、生育福利】 5.补贴项目； 【餐费补贴、交通补贴、通讯补贴、加班晚餐补贴/打车补贴】 6.其他福利项目； 【年度健康体检、旅游团建】 工作地点：上海·徐汇区·星联科技园 世界500强公司上海研发中心，非诚勿扰！",2026-03-15
图形图像算法工程师,万科集团万翼科技,深圳-南山区,1.5-3.5万/月,深圳-南山区 3-4年经验 本科 招3人 03-15发布,上市公司,500-1000人,房地产,职位描述： 1、负责图形图像处理（GIP）领域相关的技术、算法和服务的研发工作，完成GIP领域的AI技术能力的设计、实现、运行和优化工作； 2、参与AI应用项目的开发工作，制定项目的GIP技术应用方案，负责GIP服务的算法设计与模块研发，并结合GIP服务的运行效能对其算法改进，实现GIP技术的业务应用； 3、配合AI应用工程师，将GIP功能模块封装成服务并部署到AI技术平台，为公司提供GIP领域的AI技术能力； 4、协助AI平台架构师将GIP技术框架和算法工具部署到AI平台，为算法工程师的GIP算法模型及技术能力的研发提供支持； 5、负责GIP领域的算法与技术培训，建设公司的GIP技术人才梯队，指导GIP技术在业务中的应用，解决应用中的GIP技术难题； 6、跟踪业界与学术界在GIP领域的技术发展状况，及时将GIP领域的前沿算法模型和技术框架应用到实际的业务中。 职位要求： 1、计算机科学、智能科学或数学相关专业，硕士及以上学历； 2、具有扎实的算法理论基础，对GIP技术具有深刻而系统的理解，能够熟练应用GIP领域的常用算法（如SIFT、NCC、YOLO、SSD、FASTER-RCNN、RetinaNet等）和工具方法（如Keras、SKLearn等）； 3、具有5年以上GIP技术应用经验，主持并参与过多个GIP技术（如图形图像的识别、分类、区域分割、目标检测、图素检索、内容理解、人脸/微表情识别、OCR等）应用项目； 4、深刻理解机器学习、深度学习、模式识别和图数据挖掘的技术原理和方法，能够熟练安装与使用TensorFlow、Pytorch、MXNet、Caffe、CNTK等多种主流深度学习框架，熟悉CNN、GAN、GNN等类型的主要GIP模型，能够调整这些模型的参数和训练模式； 5、精通Python、C++、Scala、Java、Pyspark等至少一门编程语言，具有良好的编程能力，熟悉Linux编程环境，具有基于云平台的应用开发经验； 6、具备良好的团队协作能力和沟通能力，自我驱动力强，能够积极主动开展工作，具有较强的工作规划和执行能力； 7、开发过知名GIP技术产品或在GIP领域的高级会议或期刊上发表过论文者优先。,2026-03-15
算法工程师（武汉）,北京亚鸿世纪科技发展有限公司,武汉,,武汉 硕士 招2人 03-15发布,民营公司,,计算机软件,岗位职责： 1、利用相关技术和算法，为公司各业务线产品提供解决方案与服务； 2、主要负责公司知识图谱、自然语言处理和网络安全等任意一个方向的算法研发工作； 3、负责搭建相关的机器学习和大数据分析平台。,2026-03-15
算法工程师（北京）,北京亚鸿世纪科技发展有限公司,北京,,北京 硕士 招2人 03-15发布,民营公司,,计算机软件,岗位职责： 1、利用相关技术和算法，为公司各业务线产品提供解决方案与服务； 2、主要负责公司知识图谱、自然语言处理和网络安全等任意一个方向的算法研发工作； 3、负责搭建相关的机器学习和大数据分析平台。,2026-03-15
算法工程师,北京赋乐科技有限公司,北京,,北京 硕士 招3人 03-15发布,创业公司,,计算机软件,1、熟悉常用的机器学习/深度学习算法/数据挖掘算法； 2、熟悉C++/Java/Python任意一种语言； 3、有任意垂直领域的数据算法分析、用户/群体画像经验者优先； 4、这里是大数据采集、分析、应用的集结地，这里是人工智能实践的“战场”。 投递邮箱：hr@flowpp.com,2026-03-15
算法工程师（广州）,东软医疗系统股份有限公司,广州,,广州 硕士 招5人 03-15发布,合资,,医疗/护理/卫生,岗位职责： 1、进行算法相关的需求分析、调研、实现、评估、优化，输出设计规格书； 2、参与影像链设计工作：数据采集、数据校正、重建、图像优化； 3、跟踪、了解本岗位所需要的相关行业知识，参与预研工作；,2026-03-15
算法工程师（沈阳）,东软医疗系统股份有限公司,沈阳,,沈阳 硕士 招5人 03-15发布,合资,,医疗/护理/卫生,岗位职责： 1、进行算法相关的需求分析、调研、实现、评估、优化，输出设计规格书； 2、参与影像链设计工作：数据采集、数据校正、重建、图像优化； 3、跟踪、了解本岗位所需要的相关行业知识，参与预研工作；,2026-03-15
算法工程师,北京中电飞华通信股份有限公司,北京,,北京 硕士 招1人 03-15发布,国企,,通信/电信运营、增值服务,岗位职责： 1.负责电力大数据算法方向的研究； 2.编写软件使用说明书等相关技术性文件； 3.算法产品开发和算法的优化实现； 4.与项目组成员沟通，及时发现和解决存在问题； 5.熟悉电力行业，掌握电气工程理论； 6.熟练掌握至少一种大数据分析工具； 7.熟悉电力行业信息管理构建、管理、安全及辅助决策等新技术的理论、方法及其应用。,2026-03-15
算法工程师,朗新科技股份有限公司,江苏省,,江苏省 本科 招3人 03-15发布,上市公司,,计算机软件,岗位描述： 1、参与数据ETL和数据仓库治理； 2、参与大数据分析和挖掘，个性化推荐等系统的设计和开发； 3、负责数据挖掘、自然语言处理及预测等相关模型、算法的设计与开发； 4、参与用户画像、用户行为评分等功能模块的开发； 5、参与爬虫等外部相关数据爬取 岗位要求： 1、熟悉linux 平台，有大规模数据处理的经验。 2、熟练python语言，对svm、xgboost、rf等机器学习算法有良好的基础,2026-03-15
算法工程师（广州）,东软医疗系统股份有限公司,广州,,广州 硕士 招5人 03-15发布,合资,,医疗/护理/卫生,岗位职责： 1、进行算法相关的需求分析、调研、实现、评估、优化，输出设计规格书； 2、参与影像链设计工作：数据采集、数据校正、重建、图像优化； 3、跟踪、了解本岗位所需要的相关行业知识，参与预研工作；,2026-03-15
算法工程师（沈阳）,东软医疗系统股份有限公司,沈阳,,沈阳 硕士 招5人 03-15发布,合资,,医疗/护理/卫生,岗位职责： 1、进行算法相关的需求分析、调研、实现、评估、优化，输出设计规格书； 2、参与影像链设计工作：数据采集、数据校正、重建、图像优化； 3、跟踪、了解本岗位所需要的相关行业知识，参与预研工作；,2026-03-15
算法工程师,北京中电飞华通信股份有限公司,北京,,北京 硕士 招1人 03-15发布,国企,,通信/电信运营、增值服务,岗位职责： 1.负责电力大数据算法方向的研究； 2.编写软件使用说明书等相关技术性文件； 3.算法产品开发和算法的优化实现； 4.与项目组成员沟通，及时发现和解决存在问题； 5.熟悉电力行业，掌握电气工程理论； 6.熟练掌握至少一种大数据分析工具； 7.熟悉电力行业信息管理构建、管理、安全及辅助决策等新技术的理论、方法及其应用。,2026-03-15
算法工程师,朗新科技股份有限公司,江苏省,,江苏省 本科 招3人 03-15发布,上市公司,,计算机软件,岗位描述： 1、参与数据ETL和数据仓库治理； 2、参与大数据分析和挖掘，个性化推荐等系统的设计和开发； 3、负责数据挖掘、自然语言处理及预测等相关模型、算法的设计与开发； 4、参与用户画像、用户行为评分等功能模块的开发； 5、参与爬虫等外部相关数据爬取 岗位要求： 1、熟悉linux 平台，有大规模数据处理的经验。 2、熟练python语言，对svm、xgboost、rf等机器学习算法有良好的基础,2026-03-15
算法工程师（杭州）,北京深睿博联科技有限责任公司,杭州,,杭州 硕士 招3人 03-15发布,民营公司,,计算机服务(系统、数据服务、维修),"岗位描述 1. 参与公司核心AI技术的工程设计和实现； 2. 保证系统工程卓越，负责持续性能优化和功能迭代； 岗位要求 1. 良好的代码功底，精通Python编程语言，熟悉 C++/Java语言 2.熟练掌握各类常用数据结构，基础算法以及设计模式, 具备一定的架构能力 3.熟悉多进程，内存、显存管理，性能分析和调优等相关技术 4. 熟悉深度学习模型构建和参数调优的基本方法，对pytorch/tesorflow/caffe等框架熟悉者优先。 5.有较强的责任心，具有良好的沟通能力和团队合作精神，工作积极主动，较强的自我学习能力；",2026-03-15
算法工程师（北京）,北京深睿博联科技有限责任公司,北京,,北京 硕士 招3人 03-15发布,民营公司,,计算机服务(系统、数据服务、维修),"岗位描述 1. 参与公司核心AI技术的工程设计和实现； 2. 保证系统工程卓越，负责持续性能优化和功能迭代； 岗位要求 1. 良好的代码功底，精通Python编程语言，熟悉 C++/Java语言 2.熟练掌握各类常用数据结构，基础算法以及设计模式, 具备一定的架构能力 3.熟悉多进程，内存、显存管理，性能分析和调优等相关技术 4. 熟悉深度学习模型构建和参数调优的基本方法，对pytorch/tesorflow/caffe等框架熟悉者优先。 5.有较强的责任心，具有良好的沟通能力和团队合作精神，工作积极主动，较强的自我学习能力；",2026-03-15
图像算法工程师,成都极米科技股份有限公司,成都,,成都 硕士 招10人 03-15发布,民营公司,,互联网/电子商务,岗位职责： 1、根据项目进度，配合研发人员完成算法调研和移植，设计测试方案，完成算法的稳定性与准确率测试； 2、跟踪前沿科技，寻找合适落地场景； 3、负责创新想法的整理和总结以及专利撰写。 任职要求： 1、硕士及以上学历； 2、扎实的数学基础，包括矩阵理论、线性代数、概率论及最优化； 3、熟悉相机的成像模型，熟悉基本的图像预处理操作； 4、具有良好的C/C++编程习惯，熟悉常用数据结构算法； 5、具有良好的沟通能力和解决实际问题的能力，有团队合作精神。,2026-03-15
算法工程师（机器学习方向）,龙湖集团,北京,,北京 本科 招若干人 03-15发布,上市公司,,房地产,岗位职责： 1、基于业务状态监控网络，利用机器学习技术，研究改进业务运行模式，提升运营效率； 2、分析基础数据，挖掘用户兴趣，进行行为预测或偏好分析，增强推荐、营销系统的准确度； 3、分析用户商业意图，挖掘流量潜在商业价值，提升流量变现； 4、研发机器翻译与对话技术，促进跨语言内容理解与交流。 岗位要求： 1、本科及以上学历，计算机、机器学习相关专业； 2、热爱计算机科学和互联网技术，对算法有浓厚兴趣； 3、具备强悍的编码能力，熟悉 linux 开发环境，熟悉 C++ 和 Python 语言优先； 4、有扎实的数据结构和算法功底，熟悉机器学习、自然语言处理、数据挖掘、分布式计算、计算机视觉、计算机图形、语音识别与合成中一项或多项； 5、优秀的分析问题和解决问题的能力，对解决具有挑战性问题充满激情。,2026-03-15
算法工程师（机器学习方向）,龙湖集团,北京,,北京 本科 招若干人 03-15发布,上市公司,,房地产,岗位职责： 1、基于业务状态监控网络，利用机器学习技术，研究改进业务运行模式，提升运营效率； 2、分析基础数据，挖掘用户兴趣，进行行为预测或偏好分析，增强推荐、营销系统的准确度； 3、分析用户商业意图，挖掘流量潜在商业价值，提升流量变现； 4、研发机器翻译与对话技术，促进跨语言内容理解与交流。 岗位要求： 1、本科及以上学历，计算机、机器学习相关专业； 2、热爱计算机科学和互联网技术，对算法有浓厚兴趣； 3、具备强悍的编码能力，熟悉 linux 开发环境，熟悉 C++ 和 Python 语言优先； 4、有扎实的数据结构和算法功底，熟悉机器学习、自然语言处理、数据挖掘、分布式计算、计算机视觉、计算机图形、语音识别与合成中一项或多项； 5、优秀的分析问题和解决问题的能力，对解决具有挑战性问题充满激情。,2026-03-15
算法工程师（机器学习方向）,龙湖集团,北京,,北京 本科 招若干人 03-15发布,上市公司,,房地产,岗位职责： 1、基于业务状态监控网络，利用机器学习技术，研究改进业务运行模式，提升运营效率； 2、分析基础数据，挖掘用户兴趣，进行行为预测或偏好分析，增强推荐、营销系统的准确度； 3、分析用户商业意图，挖掘流量潜在商业价值，提升流量变现； 4、研发机器翻译与对话技术，促进跨语言内容理解与交流。 岗位要求： 1、本科及以上学历，计算机、机器学习相关专业； 2、热爱计算机科学和互联网技术，对算法有浓厚兴趣； 3、具备强悍的编码能力，熟悉 linux 开发环境，熟悉 C++ 和 Python 语言优先； 4、有扎实的数据结构和算法功底，熟悉机器学习、自然语言处理、数据挖掘、分布式计算、计算机视觉、计算机图形、语音识别与合成中一项或多项； 5、优秀的分析问题和解决问题的能力，对解决具有挑战性问题充满激情。,2026-03-15
算法工程师（机器学习方向）,龙湖集团,北京,,北京 本科 招若干人 03-15发布,上市公司,,房地产,岗位职责： 1、基于业务状态监控网络，利用机器学习技术，研究改进业务运行模式，提升运营效率； 2、分析基础数据，挖掘用户兴趣，进行行为预测或偏好分析，增强推荐、营销系统的准确度； 3、分析用户商业意图，挖掘流量潜在商业价值，提升流量变现； 4、研发机器翻译与对话技术，促进跨语言内容理解与交流。 岗位要求： 1、本科及以上学历，计算机、机器学习相关专业； 2、热爱计算机科学和互联网技术，对算法有浓厚兴趣； 3、具备强悍的编码能力，熟悉 linux 开发环境，熟悉 C++ 和 Python 语言优先； 4、有扎实的数据结构和算法功底，熟悉机器学习、自然语言处理、数据挖掘、分布式计算、计算机视觉、计算机图形、语音识别与合成中一项或多项； 5、优秀的分析问题和解决问题的能力，对解决具有挑战性问题充满激情。,2026-03-15
算法工程师,中国移动通信集团设计院有限公司,北京,,北京 硕士 招若干人 03-15发布,国企,,通信/电信/网络设备,岗位职责： 1、实现AI在设备图像识别、标签文字识别、规划场景识别等方向功能模块的开发； 2、负责AI人工智能、基于图片的三维空间重建等算法相关的研究，研究智能分析算法与ISP算法； 3、负责处理数据，需要进行一定量的信息检索、数据挖掘； 4、研究机器学习领域算法、开源框架，支持产品项目的研发落地。 任职资格： 1、对机器学习、推荐算法研究有浓厚的兴趣，良好的分析问题和逻辑思维能力，对数据敏感，能够迅速地发现数据中隐藏的规律并给出验证方式； 2、精通统计学、数据挖掘算法，尤其是回归模型、决策树模型，具有独立编程能力，深入理解各种常用基本机器学习算法； 3、熟悉如下三类技术中的至少一种：1）熟悉三维重建算法，了解立体视觉技术及图像特征检测、稀疏\稠密匹配技术；2）具有激光、红外、相机等多重传感器的融合以及标定经验；3）基于深度学习框架开展过CV类项目研发； 4、精通python或java，熟练使用一种以上数据分析工具，熟悉linux、sql； 5、熟悉机器学习建模流程； 6、熟练使用tensorFlow/keras等进行深度学习建模的优先。 学历要求： 硕士级以上学历 专业要求： 计算机、数学，统计等相关专业,2026-03-15
算法工程师,中国移动通信集团设计院有限公司,北京,,北京 硕士 招若干人 03-15发布,国企,,通信/电信/网络设备,岗位职责： 1、实现AI在设备图像识别、标签文字识别、规划场景识别等方向功能模块的开发； 2、负责AI人工智能、基于图片的三维空间重建等算法相关的研究，研究智能分析算法与ISP算法； 3、负责处理数据，需要进行一定量的信息检索、数据挖掘； 4、研究机器学习领域算法、开源框架，支持产品项目的研发落地。 任职资格： 1、对机器学习、推荐算法研究有浓厚的兴趣，良好的分析问题和逻辑思维能力，对数据敏感，能够迅速地发现数据中隐藏的规律并给出验证方式； 2、精通统计学、数据挖掘算法，尤其是回归模型、决策树模型，具有独立编程能力，深入理解各种常用基本机器学习算法； 3、熟悉如下三类技术中的至少一种：1）熟悉三维重建算法，了解立体视觉技术及图像特征检测、稀疏\稠密匹配技术；2）具有激光、红外、相机等多重传感器的融合以及标定经验；3）基于深度学习框架开展过CV类项目研发； 4、精通python或java，熟练使用一种以上数据分析工具，熟悉linux、sql； 5、熟悉机器学习建模流程； 6、熟练使用tensorFlow/keras等进行深度学习建模的优先。 学历要求： 硕士级以上学历 专业要求： 计算机、数学，统计等相关专业,2026-03-15
算法工程师,广州市汇尚网络科技有限公司,上海,1.5-2.5万/月,上海 3-4年经验 本科 招1人 03-15发布,民营公司,150-500人,互联网/电子商务,1、根据市场环境和业务需求承担复杂分析任务，并将各类业务痛点转化为合适的数学模型； 2、沉淀分析思路与框架，推动业务数据需求的量化； 3、参与和支持数据分析，对接项目、产品和技术，推动数据可视化和业务模型的落地。 能力要求： 1、统招本科及以上学历，数学、统计、计算机类专业； 2、精通SQL、Python、Excel，熟悉统计类语言，R语言、Matlab等； 3、熟练掌握Power BI或Tableau等优先； 4、对数据有较高的敏感度和警觉性，开拓性思维； 5、具备商业分析思维和能力，以及良好的团队合作精神；,2026-03-15
飞控算法工程师,珠海紫燕无人飞行器有限公司,异地招聘,1.2-2.5万/月,珠海 2年经验 硕士 招1人 03-15发布,民营公司,50-150人,"航天/航空,仪器仪表/工业自动化",岗位职责： 1.负责飞控相关算法的研发与实现； 2.负责飞控相关数据的处理与分析； 3.负责从飞控的角度，提出、推进并落实技术问题的解决方案。 任职要求 1.全日制本科及以上学历，飞行器设计、自动化、机械设计及自动化、电子信息工程、计算机等专业； 2.对飞行原理、控制原理、导航原理等，有深刻理解和应用，具备理论算法的工程实现能力； 3.3年以上嵌入式开发经验，2年以上运动控制系统项目开发经验，1年以上数据分析经验； 4.熟练掌握C/C++，至少掌握一种数学分析软件，有系统仿真经验； 5.了解常用传感器的工作原理及特性； 6.具备探索精神，工作严谨负责进取，具有工匠精神，动手能力强； 7.有长跑，骑行，游泳等耐力运动习惯者优先。 工作地：珠海,2026-03-15
飞控算法工程师,珠海紫燕无人飞行器有限公司,异地招聘,1.2-2.5万/月,珠海 2年经验 硕士 招1人 03-15发布,民营公司,50-150人,"航天/航空,仪器仪表/工业自动化",岗位职责： 1.负责飞控相关算法的研发与实现； 2.负责飞控相关数据的处理与分析； 3.负责从飞控的角度，提出、推进并落实技术问题的解决方案。 任职要求 1.全日制本科及以上学历，飞行器设计、自动化、机械设计及自动化、电子信息工程、计算机等专业； 2.对飞行原理、控制原理、导航原理等，有深刻理解和应用，具备理论算法的工程实现能力； 3.3年以上嵌入式开发经验，2年以上运动控制系统项目开发经验，1年以上数据分析经验； 4.熟练掌握C/C++，至少掌握一种数学分析软件，有系统仿真经验； 5.了解常用传感器的工作原理及特性； 6.具备探索精神，工作严谨负责进取，具有工匠精神，动手能力强； 7.有长跑，骑行，游泳等耐力运动习惯者优先。 工作地：珠海,2026-03-15
飞控算法工程师,珠海紫燕无人飞行器有限公司,珠海,1.2-2.5万/月,珠海 3-4年经验 本科 招1人 03-15发布 普通话精通 机械设计制造及其自动化,民营公司,50-150人,"航天/航空,仪器仪表/工业自动化",岗位职责： 1.负责飞控相关算法的研发与实现； 2.负责飞控相关数据的处理与分析； 3.负责从飞控的角度，提出、推进并落实技术问题的解决方案。 任职要求 1.全日制本科及以上学历，飞行器设计、自动化、机械设计及自动化、电子信息工程、计算机等专业； 2.对飞行原理、控制原理、导航原理等，有深刻理解和应用，具备理论算法的工程实现能力； 3.3年以上嵌入式开发经验，2年以上运动控制系统项目开发经验，1年以上数据分析经验； 4.熟练掌握C/C++，至少掌握一种数学分析软件，有系统仿真经验； 5.了解常用传感器的工作原理及特性； 6.具备探索精神，工作严谨负责进取，具有工匠精神，动手能力强； 7.有长跑，骑行，游泳等耐力运动习惯者优先。,2026-03-15
算法工程师,广州市汇尚网络科技有限公司,上海,1.5-2.5万/月,上海 3-4年经验 本科 招1人 03-15发布,民营公司,150-500人,互联网/电子商务,1、根据市场环境和业务需求承担复杂分析任务，并将各类业务痛点转化为合适的数学模型； 2、沉淀分析思路与框架，推动业务数据需求的量化； 3、参与和支持数据分析，对接项目、产品和技术，推动数据可视化和业务模型的落地。 能力要求： 1、统招本科及以上学历，数学、统计、计算机类专业； 2、精通SQL、Python、Excel，熟悉统计类语言，R语言、Matlab等； 3、熟练掌握Power BI或Tableau等优先； 4、对数据有较高的敏感度和警觉性，开拓性思维； 5、具备商业分析思维和能力，以及良好的团队合作精神；,2026-03-15
飞控算法工程师,珠海紫燕无人飞行器有限公司,异地招聘,1.2-2.5万/月,珠海 2年经验 硕士 招1人 03-15发布,民营公司,50-150人,"航天/航空,仪器仪表/工业自动化",岗位职责： 1.负责飞控相关算法的研发与实现； 2.负责飞控相关数据的处理与分析； 3.负责从飞控的角度，提出、推进并落实技术问题的解决方案。 任职要求 1.全日制本科及以上学历，飞行器设计、自动化、机械设计及自动化、电子信息工程、计算机等专业； 2.对飞行原理、控制原理、导航原理等，有深刻理解和应用，具备理论算法的工程实现能力； 3.3年以上嵌入式开发经验，2年以上运动控制系统项目开发经验，1年以上数据分析经验； 4.熟练掌握C/C++，至少掌握一种数学分析软件，有系统仿真经验； 5.了解常用传感器的工作原理及特性； 6.具备探索精神，工作严谨负责进取，具有工匠精神，动手能力强； 7.有长跑，骑行，游泳等耐力运动习惯者优先。 工作地：珠海,2026-03-15
飞控算法工程师,珠海紫燕无人飞行器有限公司,异地招聘,1.2-2.5万/月,珠海 2年经验 硕士 招1人 03-15发布,民营公司,50-150人,"航天/航空,仪器仪表/工业自动化",岗位职责： 1.负责飞控相关算法的研发与实现； 2.负责飞控相关数据的处理与分析； 3.负责从飞控的角度，提出、推进并落实技术问题的解决方案。 任职要求 1.全日制本科及以上学历，飞行器设计、自动化、机械设计及自动化、电子信息工程、计算机等专业； 2.对飞行原理、控制原理、导航原理等，有深刻理解和应用，具备理论算法的工程实现能力； 3.3年以上嵌入式开发经验，2年以上运动控制系统项目开发经验，1年以上数据分析经验； 4.熟练掌握C/C++，至少掌握一种数学分析软件，有系统仿真经验； 5.了解常用传感器的工作原理及特性； 6.具备探索精神，工作严谨负责进取，具有工匠精神，动手能力强； 7.有长跑，骑行，游泳等耐力运动习惯者优先。 工作地：珠海,2026-03-15
飞控算法工程师,珠海紫燕无人飞行器有限公司,珠海,1.2-2.5万/月,珠海 3-4年经验 本科 招1人 03-15发布 普通话精通 机械设计制造及其自动化,民营公司,50-150人,"航天/航空,仪器仪表/工业自动化",岗位职责： 1.负责飞控相关算法的研发与实现； 2.负责飞控相关数据的处理与分析； 3.负责从飞控的角度，提出、推进并落实技术问题的解决方案。 任职要求 1.全日制本科及以上学历，飞行器设计、自动化、机械设计及自动化、电子信息工程、计算机等专业； 2.对飞行原理、控制原理、导航原理等，有深刻理解和应用，具备理论算法的工程实现能力； 3.3年以上嵌入式开发经验，2年以上运动控制系统项目开发经验，1年以上数据分析经验； 4.熟练掌握C/C++，至少掌握一种数学分析软件，有系统仿真经验； 5.了解常用传感器的工作原理及特性； 6.具备探索精神，工作严谨负责进取，具有工匠精神，动手能力强； 7.有长跑，骑行，游泳等耐力运动习惯者优先。,2026-03-15
机器学习工程师,上海森亿医疗科技有限公司,上海-浦东新区,2-4万/月,上海-浦东新区 在校生/应届生 本科 招若干人 03-15发布 英语熟练,民营公司,150-500人,"计算机服务(系统、数据服务、维修),计算机软件",基本要求,2026-03-15
高级ETL工程师,上海森亿医疗科技有限公司,上海-浦东新区,1.5-2.5万/月,上海-浦东新区 3-4年经验 本科 招1人 03-15发布,民营公司,150-500人,"计算机服务(系统、数据服务、维修),计算机软件",1、负责公司数据平台项目的ETL设计、实现以及优化。 2、负责ETL流程优化，关键问题解决、团队技术分享与引导和前瞻性技术研究； 3、参与数据仓库数据模型设计，进行数据质量监测、校验和提升； 4、使用ETL技术对医院信息系统数据进行提取、清洗、转换和整合； 岗位要求： 1、至少三年以上ETL数据开发经验；计算机相关专业本科以上学历，熟悉数据分析与数据挖掘理论； 2、熟悉dw实施方法论和常规etl构架，有整体etl开发经验，深刻理解元数据管理； 3、熟练掌握Oracle、SQL Server、MySQL、PostgreSQL等至少两种主流数据库的使用； 4、熟练掌握SSIS、Kettle、Informatica等至少一种ETL工具的使用； 5、精通SQL、存储过程、函数的使用，具备编写、优化复杂SQL的能力； 6、对数字，数据敏感，具备良好的逻辑思维能力； 7、具备专业的业务研究、分析能力，能够独立开展业务调研、数据分析、数据建模、报告编写工作； 8、有医疗卫生数据平台开发、实施经验优先； 9、能适应长期出差。,2026-03-15
ETL工程师,上海森亿医疗科技有限公司,上海-浦东新区,0.7-1.6万/月,上海-浦东新区 在校生/应届生 本科 招若干人 03-15发布 英语熟练 英语熟练,民营公司,150-500人,"计算机服务(系统、数据服务、维修),计算机软件",1、负责医院信息系统源数据分析工作。 2、使用ETL工具对医院信息系统数据进行提取、清洗、转换和整合。 3、进行数据任务流程调优及准确性改进，进行数据质量监测、校验和提升。 4、完成技术经理安排的其他工作。 岗位要求 1、熟练掌握Oracle、SQL Server、MySQL、PostgreSQL等至少一种主流数据库的使用。 2、熟练掌握SSIS、Kettle、Informatica等至少一种ETL工具的使用。 3、熟练掌握T-SQL，PL/SQL，具备编写、优化复杂SQL的能力。 4、良好的沟通能力、学习思考、解决问题能力，良好的抗压和适应能力。 5、能适应长期出差。 6、有医疗信息系统（HIS、EMR、集成平台等）开发及实施经验优先。 7、有ETL开发或数据集成经验者优先，同时接受优秀的应届生投递。,2026-03-15
算法工程师,长沙小钴科技有限公司,长沙-开福区,1-1.5万/月,长沙-开福区 招2人 03-15发布,民营公司,少于50人,电子技术/半导体/集成电路,岗位职责： 1. 负责模型训练； 2. 负责数据采集、清洗和其他数据预处理； 3. 负责模型量化、压缩、蒸馏技术； 4. 负责模型各方面性能测试； 5. 负责模型向端设备平台的迁移和测试。 任职要求： 1、本科及以上学历，2年机器学习或深度学习开发经验以上，掌握人工智能、计算机视觉、机器学习相关原理； 2、熟悉人脸识别、人脸检测、人脸属性分析、人脸质量检测、活体检测等应用开发； 3、熟练使用tensorflow/caffe之一者，有跨框架转换模型、调优训练经验者优先； 4、熟练掌握Python语言开发（熟练掌握C/C++语言开发、有高性能算法优化经验者优先）； 5、良好的英文阅读能力，能看懂最新论文、外文资料； 6、良好的沟通能力。,2026-03-15
AI算法工程师,深圳国技仪器有限公司,深圳-宝安区,1-2万/月,深圳-宝安区 2年经验 本科 招1人 03-15发布 英语良好,民营公司,50-150人,"仪器仪表/工业自动化,环保",岗位职责： 1、负责算法方案编制、算法详细设计； 2、协助MCU嵌入式软件或PC软件实现算法； 3、负责分析仪器算法测试； 4、解决分析仪器量产后算法新的需求和算法优化设计。 任职条件： 1、数学、信号处理、计算机、控制、光学等相关专业，本科或硕士学历； 2、熟悉数据建模定量分析，熟悉最小二乘法、多元线性回归、离散傅里叶编换（FFT）等数据分析方法； 3、熟练使用matlab处理数据，掌握C编程语言； 4、了解光谱、光谱仪等基本理论及原理，有光谱分析算法开发经验者优先； 5、熟练阅读英文文献； 6、动手能力强，具有强烈的责任心和团队合作精神，良好的沟通和较强的学习能力。,2026-03-15
算法工程师,深圳国技仪器有限公司,深圳-宝安区,1-1.5万/月,深圳-宝安区 2年经验 本科 招1人 03-15发布 英语良好,民营公司,50-150人,"仪器仪表/工业自动化,环保",岗位职责： 1、负责算法方案编制、算法详细设计； 2、协助MCU嵌入式软件或PC软件实现算法； 3、负责分析仪器算法测试； 4、解决分析仪器量产后算法新的需求和算法优化设计。 任职条件： 1、数学、信号处理、计算机、控制、光学等相关专业，本科或硕士学历； 2、熟悉数据建模定量分析，熟悉最小二乘法、多元线性回归、离散傅里叶编换（FFT）等数据分析方法； 3、熟练使用matlab处理数据，掌握C编程语言； 4、了解光谱、光谱仪等基本理论及原理，有光谱分析算法开发经验者优先； 5、熟练阅读英文文献； 6、动手能力强，具有强烈的责任心和团队合作精神，良好的沟通和较强的学习能力。,2026-03-15
AI算法工程师,深圳国技仪器有限公司,深圳-宝安区,1-2万/月,深圳-宝安区 2年经验 本科 招1人 03-15发布 英语良好,民营公司,50-150人,"仪器仪表/工业自动化,环保",岗位职责： 1、负责算法方案编制、算法详细设计； 2、协助MCU嵌入式软件或PC软件实现算法； 3、负责分析仪器算法测试； 4、解决分析仪器量产后算法新的需求和算法优化设计。 任职条件： 1、数学、信号处理、计算机、控制、光学等相关专业，本科或硕士学历； 2、熟悉数据建模定量分析，熟悉最小二乘法、多元线性回归、离散傅里叶编换（FFT）等数据分析方法； 3、熟练使用matlab处理数据，掌握C编程语言； 4、了解光谱、光谱仪等基本理论及原理，有光谱分析算法开发经验者优先； 5、熟练阅读英文文献； 6、动手能力强，具有强烈的责任心和团队合作精神，良好的沟通和较强的学习能力。,2026-03-15
算法工程师,深圳国技仪器有限公司,深圳-宝安区,1-1.5万/月,深圳-宝安区 2年经验 本科 招1人 03-15发布 英语良好,民营公司,50-150人,"仪器仪表/工业自动化,环保",岗位职责： 1、负责算法方案编制、算法详细设计； 2、协助MCU嵌入式软件或PC软件实现算法； 3、负责分析仪器算法测试； 4、解决分析仪器量产后算法新的需求和算法优化设计。 任职条件： 1、数学、信号处理、计算机、控制、光学等相关专业，本科或硕士学历； 2、熟悉数据建模定量分析，熟悉最小二乘法、多元线性回归、离散傅里叶编换（FFT）等数据分析方法； 3、熟练使用matlab处理数据，掌握C编程语言； 4、了解光谱、光谱仪等基本理论及原理，有光谱分析算法开发经验者优先； 5、熟练阅读英文文献； 6、动手能力强，具有强烈的责任心和团队合作精神，良好的沟通和较强的学习能力。,2026-03-15
AI算法工程师,深圳国技仪器有限公司,深圳-宝安区,1-2万/月,深圳-宝安区 2年经验 本科 招1人 03-15发布 英语良好,民营公司,50-150人,"仪器仪表/工业自动化,环保",岗位职责： 1、负责算法方案编制、算法详细设计； 2、协助MCU嵌入式软件或PC软件实现算法； 3、负责分析仪器算法测试； 4、解决分析仪器量产后算法新的需求和算法优化设计。 任职条件： 1、数学、信号处理、计算机、控制、光学等相关专业，本科或硕士学历； 2、熟悉数据建模定量分析，熟悉最小二乘法、多元线性回归、离散傅里叶编换（FFT）等数据分析方法； 3、熟练使用matlab处理数据，掌握C编程语言； 4、了解光谱、光谱仪等基本理论及原理，有光谱分析算法开发经验者优先； 5、熟练阅读英文文献； 6、动手能力强，具有强烈的责任心和团队合作精神，良好的沟通和较强的学习能力。,2026-03-15
算法工程师,深圳国技仪器有限公司,深圳-宝安区,1-1.5万/月,深圳-宝安区 2年经验 本科 招1人 03-15发布 英语良好,民营公司,50-150人,"仪器仪表/工业自动化,环保",岗位职责： 1、负责算法方案编制、算法详细设计； 2、协助MCU嵌入式软件或PC软件实现算法； 3、负责分析仪器算法测试； 4、解决分析仪器量产后算法新的需求和算法优化设计。 任职条件： 1、数学、信号处理、计算机、控制、光学等相关专业，本科或硕士学历； 2、熟悉数据建模定量分析，熟悉最小二乘法、多元线性回归、离散傅里叶编换（FFT）等数据分析方法； 3、熟练使用matlab处理数据，掌握C编程语言； 4、了解光谱、光谱仪等基本理论及原理，有光谱分析算法开发经验者优先； 5、熟练阅读英文文献； 6、动手能力强，具有强烈的责任心和团队合作精神，良好的沟通和较强的学习能力。,2026-03-15
数仓模型专家,上海华腾软件系统有限公司,深圳-福田区,4-5万/月,深圳-福田区 10年以上经验 本科 招1人 03-15发布,上市公司,500-1000人,计算机软件,1、熟悉大数据仓库建模、ETL开发，深入理解数据仓库理论，STAGE、ODS、EDS、DM、DIM等。 2、 全日制大学本科及以上计算机或相关专业毕业或同等学力， 3、至少10年以上工作经验，7年以上金融行业相关经验，需至少有4年的架构/需求/系统分析师经验； 至少参加5个以上银行项目的实施，并至少在2个项目中担任架构/需求/系统分析的角色。,2026-03-15
软件算法工程师,中国电子科技集团公司第十研究所,成都,,成都 硕士 招若干人 03-15发布,国企,,电子技术/半导体/集成电路,岗位职责： 1、针对不同的应用场景，构建分析模型，进行编码和调试，参与大数据产品的算法研究与实现； 2、根据产品定义，设计数据挖掘分析方案，指导团队开展数据挖掘分析工作 3、及时响应临时性、个性化的数据分析需求 4、参与系统联试、售后保障 任职要求： 1、计算机/信号/电子信息工程/应用数学/系统工程/自动控制等相关专业，硕士及以上学历； 2、具备算法开发和实现能力,2026-03-15
视觉算法工程师,深圳市中钞信达金融科技有限公司,成都-高新区,0.8-1.5万/月,成都-高新区 1年经验 本科 招若干人 03-15发布,国企,150-500人,"计算机软件,计算机服务(系统、数据服务、维修)",1、 参与公司关于计算机视觉方面的项目； 2、 通过研读相关领域文献寻找解决项目所需要的问题的最优算法； 3、 通过Matlab/OpenCV等对算法进行功能、性能仿真和验证； 4、 利用C/C++在目标平台上实现算法。 任职要求 1、 在机器视觉领域有过实际算法开发经验； 2、 扎实的计算机视觉、图像处理相关的数学基础及在视觉领域中的应用； 3、 具备良好的编程基础，熟悉一种常用编程语言； 4、 具备创新精神，致力于创造解决实际问题的视觉感知技术领域； 5、 了解深度学习，有一定项目实践者优先； 6、 具备视觉算法高性能优化及移动平台（嵌入式视觉系统、智能手机）视觉系统开发经验者优先。,2026-03-15
算法专家,浙江大学信息技术中心,杭州-西湖区,20-30万/年,杭州-西湖区 2年经验 本科 招2人 03-15发布,事业单位,50-150人,"教育/培训/院校,计算机服务(系统、数据服务、维修)","1、从教授、校友视角，为科研云、校友经济带等平台设计推荐引擎； 2、基于平台全域数据，立足不同学科特色，通过数据分析、数据建模等方法，产出特定学科的学科交叉过程优化方案； 3、针对科研云、校友经济带等平台上数据业务相关问题给出专项分析报告，为业务提供决策支持； 4、持续改进学校管理、教学等相关评估和分析体系，推动相关体系的智能化转型及升级完善； 5、与其他团队进行协作，结合学校需求，共同推动智能推荐、智能决策等方案落地，应用于实际业务； 6、能带领外包和实习生工作，包括人员培训、保障产出等； 条件及要求： 1、具备自然语言处理(如: 信息过滤、主题提取、分类聚类、文本挖掘等)相关领域知识，具有丰富的数据建模实践经验; 30周岁以下，统计学、计算机科学、数学等相关专业本科及以上学历； 2、对经典的深度学习模型(如CNN,LSTM)有深入理解，使用深度学习模型完成过高质量的算法项目； 3、熟悉c++, java或 python, sql, 有一定工程开发实践经验，对数据结构和算法设计有较为深刻的理解； 4、具备一定的大数据处理和分析能力，至少熟悉一种大数据处理和分析工具，例如Spark，Hadoop等； 5、有良好的沟通表达能力和团队合作精神，乐观向上，自我驱动力强，优秀的分析和解决问题能力； 6、基于深刻业务理解的创新性尝试，包括但不限于产品形态、策略和技术升级； 7、责任心强, 能承受一定工作压力, 有较强的学习能力。",2026-03-15
视觉算法工程师,深圳市中钞信达金融科技有限公司,成都-高新区,0.8-1.5万/月,成都-高新区 1年经验 本科 招若干人 03-15发布,国企,150-500人,"计算机软件,计算机服务(系统、数据服务、维修)",1、 参与公司关于计算机视觉方面的项目； 2、 通过研读相关领域文献寻找解决项目所需要的问题的最优算法； 3、 通过Matlab/OpenCV等对算法进行功能、性能仿真和验证； 4、 利用C/C++在目标平台上实现算法。 任职要求 1、 在机器视觉领域有过实际算法开发经验； 2、 扎实的计算机视觉、图像处理相关的数学基础及在视觉领域中的应用； 3、 具备良好的编程基础，熟悉一种常用编程语言； 4、 具备创新精神，致力于创造解决实际问题的视觉感知技术领域； 5、 了解深度学习，有一定项目实践者优先； 6、 具备视觉算法高性能优化及移动平台（嵌入式视觉系统、智能手机）视觉系统开发经验者优先。,2026-03-15
视觉算法工程师,深圳市中钞信达金融科技有限公司,成都-高新区,0.8-1.5万/月,成都-高新区 1年经验 本科 招若干人 03-15发布,国企,150-500人,"计算机软件,计算机服务(系统、数据服务、维修)",1、 参与公司关于计算机视觉方面的项目； 2、 通过研读相关领域文献寻找解决项目所需要的问题的最优算法； 3、 通过Matlab/OpenCV等对算法进行功能、性能仿真和验证； 4、 利用C/C++在目标平台上实现算法。 任职要求 1、 在机器视觉领域有过实际算法开发经验； 2、 扎实的计算机视觉、图像处理相关的数学基础及在视觉领域中的应用； 3、 具备良好的编程基础，熟悉一种常用编程语言； 4、 具备创新精神，致力于创造解决实际问题的视觉感知技术领域； 5、 了解深度学习，有一定项目实践者优先； 6、 具备视觉算法高性能优化及移动平台（嵌入式视觉系统、智能手机）视觉系统开发经验者优先。,2026-03-15
算法工程师（电力系统）,北京智中能源互联网研究院有限公司,北京-大兴区,1-2.5万/月,北京-大兴区 招1人 03-15发布,民营公司,50-150人,"电气/电力/水利,新能源",1、 负责电力系统负荷建模算法仿真和应用分析； 2、 负责基于电网动态和暂态数据的高级应用算法开发； 3、 负责算法计算性能优化，以及系统应用集成； 4、 协助研究团队开展算法应用软件的移植开发； 5、 协助项目团队进行预研和算法应用方案设计。 1、 具备3年以上相关行业及岗位工作经验； 2、 计算机、应用数学、电力系统自动化相关专业，本科及以上学历； 3、 熟悉电网运行特征，掌握电力系统潮流计算、状态估计和暂态、稳态分析方法； 4、 熟悉电力系统常用算法（傅里叶变换、卡尔曼滤波、小波变换等），了解机器学习、深度学习的数据挖掘方法； 5、 熟练掌握MATLAB软件使用，并具备C++算法移植开发能力； 6、 具备良好英文阅读能力、逻辑推理能力、沟通协调能力、学习能力及团队协作能力。,2026-03-15
算法工程师（电力系统）,北京智中能源互联网研究院有限公司,北京-大兴区,1-2.5万/月,北京-大兴区 招1人 03-15发布,民营公司,50-150人,"电气/电力/水利,新能源",1、 负责电力系统负荷建模算法仿真和应用分析； 2、 负责基于电网动态和暂态数据的高级应用算法开发； 3、 负责算法计算性能优化，以及系统应用集成； 4、 协助研究团队开展算法应用软件的移植开发； 5、 协助项目团队进行预研和算法应用方案设计。 1、 具备3年以上相关行业及岗位工作经验； 2、 计算机、应用数学、电力系统自动化相关专业，本科及以上学历； 3、 熟悉电网运行特征，掌握电力系统潮流计算、状态估计和暂态、稳态分析方法； 4、 熟悉电力系统常用算法（傅里叶变换、卡尔曼滤波、小波变换等），了解机器学习、深度学习的数据挖掘方法； 5、 熟练掌握MATLAB软件使用，并具备C++算法移植开发能力； 6、 具备良好英文阅读能力、逻辑推理能力、沟通协调能力、学习能力及团队协作能力。,2026-03-15
自动驾驶决策规划算法工程师,天津天瞳威势电子科技有限公司,天津-南开区,1-3万/月,天津-南开区 硕士 招2人 03-15发布 英语精通,民营公司,50-150人,电子技术/半导体/集成电路,岗位职责： 负责自动驾驶车辆在停车场以及复杂道路等环境中的决策和轨迹规划算法的设计、仿真与调试 任职要求： 1、有自动驾驶车辆轨迹规划算法相关的项目经验 2、硕士及硕士以上，车辆工程、控制工程、计算机等相关专业优先 3、熟悉车辆运动学与车身动力学，熟悉环境感知、决策控制及车辆执行机构等技术和系统原理 4、熟练使用Matlab、C、C++ 等语言进行编程，扎实的算法和数据结构知识，熟悉Ubuntu系统的编程环境 5、良好的英文文献阅读与理解能力与学习能力，有强烈的的求知欲 6、具有良好的团队合作意识、沟通能力、协调能力与总结能力，能够承担工作压力 7、有自动驾驶系统实车开发经验者优先,2026-03-15
自动驾驶决策规划算法工程师,天津天瞳威势电子科技有限公司,天津-南开区,1-3万/月,天津-南开区 硕士 招2人 03-15发布 英语精通,民营公司,50-150人,电子技术/半导体/集成电路,岗位职责： 负责自动驾驶车辆在停车场以及复杂道路等环境中的决策和轨迹规划算法的设计、仿真与调试 任职要求： 1、有自动驾驶车辆轨迹规划算法相关的项目经验 2、硕士及硕士以上，车辆工程、控制工程、计算机等相关专业优先 3、熟悉车辆运动学与车身动力学，熟悉环境感知、决策控制及车辆执行机构等技术和系统原理 4、熟练使用Matlab、C、C++ 等语言进行编程，扎实的算法和数据结构知识，熟悉Ubuntu系统的编程环境 5、良好的英文文献阅读与理解能力与学习能力，有强烈的的求知欲 6、具有良好的团队合作意识、沟通能力、协调能力与总结能力，能够承担工作压力 7、有自动驾驶系统实车开发经验者优先,2026-03-15
助理工程师（算法工程师）- 机器人与智能设施实验室,上海智勇教育培训有限公司,上海-杨浦区,0.5-1万/月,上海-杨浦区 在校生/应届生 大专 招5人 03-15发布 软件工程,民营公司,50-150人,教育/培训/院校,- 基于Matlab/Python的数学或物理建模 - 基于Matlab/Python的数据处理 - 基于Matlab/Python的简单算法实现 - 基于Matlab/Python的功能软件原型设计，代码开发，调试封装全流程 - 辅助自动化项目中部分模块功能开发 - 提出与打磨项目创意，从可行性与创新性上优化原型项目创意 - 撰写项目说明与原理文档 - 技术查新与文档化 - 电子信息工程、计算机与信息技术、机械电子工程、及其他类似相关专业本科及以上毕业生 - 熟练编写Matlab/Python其中一种，两种都会者优先 - 能进行简单数学或物理建模，及简单算法实现 - 熟悉计算机数据分析与处理逻辑，能自主学习使用拓展库，按照需求分析数据判断结果。有图像识别、音频分析、数据分析、机器学习等经验者优先 - 能使用Matlab/Python制作简单界面，封装程序 - 有串口调试、无线连接或物联网调试经验者优先 - 有将创新想法实例化的原型程序设计与开发能力 - 有对创新性与技术可行性的基本判断和查新能力，能自主提出针对特定场景的创意功能想法 - 自学拓展能力，能适应、主动探索和尝试新技术和新应用 - 想尝试用信息化改变世界的你 - 各领域的极客大牛同事 - 扁平化组织结构与轻松且相互信任的团队氛围 - 以目标结果为导向的开明自主的开发环境 - 拥有强大设备与工具支持的实验场 - 分享教育行业领跑独角兽企业的无限未来 - 发挥创想的自由与将梦想中的东西变成现实的机会,2026-03-15
激光雷达感知算法工程师（正式/实习）,天津天瞳威势电子科技有限公司,天津-南开区,1-3万/月,天津-南开区 本科 招2人 03-15发布 英语熟练,民营公司,50-150人,电子技术/半导体/集成电路,"职位描述: 1. 负责三维点云中车辆\行人等目标的检测\跟踪 2. 激光雷达数据预处理，包括激光雷达标定、激光雷达与其他传感器联合标定 3. 参与激光雷达的调试\工程化工作 岗位要求: 1. 熟悉点云滤波\特征提取\平面检测\分割\聚类算法 2. 熟悉C/C++,熟悉PCL点云库 3. 有激光雷达使用经验者优先,熟悉ROS系统者优先 4. 实习生可放宽条件",2026-03-15
自动驾驶决策规划算法工程师,天津天瞳威势电子科技有限公司,天津-南开区,1-3万/月,天津-南开区 硕士 招2人 03-15发布 英语精通,民营公司,50-150人,电子技术/半导体/集成电路,岗位职责： 负责自动驾驶车辆在停车场以及复杂道路等环境中的决策和轨迹规划算法的设计、仿真与调试 任职要求： 1、有自动驾驶车辆轨迹规划算法相关的项目经验 2、硕士及硕士以上，车辆工程、控制工程、计算机等相关专业优先 3、熟悉车辆运动学与车身动力学，熟悉环境感知、决策控制及车辆执行机构等技术和系统原理 4、熟练使用Matlab、C、C++ 等语言进行编程，扎实的算法和数据结构知识，熟悉Ubuntu系统的编程环境 5、良好的英文文献阅读与理解能力与学习能力，有强烈的的求知欲 6、具有良好的团队合作意识、沟通能力、协调能力与总结能力，能够承担工作压力 7、有自动驾驶系统实车开发经验者优先,2026-03-15
激光雷达感知算法工程师（正式/实习）,天津天瞳威势电子科技有限公司,天津-南开区,1-3万/月,天津-南开区 本科 招2人 03-15发布 英语熟练,民营公司,50-150人,电子技术/半导体/集成电路,"职位描述: 1. 负责三维点云中车辆\行人等目标的检测\跟踪 2. 激光雷达数据预处理，包括激光雷达标定、激光雷达与其他传感器联合标定 3. 参与激光雷达的调试\工程化工作 岗位要求: 1. 熟悉点云滤波\特征提取\平面检测\分割\聚类算法 2. 熟悉C/C++,熟悉PCL点云库 3. 有激光雷达使用经验者优先,熟悉ROS系统者优先 4. 实习生可放宽条件",2026-03-15
高级算法工程师,普华永道信息技术（上海）有限公司,异地招聘,1.5-3万/月,上海-浦东新区 本科 招若干人 03-15发布 英语,外资（欧美）,500-1000人,"计算机软件,计算机服务(系统、数据服务、维修)",1、客户沟通需求，设计方案，实现，优化并检测解决方案、最终实施到客户环境中； 2、帮助解决方案的问题，实现价值的提升； 任职要求： 1、统招本科以上学历，学习计算机科学，计算机工程，电子工程，应用数学等相关专业 2、3年以上软件开发经验 3、2年左右机器学习或者数据分析的实践经验（数据挖掘、异常检测、知识图谱、NLP等） 4、熟悉Python 5、良好的沟通和团队合作技能 6、良好的英语沟通能力和文档阅读能力 7、需要的时候可接受在国内外出差工作 8、熟悉金融行业、供应链管理或有相关工作经验者优先。,2026-03-15
高级算法工程师,普华永道信息技术（上海）有限公司,上海-浦东新区,1.5-3万/月,上海-浦东新区 本科 招若干人 03-15发布 英语,外资（欧美）,500-1000人,"计算机软件,计算机服务(系统、数据服务、维修)",1、客户沟通需求，设计方案，实现，优化并检测解决方案、最终实施到客户环境中； 2、帮助解决方案的问题，实现价值的提升； 任职要求： 1、统招本科以上学历，学习计算机科学，计算机工程，电子工程，应用数学等相关专业 2、3年以上软件开发经验 3、2年左右机器学习或者数据分析的实践经验（数据挖掘、异常检测、知识图谱、NLP等） 4、熟悉Python 5、良好的沟通和团队合作技能 6、良好的英语沟通能力和文档阅读能力 7、需要的时候可接受在国内外出差工作 8、熟悉金融行业、供应链管理或有相关工作经验者优先。,2026-03-15
算法工程师,海尔智家股份有限公司,西安-高新技术...,1.5-3.5万/月,西安-高新技术产业开发区 5-7年经验 本科 招1人 03-15发布,国企,10000人以上,家具/家电/玩具/礼品,"工作职责： 1) 主要负责数据建模,基于业务规律和数据探索构建数据模型,提升数据利用效率和价值； 2) 通过机器学习模型、复杂网络或深度学习等技术，针对业务进行模型框架设计及搭建； 3) 对上线模型、策略进行持续监控，输出评估报告并进行周期性迭代； 4) 深入理解客户业务场景，将数据模型应用于实际业务并支持未来业务发展； 5) 客户数据资产、全域用户画像的梳理、分析、应用的策划者； 6) 具备商业意识，通过数据分析手段，描述业务特征，结合市场行业状况，发现业务瓶颈并给出行动建议，以推动业务发展。 能力要求： 1) 数学、计算机相关专业，统招本科及以上学历，3年及以上相关工作经验； 2) 有成功数据分析或AI项目经历的优先，熟练掌握机器学习、数据分析相关算法。 3) 精通Python、Java、Matlab、R、C/C++之一。 4) 精通多系统数据处理，掌握主流ETL工具，比如Kettle、SQL Server SSIS、Informatica等，熟悉数据的完整处理流程，包括数据的采集、清洗、预处理、存储、分析挖掘和数据可视化； 5) 熟练掌握Tensorflow, Caffe, MXNet, Sklearn任一主流框架； 6) 熟悉Tensorflow/Caffe/Caffe2/Pytorch等至少一种深度学习框架； 7) 具备较好的数学和理科基础、学习能力强，对技术有追求，具备良好的沟通和协作能力。",2026-03-15
算法工程师,海尔智家股份有限公司,西安-高新技术...,1.5-3.5万/月,西安-高新技术产业开发区 5-7年经验 本科 招1人 03-15发布,国企,10000人以上,家具/家电/玩具/礼品,"工作职责： 1) 主要负责数据建模,基于业务规律和数据探索构建数据模型,提升数据利用效率和价值； 2) 通过机器学习模型、复杂网络或深度学习等技术，针对业务进行模型框架设计及搭建； 3) 对上线模型、策略进行持续监控，输出评估报告并进行周期性迭代； 4) 深入理解客户业务场景，将数据模型应用于实际业务并支持未来业务发展； 5) 客户数据资产、全域用户画像的梳理、分析、应用的策划者； 6) 具备商业意识，通过数据分析手段，描述业务特征，结合市场行业状况，发现业务瓶颈并给出行动建议，以推动业务发展。 能力要求： 1) 数学、计算机相关专业，统招本科及以上学历，3年及以上相关工作经验； 2) 有成功数据分析或AI项目经历的优先，熟练掌握机器学习、数据分析相关算法。 3) 精通Python、Java、Matlab、R、C/C++之一。 4) 精通多系统数据处理，掌握主流ETL工具，比如Kettle、SQL Server SSIS、Informatica等，熟悉数据的完整处理流程，包括数据的采集、清洗、预处理、存储、分析挖掘和数据可视化； 5) 熟练掌握Tensorflow, Caffe, MXNet, Sklearn任一主流框架； 6) 熟悉Tensorflow/Caffe/Caffe2/Pytorch等至少一种深度学习框架； 7) 具备较好的数学和理科基础、学习能力强，对技术有追求，具备良好的沟通和协作能力。",2026-03-15
算法工程师,芯和半导体科技（上海）有限公司,上海-浦东新区,0.8-2万/月,上海-浦东新区 在校生/应届生 硕士 招若干人 03-15发布,民营公司,50-150人,"计算机软件,电子技术/半导体/集成电路",岗位描述 任职要求,2026-03-15
自动驾驶测试工程师,昆山星际舟智能科技有限公司,昆山,1-2.2万/月,昆山 1年经验 本科 招若干人 03-15发布 英语熟练 计算机科学与技术 通信工程,合资,少于50人,汽车,岗位职责： 1、配合建立无人车道路测试方案设计和整体推动工作； 2、 负责根据实际道路测试数据分析和测试问题； 3、负责模块与整车集成测试； 4、 能够完成开发相关测试工具； 5、针对不同测试场景，进行测试验证，并撰写报告，分析系统问题。 任职要求： 1、 电子、自动化、通信、计算机等相关专业本科毕业 2、熟悉单元测试、模块测试、系统测试等各种类型测试； 3、 有一定的Python或C++编程基础； 4、 工作认真负责，有良好敬业精神，能够承受一定程度的出差； 5、有很好的团队合作精神，具亲和力以及良好的人际交流沟通力； 6、 具有ADAS（高级驾驶辅助系统）、自动驾驶开发及测试经验优先。,2026-03-15
自动驾驶测试工程师,昆山星际舟智能科技有限公司,昆山,1-2.2万/月,昆山 1年经验 本科 招若干人 03-15发布 英语熟练 计算机科学与技术 通信工程,合资,少于50人,汽车,岗位职责： 1、配合建立无人车道路测试方案设计和整体推动工作； 2、 负责根据实际道路测试数据分析和测试问题； 3、负责模块与整车集成测试； 4、 能够完成开发相关测试工具； 5、针对不同测试场景，进行测试验证，并撰写报告，分析系统问题。 任职要求： 1、 电子、自动化、通信、计算机等相关专业本科毕业 2、熟悉单元测试、模块测试、系统测试等各种类型测试； 3、 有一定的Python或C++编程基础； 4、 工作认真负责，有良好敬业精神，能够承受一定程度的出差； 5、有很好的团队合作精神，具亲和力以及良好的人际交流沟通力； 6、 具有ADAS（高级驾驶辅助系统）、自动驾驶开发及测试经验优先。,2026-03-15
环境感知算法高级工程师（激光雷达）(J12798),奇瑞汽车股份有限公司,南京,20-30万/年,南京 3-4年经验 硕士 招1人 03-15发布,国企,10000人以上,汽车,工作职责: 1. 激光雷达数据预处理，包括激光雷达标定、激光雷达与其他传感器联合标定、点云数据分割、点云数据过滤、激光雷达数据解析等； 2. 激光雷达目标检测与识别，熟练使用pcl库函数和深度学习算法，对障碍物目标和路面标识进行检测与识别； 3.负责自动驾驶车辆环境感知算法应用和测试。 任职资格: 1) 硕士及以上学历，计算机科学、机器学习、模式识别、人工智能等专业，3年以上相关工作经验； 2) 有检测跟踪/图像分割/识别相关经验； 3) 熟练掌握 C/C++、Matlab、Python、Java，OpenGL等编程开发，具有良好的编程能力； 4) 熟练掌握激光点云预处理算法，目标识别/跟踪/分类等算法，可行驶区域分割算法，在自动驾驶领域有激光雷达应用和相关算法开发工作经验； 5) 具有无人驾驶相关开发经验，熟悉ROS的工作原理、无人驾驶领域算法工作经验者优先。,2026-03-15
环境感知算法高级工程师（视觉）(J12797),奇瑞汽车股份有限公司,南京,20-30万/年,南京 3-4年经验 硕士 招1人 03-15发布,国企,10000人以上,汽车,工作职责: 1. 负责自动驾驶的视觉感知功能模块的开发，包括但不局限于车位线检测、障碍物检测、立体视觉、三维重建、目标检测跟踪、图像分割、图像识别等算法； 2. 支持多传感器融合感知、规划控制、地图构建等相关模块研发工作； 3. 跟踪国内外最新的研究成果，并能实现应用于实际项目中。 任职资格: 1.硕士及硕士以上学历，模式识别，计算机视觉，三维视觉，深度学习等相关专业； 2.熟悉目标检测跟踪、图像分割、图像识别等算法，有自动驾驶开发经验者优先； 3.熟练掌握环境感知数据处理的原理和方法，能独立进行环境感知系统相机、雷达等传感器的的选型、标定和调试； 4.熟练掌握OPEN CV等开源算法； 5.熟悉掌握C/C++、Python中至少一种高级编程语言，具有良好的编程能力； 6.熟悉Linux系统，有Linux系统开发经验者优先。,2026-03-15
机器学习工程师,深圳市网联安瑞网络科技有限公司,深圳-福田区,2-4万/月,深圳-福田区 2年经验 硕士 招5人 03-15发布,国企,,"计算机软件,互联网/电子商务",1、使用数学统计与机器学习算法，利用海量数据进行数据挖掘与模型开发； 2、参与数据模型的优化监控、部署实施及测试验证。 任职要求： 1、具有计算机科学、图像处理、模式识别、机器学习、人工智能、数学等相关专相关专业本科以上学历。 2、熟悉常见的机器学习算法，熟悉sk-learnxgboost等库，能够深入算法细节。对某一领域有深入的经验尤佳。 3、熟悉分布式机器学习框架比如Spark MLLib SparkSQLGraphX 4、扎实的工程实现能力，熟练使用Python，PySpark等大数据分析工具，熟悉HiveSQLLinux等 5、热爱AI，能自我驱动持续学习，对新技术有强烈求知欲和探索能力，对业界新成果有高敏感度。,2026-03-15
环境感知融合算法专家(J12819),奇瑞汽车股份有限公司,南京,30-40万/年,南京 5-7年经验 本科 招1人 03-15发布,国企,10000人以上,汽车,"工作职责: ""1、 负责自动驾驶系统环境感知传感器（摄像头、毫米波雷达、激光雷达等）方案设计、资源调研等同步开发工作； 2、 负责环境感知传感器预处理算法，软硬件设计、目标识别算法开发； 3、 负责自动驾驶系统基于多传感器环境感知数据的信息融合算法开发与测试； 4、 完成环境建模，障碍物识别与跟踪、相对定位等核心算法开发与验证； 5、 负责环境感知融合开发能力建设。"" 任职资格: ""1、 掌握计算机视觉或定位导航的基础理论与算法，熟悉毫米波雷达、激光雷达、GPS、惯性导航等相关数据解析融合算法； 2、 具备C/C++编程能力； 3、 熟悉感知融合算法发展趋势，有神经网络等人工智能开发背景者优先； 4、 有Linux、ROS应用等开发经验者优先。 5、具备团队协作精神，有较好的表达和沟通能力""",2026-03-15
算法工程师,深圳市网联安瑞网络科技有限公司,深圳-福田区,2.5-3万/月,深圳-福田区 2年经验 硕士 招6人 03-15发布,国企,,"计算机软件,互联网/电子商务",任职要求： 1、负责大规模分布式系统、海量数据处理、实时分析等方面的算法设计、开发和优化； 2、主要负责大数据平台机器学习方面相关算法的研究与设计； 3、应用分析建模、机器学习、文本挖掘等技术，对大量数据进行挖掘，发现其潜在关系； 岗位职责： 1、硕士及以上学历，具备基本数据编程能力熟练使用 Python、Scala、Java 中的一种语言(JVM语言系优先)具有SQL、spark等相关实践经验 2、具备数据挖掘、机器学习的理论基础和相关项目经验，熟悉分类、聚类、回归、关联规则、神经网络等算法 3、 可独立完成算法的选择和相关验证，有一定的算法调优能力，有较强的学习研究能力 4、有大数据使用经验者优先考虑（包括 Hadoop，Flink，ELK 等） 5、有较好的英文阅读能力；,2026-03-15
自然语言处理工程师,深圳市网联安瑞网络科技有限公司,深圳-福田区,20-30万/月,深圳-福田区 3-4年经验 硕士 招5人 03-15发布,国企,,"计算机软件,互联网/电子商务",任职要求： 1、负责对文本内容进行语法、句法、语义分析并总结规则，包括对中文的分词、词性、分类、句法结构等工作； 2、负责对语料库知识库等进行采集、整理、加工、维护和数据分析; 3、负责机器翻译（MT）的算法研究和工程实现； 4、根据实际产品、算法研究，撰写专利文档； 5、负责与项目业务相关的新技术和发展方向的跟踪调研； 岗位要求： 1、硕士以上学历，计算机、中文信息处理、信息资源管理或情报科学专业优先； 2、具有良好的语义处理背景。熟悉中文分词、词性标注、实体识别、句法分析、文本相似度、文本分类等自然语言处理技术，熟悉语义分析方法和技术； 3、精通c、c++语言，并有良好的代码风格；掌握matlab或者python等其他实验分析语言； 4、熟悉深度学习的基础理论，有使用过pytorch或tf优先考虑；,2026-03-15
机器学习算法工程师,北京石头世纪科技股份有限公司,上海,,上海 本科 招1人 03-15发布,上市公司,,办公用品及设备,岗位职责： 1.负责深度学习、强化学习等机器学习领域算法研发； 2.基于机器学习技术解决语音识别、图像分类、检测和分割等问题； 3.基于嵌入式平台对机器学习的性能进行优化； 4.跟踪新的机器学习相关技术 。 任职要求： 1.统招本科以上学历，985/211 院校，软件工程、计算机等相关专业； 2.熟悉C++开发语言，熟悉常用算法和数据结构 ，熟悉机器学习领域算法； 3.熟悉 Linux 编程和常用的调试工具。,2026-03-15
导航算法工程师（上海）,北京石头世纪科技股份有限公司,上海,,上海 本科 招2人 03-15发布,上市公司,,办公用品及设备,职责描述： 负责开发优化机器人的行走、转向、脱困避障等算法问题。 任职要求： 1、有 C++开发经验，精通常用算法和数据结构； 2、有机器人相关开发经验或者专业背景的优先； 3、热衷学习***，具有较强的归纳总结和推理能力； 4、有强烈的责任心，良好的沟通能力和团队合作精神。,2026-03-15
导航算法工程师（北京）,北京石头世纪科技股份有限公司,北京,,北京 本科 招2人 03-15发布,上市公司,,办公用品及设备,职责描述： 负责开发优化机器人的行走、转向、脱困避障等算法问题。 任职要求： 1、有 C++开发经验，精通常用算法和数据结构； 2、有机器人相关开发经验或者专业背景的优先； 3、热衷学习***，具有较强的归纳总结和推理能力； 4、有强烈的责任心，良好的沟通能力和团队合作精神。,2026-03-15
算法工程师,世纪龙信息网络有限责任公司,广州,,广州 硕士 招1人 03-15发布,国企,,计算机软件,岗位详情： 1、计算机或数学相关专业硕士研究生及以上学历； 2、深入理解机器学习、深度学习的原理、算法，有大数据分析处理经验； 3、熟悉Tensorflow、Caffe、Pytorch、Spark/Streaming等机器学习工具，熟练运用sklearn、keras、statsmodels等开源模型库； 4、有良好的英文阅读能力和探索精神，善于发现业界及学术界前沿技术，并懂得改良运用落地。,2026-03-15
机器学习算法工程师,北京石头世纪科技股份有限公司,上海,,上海 本科 招1人 03-15发布,上市公司,,办公用品及设备,岗位职责： 1.负责深度学习、强化学习等机器学习领域算法研发； 2.基于机器学习技术解决语音识别、图像分类、检测和分割等问题； 3.基于嵌入式平台对机器学习的性能进行优化； 4.跟踪新的机器学习相关技术 。 任职要求： 1.统招本科以上学历，985/211 院校，软件工程、计算机等相关专业； 2.熟悉C++开发语言，熟悉常用算法和数据结构 ，熟悉机器学习领域算法； 3.熟悉 Linux 编程和常用的调试工具。,2026-03-15
导航算法工程师（上海）,北京石头世纪科技股份有限公司,上海,,上海 本科 招2人 03-15发布,上市公司,,办公用品及设备,职责描述： 负责开发优化机器人的行走、转向、脱困避障等算法问题。 任职要求： 1、有 C++开发经验，精通常用算法和数据结构； 2、有机器人相关开发经验或者专业背景的优先； 3、热衷学习***，具有较强的归纳总结和推理能力； 4、有强烈的责任心，良好的沟通能力和团队合作精神。,2026-03-15
导航算法工程师（北京）,北京石头世纪科技股份有限公司,北京,,北京 本科 招2人 03-15发布,上市公司,,办公用品及设备,职责描述： 负责开发优化机器人的行走、转向、脱困避障等算法问题。 任职要求： 1、有 C++开发经验，精通常用算法和数据结构； 2、有机器人相关开发经验或者专业背景的优先； 3、热衷学习***，具有较强的归纳总结和推理能力； 4、有强烈的责任心，良好的沟通能力和团队合作精神。,2026-03-15
算法工程师,世纪龙信息网络有限责任公司,广州,,广州 硕士 招1人 03-15发布,国企,,计算机软件,岗位详情： 1、计算机或数学相关专业硕士研究生及以上学历； 2、深入理解机器学习、深度学习的原理、算法，有大数据分析处理经验； 3、熟悉Tensorflow、Caffe、Pytorch、Spark/Streaming等机器学习工具，熟练运用sklearn、keras、statsmodels等开源模型库； 4、有良好的英文阅读能力和探索精神，善于发现业界及学术界前沿技术，并懂得改良运用落地。,2026-03-15
算法工程师,广州数控设备有限公司,广东省,,广东省 本科 招9人 03-15发布,民营公司,,计算机软件,1.熟悉C或C++，熟悉数据结构； 2.机械、数学、计算机等相关学科成绩突出； 3.有数控、机器人领域相关的项目经验优先； 4.有良好的沟通技巧及团队合作精神、较强的责任感及进取精神。,2026-03-15
搜索推荐算法开发,苏州聚捷信息技术有限公司,苏州-高新区,1-1.5万/月,苏州-高新区 2年经验 本科 招2人 03-15发布,民营公司,少于50人,"互联网/电子商务,服装/纺织/皮革",岗位职责： 负责电商搜索算法优化，包括关键词相关性计算、商品特征提取、搜索排序优化。 负责电商和内容推荐算法的应用和优化，包括用户特征挖掘、购买前、购买中、购买后，以及各种场景的推荐算法建设。 职位要求 1. 熟练掌握C/C++、Python/Scalar/Java等语言编程、及数据结构基础算法 2. 熟悉常用的数据挖掘和推荐算法，有搜索、个性化推荐、广告系统相关项目经验者优先 3. 熟练掌握数理统计和机器学习的基础理论和方法，熟悉常用的机器学习模型：LR/GBDT/XGboost/DNN等 4. 有大规模数据处理经验，熟悉hadoop，spark，熟练使用Scala进行分布式数据开发 5. 优秀的分析及解决问题能力，责任心强，优秀的沟通能力和团队精神。 员工福利： 1、富有竞争力的薪酬和其他福利津贴 2、健全的五险一金 3、给予完善的绩效考核，年终奖金及定期调薪 4、完善的培养体系和晋升机制 5、节日礼金或礼品、生日礼金及Party、人生重大时刻礼金及礼品等 6、带薪休假（年假，婚假，丧假，病假等） 7、丰富的业余集体活动（拓展，旅游，聚餐，年会等),2026-03-15
搜索推荐算法开发,苏州聚捷信息技术有限公司,苏州-高新区,1-1.5万/月,苏州-高新区 2年经验 本科 招2人 03-15发布,民营公司,少于50人,"互联网/电子商务,服装/纺织/皮革",岗位职责： 负责电商搜索算法优化，包括关键词相关性计算、商品特征提取、搜索排序优化。 负责电商和内容推荐算法的应用和优化，包括用户特征挖掘、购买前、购买中、购买后，以及各种场景的推荐算法建设。 职位要求 1. 熟练掌握C/C++、Python/Scalar/Java等语言编程、及数据结构基础算法 2. 熟悉常用的数据挖掘和推荐算法，有搜索、个性化推荐、广告系统相关项目经验者优先 3. 熟练掌握数理统计和机器学习的基础理论和方法，熟悉常用的机器学习模型：LR/GBDT/XGboost/DNN等 4. 有大规模数据处理经验，熟悉hadoop，spark，熟练使用Scala进行分布式数据开发 5. 优秀的分析及解决问题能力，责任心强，优秀的沟通能力和团队精神。 员工福利： 1、富有竞争力的薪酬和其他福利津贴 2、健全的五险一金 3、给予完善的绩效考核，年终奖金及定期调薪 4、完善的培养体系和晋升机制 5、节日礼金或礼品、生日礼金及Party、人生重大时刻礼金及礼品等 6、带薪休假（年假，婚假，丧假，病假等） 7、丰富的业余集体活动（拓展，旅游，聚餐，年会等),2026-03-15
图像算法工程师,杭州潘哒教育科技有限公司,杭州-拱墅区,2-3万/月,杭州-拱墅区 3-4年经验 本科 招1人 03-15发布,民营公司,150-500人,"教育/培训/院校,互联网/电子商务",一、岗位职责 1、负责基于深度学习的视觉核心技术研发； 2、负责人脸识别及相关算法研究与开发； 3、负责人脸识别相关数据清洗、筛选； 4、完成人脸识别SDK打包、封装、维护； 5、完成人脸跟踪算法研究与优化。 二、岗位要求 1、熟练掌握计算机视觉、模式识别、图像处理等领域的深度学习相关理论和算法； 2、精通基于深度学习的人脸识别算法及参数调优，熟悉pytorch，tensorflow等开源平台，熟悉c/c++、python等编程语言； 3、有人脸识别和跟踪的相关行业从业者优先； 4、能够把握行业技术发展趋势和业务发展动向，对关键技术有自己独到见解； 5、有很强的创造能力、科研精神、拓展能力、抽象思维能力，有良好的沟通能力。 6、精通机器视觉领域的常见开发包如OpenCV等,2026-03-15
图像算法工程师,杭州潘哒教育科技有限公司,杭州-拱墅区,2-3万/月,杭州-拱墅区 3-4年经验 本科 招1人 03-15发布,民营公司,150-500人,"教育/培训/院校,互联网/电子商务",一、岗位职责 1、负责基于深度学习的视觉核心技术研发； 2、负责人脸识别及相关算法研究与开发； 3、负责人脸识别相关数据清洗、筛选； 4、完成人脸识别SDK打包、封装、维护； 5、完成人脸跟踪算法研究与优化。 二、岗位要求 1、熟练掌握计算机视觉、模式识别、图像处理等领域的深度学习相关理论和算法； 2、精通基于深度学习的人脸识别算法及参数调优，熟悉pytorch，tensorflow等开源平台，熟悉c/c++、python等编程语言； 3、有人脸识别和跟踪的相关行业从业者优先； 4、能够把握行业技术发展趋势和业务发展动向，对关键技术有自己独到见解； 5、有很强的创造能力、科研精神、拓展能力、抽象思维能力，有良好的沟通能力。 6、精通机器视觉领域的常见开发包如OpenCV等,2026-03-15
自然语言处理算法实习生,深圳市声希科技有限公司,深圳-福田区,6-8千/月,深圳-福田区 在校生/应届生 本科 招7人 03-15发布,民营公司,50-150人,计算机软件,工作职责： 1、参与语音对话系统的研发，探索自然语言理解、对话策略设计、自然语言生成等前沿技术； 2、结合实际业务场景，应用自然语言处理技术解决实际问题。 职位要求： 1、计算机相关专业； 2、优秀本科生且为211/985计算机专业的大三大四者，或者在读的硕士或博士研究生； 3、实习时间不少于6个月； 4、精通 Java、C/C++或 Python 语言，对算法和数据结构有深入理解； 5、熟练使用Tensorflow或PyTorch等深度学习框架； 6、了解NLP常见任务，熟悉NLP的基本技术和深度学习模型； 7、掌握机器学习相关知识，有深度学习算法经验优先； 8、具有良好的沟通能力、快速的学习能力和认真负责的工作态度，能够迅速融入团队。,2026-03-15
算法工程师,济南邦德激光股份有限公司,上海-闵行区,1.5-2万/月,上海-闵行区 3-4年经验 本科 招1人 03-15发布,上市公司,1000-5000人,机械/设备/重工,"岗位职责： 1. 承担软件系统模块的设计、开发任务，按项目计划完成任务目标 ； 2. 负责主要功能的代码实现，交付后参与维护工作，解决遇到的问题； 3. 参与需求调研分析与评审，出具合理建议； 4. 负责软件系统的数据库设计、开发、维护工作； 5. 负责编制项目开发计划、数据字典、设计文档等文档编制工作； 任职要求： 1.本科及以上，软件工程、计算机软件、自动化等相关专业； 2、精通数学的软件工程师，能做最优路径规划，懂图形处理者优先。 3．工业设备、自动化等行业控制系统开发知识和经验，了解行业发展和市 场需求； 4．具有CAM、系统开发、视觉方面的开发经验； 5．激光切割、机床、数控自动化行工作经验优先。 福利待遇： (1）.上市企业+2000人以上规模+良好的晋升机会+职业发展平台; (2)缴纳5险1金+每年2次薪资调整+带薪培训+带薪年假; (3)公费组织国内外旅游+素质拓展训练+员工中秋节、春节福利+优厚的年终奖,员工生日。 工作地点 上海市 闵行区 虹桥万科中心1号楼 万科中心T1楼705",2026-03-15
有限元算法工程师,晟鹰信息科技（上海）有限公司,北京-海淀区,2.5-3万/月,北京-海淀区 1年经验 硕士 招1人 03-15发布 力学 工程力学,民营公司,少于50人,"计算机服务(系统、数据服务、维修),建筑/建材/工程",1、参与开发完善大规模结构有限元分析计算程序。 2、结合用户需求定制开发线性，非线性静力，动力分析特定力学分析功能。 3、开发大规模并行计算功能 4、对比同类商业软件计算结果。 5、进行算例测试，编写算法文档。 任职要求： 1、力学，应用数学，土木，机械等相关专业统招硕士研究生。 2、具备较强的力学，数学功底及逻辑思维公式推导能力。 3、具备一年以上C++，Fortran程序开发经验，熟悉有限元基本理论，具备较强的独立开发力学计算程序的能力。 4、具备团队精神，有责任心，善于沟通，语言表达流程。,2026-03-15
有限元算法工程师,晟鹰信息科技（上海）有限公司,北京-海淀区,2.5-3万/月,北京-海淀区 1年经验 硕士 招1人 03-15发布 力学 工程力学,民营公司,少于50人,"计算机服务(系统、数据服务、维修),建筑/建材/工程",1、参与开发完善大规模结构有限元分析计算程序。 2、结合用户需求定制开发线性，非线性静力，动力分析特定力学分析功能。 3、开发大规模并行计算功能 4、对比同类商业软件计算结果。 5、进行算例测试，编写算法文档。 任职要求： 1、力学，应用数学，土木，机械等相关专业统招硕士研究生。 2、具备较强的力学，数学功底及逻辑思维公式推导能力。 3、具备一年以上C++，Fortran程序开发经验，熟悉有限元基本理论，具备较强的独立开发力学计算程序的能力。 4、具备团队精神，有责任心，善于沟通，语言表达流程。,2026-03-15
Android开发工程师（集成/物联网）,广东广凌信息科技股份有限公司,广州-天河区,0.8-1.3万/月,广州-天河区 2年经验 本科 招2人 03-15发布,上市公司,50-150人,"计算机服务(系统、数据服务、维修),计算机软件","岗位职责： 1、负责Android手机应用和产品的开发，编写相关的开发文档，如设计文档，测试文档和自测工作等； 2、负责设计程序架构或很好的理解架构设计，保证平台统一； 3、负责Android平台相关技术以及新技术的调研、实现； 4、与UI设计团队、测试团队配合，完成应用开发； 5、跟进新技术的探索研究，应用到实际产品开发中，深入一线进行产品体验和需求收集，快速响应迭代产品。 任职要求： 1、2年及以上Android开发经验；有大型大公司相关工作履历者有尤佳； 2、熟悉掌握java语言、Android UI布局，自定义控件，熟悉Android SDK，常用网络技术； 3、熟悉Android开发平台及框架，能独立开发Android应用； 4、熟悉Android下通信机制，Android多线程，熟悉常用JSON,XML数据格式； 5、有嵌入式APP开发经验与了解NDK者优先，有成熟Android作品发布者优先; 6、有物理网开发经验优先，熟悉UDP、MQTT、ROLA、RS232等通信协议优先; 7、认真负责，具备团队合作精神，有项目领导经验尤佳；了解基本算法，有过后台开发经验为宜。",2026-03-15
知识图谱算法工程师,捷宏润安工程顾问有限公司,南京,1-2.5万/月,南京 2年经验 本科 招2人 03-15发布 英语 计算机科学 数学与应用数学,民营公司,150-500人,专业服务(咨询、人力资源、财会),岗位职责： 1.和业务架构师密切配合，透彻理解具体的业务需求，并进行知识图谱的梳理； 2.针对研发和运营需要，提供相应的知识图谱应用解决方案； 3.在应用架构师的带领下，进行领域知识图谱的应用开发； 4.在公司的培训机制下持续学习和完善自己的能力模型。 5.追踪知识图谱前沿技术，结合业务需求，探索前沿技术并应用于实际业务。 任职要求： 1、两年以上NLP相关工作经验，统招本科及以上学历，硕士学历优先，计算机科学、统计学、应用数学等专业； 2、熟练掌握Java、Python编程语言，有Linux系统使用经验； 3、熟悉NLP常用算法及主流模型，包括但不限于：TF-IDF、HMM、CRF、Word2vec、Fasttext、Paddle、Seq2Seq、Attention、Transformer、Bert等 4、有相关NLP项目经验，包含但不仅限于：分词、词性标注、命名实体识别、关系抽取、文本分类、智能问答、情感分析、知识图谱、自动摘要等； 5、熟悉机器学习常用算法，包括但不限于LR、SVM、决策树、朴素贝叶斯、KNN、RF、GBDT、XGboost等。能够独立完成机器学习相关项目，有丰富的大数据处理、模型搭建和参数调优的经验； 6、熟悉目前主流神经网络CNN，RNN、LSTM，GAN等主流模型，熟练掌握deeplearning4j、TensorFlow和Keras工具优先； 7、有知识图谱项目相关经验者优先；英语水平较高，能独立阅读外文文献者优先。 8、具备较强的执行力和责任心，具备优秀的学习能力、沟通协调能力、逻辑思维能力和解决问题能力，有团队合作精神。 易达捷信官网：http://jiangsuyida.mysxl.cn/,2026-03-15
算法工程师,广州嘉检医学检测有限公司,广州-海珠区,1.5-2.3万/月,广州-海珠区 2年经验 本科 招4人 03-15发布 计算机科学与技术 信息与计算科学,民营公司,150-500人,"医疗/护理/卫生,学术/科研",职责： 1、算法分析和算法性能调优； 2、负责修改现有算法，开发和实现新算法； 3、负责算法性能测试； 4、独立完成相关功能及系统的开发。 要求： 1、本科及以上学历，计算机、数学、电子、通信、自动化、信号处理、图像处理等相关专业； 2、有两年或以上 C/C++ 开发经验，代码编写能力强，能用 C/C++ 完成算法的编码和封装； 3、熟悉异构计算、熟悉 GPU 编程、FPGA 编程、CUDA 编程、OpenCL 编程者优先； 4、积极进取，具有良好的团队合作精神，良好的英文阅读理解能力和扎实的数学基础，有异构计算工作经验者优先； 4、有基因数据算法分析，性能调优经验尤佳。 6、具有良好的分析问题及解决问题能力。,2026-03-15
知识图谱算法工程师,捷宏润安工程顾问有限公司,南京,1-2.5万/月,南京 2年经验 本科 招2人 03-15发布 英语 计算机科学 数学与应用数学,民营公司,150-500人,专业服务(咨询、人力资源、财会),岗位职责： 1.和业务架构师密切配合，透彻理解具体的业务需求，并进行知识图谱的梳理； 2.针对研发和运营需要，提供相应的知识图谱应用解决方案； 3.在应用架构师的带领下，进行领域知识图谱的应用开发； 4.在公司的培训机制下持续学习和完善自己的能力模型。 5.追踪知识图谱前沿技术，结合业务需求，探索前沿技术并应用于实际业务。 任职要求： 1、两年以上NLP相关工作经验，统招本科及以上学历，硕士学历优先，计算机科学、统计学、应用数学等专业； 2、熟练掌握Java、Python编程语言，有Linux系统使用经验； 3、熟悉NLP常用算法及主流模型，包括但不限于：TF-IDF、HMM、CRF、Word2vec、Fasttext、Paddle、Seq2Seq、Attention、Transformer、Bert等 4、有相关NLP项目经验，包含但不仅限于：分词、词性标注、命名实体识别、关系抽取、文本分类、智能问答、情感分析、知识图谱、自动摘要等； 5、熟悉机器学习常用算法，包括但不限于LR、SVM、决策树、朴素贝叶斯、KNN、RF、GBDT、XGboost等。能够独立完成机器学习相关项目，有丰富的大数据处理、模型搭建和参数调优的经验； 6、熟悉目前主流神经网络CNN，RNN、LSTM，GAN等主流模型，熟练掌握deeplearning4j、TensorFlow和Keras工具优先； 7、有知识图谱项目相关经验者优先；英语水平较高，能独立阅读外文文献者优先。 8、具备较强的执行力和责任心，具备优秀的学习能力、沟通协调能力、逻辑思维能力和解决问题能力，有团队合作精神。 易达捷信官网：http://jiangsuyida.mysxl.cn/,2026-03-15
算法工程师,广州嘉检医学检测有限公司,广州-海珠区,1.5-2.3万/月,广州-海珠区 2年经验 本科 招4人 03-15发布 计算机科学与技术 信息与计算科学,民营公司,150-500人,"医疗/护理/卫生,学术/科研",职责： 1、算法分析和算法性能调优； 2、负责修改现有算法，开发和实现新算法； 3、负责算法性能测试； 4、独立完成相关功能及系统的开发。 要求： 1、本科及以上学历，计算机、数学、电子、通信、自动化、信号处理、图像处理等相关专业； 2、有两年或以上 C/C++ 开发经验，代码编写能力强，能用 C/C++ 完成算法的编码和封装； 3、熟悉异构计算、熟悉 GPU 编程、FPGA 编程、CUDA 编程、OpenCL 编程者优先； 4、积极进取，具有良好的团队合作精神，良好的英文阅读理解能力和扎实的数学基础，有异构计算工作经验者优先； 4、有基因数据算法分析，性能调优经验尤佳。 6、具有良好的分析问题及解决问题能力。,2026-03-15
生物信息算法工程师,上海奥根诊断技术有限公司,上海-闵行区,0.8-1万/月,上海-闵行区 1年经验 本科 招2人 03-15发布 生物科学，技术 数学与应用数学,民营公司,50-150人,"制药/生物工程,医疗/护理/卫生","在上级的指导下，完成公司产品研发项目，负责信息分析的算法设计，流程开发： 1. 临床测序数据研发； 2. 生物信息算法开发，测试和优化； 3. 设计测试实验，评估生物信息软件性能和准确度； 任职要求： 1. 专业知识： 计算生物学，生物信息学、计算机、统计或相关专业本科及以上学历，具备生物信息应用软件开发的实际经验； 2. 关键历练： (1) 掌握python，C/C++编程语言；熟悉Linux操作系统；熟悉R/perl/shell语言； 熟悉并行计算；熟悉GPU的体系结构和相应的底层开发方法CUDA编程者优先考虑；熟悉FPGA技术优先考虑； (2) 有统计学基础，熟悉数据结构和算法，了解动态规划算法及其在序列比对中的应用； (3) 了解基因组学的数据分析方法，1年以上二代测序数据分析经验；熟练常用生物信息学比对软件（如bwa, bowtie等）和变异calling软件（如GATK, mutect等）； 3. 能力： 具有较强的执行力；学习能力强，具备良好的沟通能力和团队合作精神； 积极主动自发的精神，有较强的抗压能力和较强的责任心和事业心。 4. 特质： 持续的自我驱动力，愿意接受挑战，较强的创新精神，较强的事业心和对成功执着追求的使命感。",2026-03-15
算法工程师,上海工业自动化仪表研究院有限公司,上海-徐汇区,6-8千/月,上海-徐汇区 在校生/应届生 硕士 招2人 03-15发布,国企,150-500人,"仪器仪表/工业自动化,学术/科研",工作内容： 1.建立统计分析模型，通过数据挖掘与机器学习，深入理解产品及用户，建立用户和内容的连结； 2.系统算法和系统架构的研发和优化，高效率地为用户提供高质量个性化内容； 3.建立有效的算法评估模型，持续完善和优化算法； 4.拓数据分析模型，助力业务推广、营销策略、产品方向的改进。 岗位要求： 1. 熟练掌握tensorflow、caffe、YOLO等主流深度学习框架建模和训练，至少精通C++、Java、Python一门编程语言； 2. 熟悉深度神经网络的常用模型（如CNN、RBN、RCNN、DNN等），熟悉算法的应用场景和优化方法； 3. 有NVDIA板卡算法应用者优先； 4. 具备良好的逻辑思考和学习能力，以及良好的分析解决问题的能力，能够结合产品和技术思维来思考和解决问题。,2026-03-15
算法工程师,上海工业自动化仪表研究院有限公司,上海-徐汇区,6-8千/月,上海-徐汇区 在校生/应届生 硕士 招2人 03-15发布,国企,150-500人,"仪器仪表/工业自动化,学术/科研",工作内容： 1.建立统计分析模型，通过数据挖掘与机器学习，深入理解产品及用户，建立用户和内容的连结； 2.系统算法和系统架构的研发和优化，高效率地为用户提供高质量个性化内容； 3.建立有效的算法评估模型，持续完善和优化算法； 4.拓数据分析模型，助力业务推广、营销策略、产品方向的改进。 岗位要求： 1. 熟练掌握tensorflow、caffe、YOLO等主流深度学习框架建模和训练，至少精通C++、Java、Python一门编程语言； 2. 熟悉深度神经网络的常用模型（如CNN、RBN、RCNN、DNN等），熟悉算法的应用场景和优化方法； 3. 有NVDIA板卡算法应用者优先； 4. 具备良好的逻辑思考和学习能力，以及良好的分析解决问题的能力，能够结合产品和技术思维来思考和解决问题。,2026-03-15
自动驾驶测试工程师,昆山星际舟智能科技有限公司,昆山,1-2.2万/月,昆山 1年经验 本科 招若干人 03-16发布 英语熟练 计算机科学与技术 通信工程,合资,少于50人,汽车,岗位职责： 1、配合建立无人车道路测试方案设计和整体推动工作； 2、 负责根据实际道路测试数据分析和测试问题； 3、负责模块与整车集成测试； 4、 能够完成开发相关测试工具； 5、针对不同测试场景，进行测试验证，并撰写报告，分析系统问题。 任职要求： 1、 电子、自动化、通信、计算机等相关专业本科毕业 2、熟悉单元测试、模块测试、系统测试等各种类型测试； 3、 有一定的Python或C++编程基础； 4、 工作认真负责，有良好敬业精神，能够承受一定程度的出差； 5、有很好的团队合作精神，具亲和力以及良好的人际交流沟通力； 6、 具有ADAS（高级驾驶辅助系统）、自动驾驶开发及测试经验优先。,2026-03-16
嵌入式算法移植工程师（淘云）,科大讯飞股份有限公司,合肥-高新区,1-2万/月,合肥-高新区 本科 招3人 03-16发布,上市公司,1000-5000人,计算机软件,1. 主要从事模式识别和信号处理相关的算法研究和内核开发以及应用软件研发工作； 2. 负责将用MATLAB/C++/C实现的算法向ARM、MIPS架构平台上移植； 3. 根据硬件平台上的加速指令集，对原有的算法进行调整，使在新硬件平台上的效率最优化； 任职资格： 1. 计算机、信号处理、模式识别、软件等相关专业本科以上学历，熟悉数据结构和算法； 2. 精通C以及C++，能够非常熟练的把用C++编写的算法用C语言进行重构； 3. 熟悉FreeRTOS、uCOS、Linux这几种嵌入式系统中的至少一种； 4. 思路清晰，思维敏捷，快速的学习能力;善于与他人沟通协作，有强烈的上进心和求知欲； 5. 985、211院校毕业者优先，有DSP平台算法移植和SIMD、NENO指令集算法优化经验者优先。 此岗位为科大讯飞集团统一招聘岗位，人员通过简历筛选、笔试、初试、复试、终审等环节后录用,2026-03-16
C++ 图像算法工程师1,创富东日（深圳）科技有限公司,深圳-南山区,1.2-2.5万/月,深圳-南山区 1年经验 硕士 招2人 03-16发布 英语熟练 计算机科学与技术 信息与计算科学,民营公司,150-500人,机械/设备/重工,图像算法工程师 12K -25K 任职要求： 1、计算机、自动化、电子信息等相关专业硕士及以上学位，有扎实的图像处理、计算机视觉、模式识别等专业基础知识和良好的数学功底； 2、熟悉C/C++、OpenCV， Caffe、Theano ；等 3、具备机器视觉算法开发经验，有较强的工程项目实施能力； 4、可适应短期出差。 岗位职责： 1、负责机器视觉检测系统的前期技术探索、方案制定、相关数据采集、分析及后续项目研发，系统集成； 2、负责新技术研究，解决项目研发中的技术难题。,2026-03-16
算法工程师（医疗AI）,通用环球医疗集团有限公司,北京-西城区,2.5-5万/月,北京-西城区 在校生/应届生 博士 招1人 03-16发布,国企,500-1000人,"医疗/护理/卫生,租赁服务",3、 利用基于医疗大数据的人工智能技术向各级医务工作者提供服务，以提高医生用户科研、患者诊疗、疾病防控等方面的工作质量及效率。 2、有医疗AI研发相关工作经验； 3、在机器学习、数据挖掘、自然语言处理或者计算机视觉等具体领域有研究经历或成果，能够根据实际问题开展算法的设计和实现，了解主流的机器学习、深度学习研发平台； 4、对医疗健康事业有极大的热情，愿意利用人工智能和大数据技术解决挑战性问题，在相关方向有研究经历者优先。,2026-03-16
图像算法工程师,安徽紫薇帝星数字科技有限公司,合肥-高新区,0.8-1.6万/月,合肥-高新区 3-4年经验 硕士 招3人 03-16发布 计算机科学 基础医学,民营公司,50-150人,"计算机软件,医疗设备/器械",岗位职责： 1、负责公司现有产品图像处理算法的维护、新产品图像处理算法的预研和开发； 2、对临床医学图像问题的反馈进行分析、根据临床需求进行算法调整； 3、算法详细说明文档的编写，算法相关文件的规范化输出； 4、公司产品的图像处理算法的相关发明专利和软件著作权的编写； 5、行业内最新图像处理技术的收集、分析与实现； 6、上级交给的其他任务。 任职要求： 1、硕士及以上学历，生物医学工程、计算机或相关专业，博士以上学历者***； 2、精通C++编程，有良好的编码习惯和技术文档编写能力； 3、熟悉使用ITK、VTK、OpenGL等图像处理工具； 4、有CT、MRI图像的分割和三维可视化经验者优先； 5、图像处理理论基础扎实，熟悉医学图像处理算法优先； 6、具有良好的英文阅读能力，英语要求六级或同等能力者； 7、有较强的团队合作意识和良好的逻辑分析能力。,2026-03-16
自然语言处理工程师,中金智汇科技有限责任公司,北京-大兴区,1.5-3万/月,北京-大兴区 1年经验 本科 招2人 03-16发布,民营公司,50-150人,"计算机软件,互联网/电子商务",【岗位职责】 1、从事自然语言理解、数据挖掘等工作的深度学习技术研发； 2、从事对话系统、智能问答、闲聊等工作的深度学习技术研发； 3、从事语音识别、合成、唤醒等工作的深度学习技术研发； 4、负责产品业务后台模块设计和接口设计工作； 5、责优化产品的性能； 6、负责产品的服务端开发。 【任职要求】 1、熟悉深度学习、数据挖掘和NLP技术，有自然语言理解、对话系统或语音识别等应用经验者优先； 2、至少熟练使用一门编程语言(c/c++等)和脚本语言(python等)； 3、悉常用数据结构和算法，有较强的实现能力，有ACM/ICPC竞赛经验者优先； 4、具有统计分析或数据挖掘背景，并对机器学习算法和理论有较深入研究者优先； 5、熟练使用Django框架，熟悉Django-REST-Framework。,2026-03-16
算法工程师,华为技术有限公司,杭州,1.2-3万/月,杭州 1年经验 本科 招若干人 03-16发布,民营公司,10000人以上,"通信/电信运营、增值服务,通信/电信/网络设备",岗位职责： 软件设计、开发，包括模块级、特性级的端到端交付： 1、应用软件的代码开发（从事大数据分析、机器视觉、人工智能、雷达算法、车路协调等相关功能辅助开发） 2、完成软件模块级特性设计以及开发； 3、完成产品业务级别的端到端交付。 任职要求： 1、本科以上学历，1年以上工作经验，熟练掌握C/C++或Python等编程语言； 2、掌握操作系统、数据库、数据结构、软件工程等软件开发必备知识； 3、有安防、交通、云计算等行业从业经验者优先； 4、具备扎实的计算机专业基础，包括算法、数据结构、计算机体系结构等； 5、具有较好的数学功底，对模式识别、机器学习、深度学习算法有较深入的理解者优先录取； 6、有视频监控、智慧交通等行业项目经验者优先； 7、有音视频编解码、图像处理、图像智能算法、大数据、AI等业务经验者优先。 注：此岗位为OD岗。,2026-03-16
算法工程师,南京华苏科技有限公司,南京-雨花台区,1.5-3万/月,南京-雨花台区 2年经验 本科 招若干人 03-16发布,民营公司,1000-5000人,"通信/电信/网络设备,通信/电信运营、增值服务","1、本公司主要方向为：通信大数据在网络优化规划及其他行业的的应用，本岗位要求深入理解业务需求，根据需求负责模型搭建以及模型应用策略的制定与优化； 2、使用建模工具进行模型开发，包括数据准备、建模及数据分析、模型的选取与优化、模型验证等工作； 3、跟进最新的机器学习/深度学习算法，推进新算法在语义、图像、语音、智能识别等领域的应用，针对各类场景搭建机器学习模型； 4、对海量业务数据进行分析，深度挖掘内部数据，根据项目需求，独立设计新的算法模型； 岗位要求： 1、精通机器学习、深度学习等数据挖掘技术，理解其基本原理，可以熟练使用一种及以上的数据挖掘工具，语言不限（Matlab, JAVA, Python, C++ 等均可）； 2、有一定的代码能力，熟悉基本数据结构和算法。擅长独立思考，优秀的分析问题和解决问题的能力，对解决具有挑战性问题充满激情 3、有一定的大数据处理经验， 熟悉Hadoop, Spark等分布式计算框架，熟练使用Python、SQL等工具者优先 4、应用数学、统计学、信号与信息处理、模式识别与智能系统以及计算机科学与技术等相关专业研究生毕业，英文熟练；博士研究生40万（年）起。 5、具有良好的沟通能力，和良好的团队合作精神，有通信、互联网行业经验者优先。",2026-03-16
中级算法工程师,中国软件与技术服务股份有限公司,北京-丰台区,1-1.5万/月,北京-丰台区 2年经验 本科 招2人 03-16发布,上市公司,5000-10000人,"计算机软件,计算机服务(系统、数据服务、维修)",岗位职责： 1.负责分析挖掘客户/行业对大数据产品的需求（应用场景），利用数据分析结论提升客户业务能力。例如：文本挖掘，风险预测等； 2.进行大数据场景下的数据统计、数据挖掘、机器学习、深度学习，包括数据整理、模型建立、模型应用、评估优化等； 3.将客户需求准确转化为可执行的数学模型，针对不同的应用场景，负责编写数据挖掘算法及对其的优化。 任职要求： 1.本科（一本）及以上学历，计算机、应用数学、统计学相关专业优先； 2.熟悉基本机器学习算法，有大数据开发、数据分析等相关领域工作经验优先； 3.熟悉SQL开发，熟悉Mysql、Oracle等关系型数据库中的一种； 4.熟练Python、R等工具进行数据分析； 5.文档编写能力，熟练使用EXCEL进行数据分析、提取、归类、整理等工作；熟练使用PPT进行结果展示。 7. 善于沟通和表达，逻辑性强，工作责任心强，抗压能力强，有较好的创新精神。 薪酬福利： 国企上市公司、七险一金、绩效奖金、工会福利、高温补贴、团建旅游、定期体检,2026-03-16
算法工程师,苏州光格设备有限公司,苏州,1.5-3万/月,苏州 本科 招2人 03-16发布,民营公司,150-500人,"通信/电信/网络设备,电子技术/半导体/集成电路",岗位职责 1、机器视觉算法研究与开发； 2、软件系统与图像算法的集成、设计与开发； 3、跟踪机器视觉算法前沿技术； 任职要求 1、本科及以上学历； 2、扎实的数据结构与算法功底； 3、精通数字图像处理、模式识别、机器视觉中常用算法及高级算法； 4、熟悉常用的软件开发包及深度学习框架； 5、熟练掌握C/C++/Python等语言； 6、具有较强的独立工作能力和团队协作意识；,2026-03-16
slam算法工程师,深圳市威睿晶科电子有限公司,深圳-南山区,1-1.5万/月,深圳-南山区 2年经验 本科 招1人 03-16发布,民营公司,50-150人,电子技术/半导体/集成电路,岗位职责: 1、研发机器人自主导航定位算法； 2、研发机器人在室内/室外未知环境中的SLAM算法； 3、实现机器人在户内或户外环境的地图构建； 4、实现相关导航算法的代码编写； 5、实现SLAM问题中的信息配准融合、闭环检测等前端算法以及贝叶斯滤波、图优化等后端算法。 岗位要求： 1、具有基于ROS（机器人操作系统）的机器人开发经验； 2、掌握机器人SLAM基本理论和算法； 3、熟悉相应的PCL点云库、粒子滤波、扩展卡尔曼、图优化等 算法； 4、硕士研究生以上或者有2年以上的工作经历。优先考虑： 5、计算机或数学专业，有编程基础，会使用matlab解决问题； 6、具有较强的逻辑思维能力以及算法实现能力优先； 7、精通数据结构，有plugin编写经验者优先； 8、熟悉C++及python编程； 9、有视觉slam或激光slam 1年以上开发经验者优先； 10、从事ROS开发工作1年以上工作经验者优先。,2026-03-16
高级导航算法工程师,北京臻迪科技股份有限公司,北京-昌平区,1.5-3万/月,北京-昌平区 本科 招1人 03-16发布,民营公司,150-500人,"电子技术/半导体/集成电路,计算机软件",1．负责INS/GPS松/紧耦合惯性导航算法的研究开发； 2．负责基于MEMS的捷联惯性导航系统开发； 3．负责INS与其他传感器信息融合算法开发； 4．负责惯性传感器误差建模、补偿与校准。 1．具有GPS、惯性导航专业背景，3年以上机器人/无人机导航系统或惯性导航产品开发经验； 2．具备组合导航数据处理与信息融合技术算法仿真与实现经验； 3．精通误差标定与补偿、初始对准、导航解算、kalman滤波； 4．具有扎实的数学基础； 5．精通C/C++，熟悉Linux系统开发。 6. 有海外留学经验者优先。,2026-03-16
控制算法工程师,湖南中南智能装备有限公司,长沙-雨花区,0.8-1万/月,长沙-雨花区 招1人 03-16发布,国企,150-500人,"仪器仪表/工业自动化,计算机软件",1.负责公司标准打磨单元全过程检测系统硬件选型及软件编写； 2.根据项目任务计划按时完成软件编码和单元测试工作； 3.按照开发流程编写相应的设计文档； 4.解决研发中的关键问题和技术难题； 5.负责硬件选型及后续工作开展。 1.计算机、电子信息、通信工程、信号处理、自动化等相关专业； 2.精通C#/C++语言中的一种或者多种，有WinForm、WPF、MFC、QT中至少一种的具体项目开发经验，或熟练应用Labview软件； 3.精通串口通信协议和网络通信（TCP/IP和UDP），具备工业现场数据采集经验； 4.熟悉Sql server/Oracle/Mysql数据库中的一种或多种； 5.具备良好的通信和数字信号处理基础，精通Matlab等算法工具； 6.有DSP/FPGA等信号处理系统开发经验者优先；,2026-03-16
控制算法工程师,湖南中南智能装备有限公司,长沙-雨花区,0.8-1万/月,长沙-雨花区 3-4年经验 本科 招5人 03-16发布,国企,150-500人,"仪器仪表/工业自动化,计算机软件",岗位职责： 1.负责公司标准打磨单元全过程检测系统硬件选型及软件编写； 2.根据项目任务计划按时完成软件编码和单元测试工作； 3.按照开发流程编写相应的设计文档； 4.解决研发中的关键问题和技术难题； 5.负责硬件选型及后续工作开展。 任职资格： 1.计算机、电子信息、通信工程、信号处理、自动化等相关专业； 2.精通C#/C++语言中的一种或者多种，有WinForm、WPF、MFC、QT中至少一种的具体项目开发经验，或熟练应用Labview软件； 3.精通串口通信协议和网络通信（TCP/IP和UDP），具备工业现场数据采集经验； 4.熟悉Sql server/Oracle/Mysql数据库中的一种或多种； 5.具备良好的通信和数字信号处理基础，精通Matlab等算法工具； 6.有DSP/FPGA等信号处理系统开发经验者优先；,2026-03-16
SLAM算法工程师,北京中电易达科技有限公司,北京-东城区,1.5-2.5万/月,北京-东城区 2年经验 硕士 招2人 03-16发布 电气工程及其自动化 空间信息与数字技术,民营公司,少于50人,"计算机软件,计算机服务(系统、数据服务、维修)",掌握计算机视觉或定位导航的基础理论和算法，熟悉SLAM算法； 5、,2026-03-16
商业传播网络算法专家,上海宏原信息科技有限公司,异地招聘,3-6万/月,上海 硕士 招2人 03-16发布,民营公司,50-150人,"互联网/电子商务,计算机服务(系统、数据服务、维修)",【岗位职责】 1、结合公司业务提供模型算法和数据分析支持，并不断完善模型算法及优化； 2、构建基于用户行为的内容推荐网络，协同过滤和场景引擎，提升用户获取内容效率； 3、负责公司相关数据模型产品的设计工作。 【任职资格】 1、硕士及以上学历；计算机、商科、物理、传播学、数学等相关专业； 2、熟悉复杂网络分析/社会网络分析相关技术，在以下至少一个领域有较深入研究：网络传播、影响***化、链接预测、社群发现、结构洞、专家发现； 3、熟练运用Python语言；了解SQL； 4、熟悉常见的分类、聚类、推荐等机器学习算法及原理，和它们的使用场景； 5、理解公司业务背景，结合业务需求进行算法模型研发； 6、聪明和自我学习。对数据敏感，擅于发现关键问题； 7、优秀的沟通和表达能力，清楚的表达个人想法、理解他人观点，具备团队合作意识和推动协作达成的能力； 8、具有良好的商业敏感度和优秀的数据分析技能，采用实用的分析方法以解决商业问题。,2026-03-16
商业传播网络算法专家,上海宏原信息科技有限公司,上海,3-6万/月,上海 硕士 招2人 03-16发布,民营公司,50-150人,"互联网/电子商务,计算机服务(系统、数据服务、维修)",【岗位职责】 1、结合公司业务提供模型算法和数据分析支持，并不断完善模型算法及优化； 2、构建基于用户行为的内容推荐网络，协同过滤和场景引擎，提升用户获取内容效率； 3、负责公司相关数据模型产品的设计工作。 【任职资格】 1、硕士及以上学历；计算机、商科、物理、传播学、数学等相关专业； 2、熟悉复杂网络分析/社会网络分析相关技术，在以下至少一个领域有较深入研究：网络传播、影响***化、链接预测、社群发现、结构洞、专家发现； 3、熟练运用Python语言；了解SQL； 4、熟悉常见的分类、聚类、推荐等机器学习算法及原理，和它们的使用场景； 5、理解公司业务背景，结合业务需求进行算法模型研发； 6、聪明和自我学习。对数据敏感，擅于发现关键问题； 7、优秀的沟通和表达能力，清楚的表达个人想法、理解他人观点，具备团队合作意识和推动协作达成的能力； 8、具有良好的商业敏感度和优秀的数据分析技能，采用实用的分析方法以解决商业问题。,2026-03-16
图像算法工程师,深圳市汉森软件有限公司,深圳-宝安区,2.5-3万/月,深圳-宝安区 2年经验 招2人 03-16发布,民营公司,150-500人,"机械/设备/重工,仪器仪表/工业自动化",岗位职责： 1. 负责研究数码打印行业中印前图像处理软件（简称RIP软件）中的图像半色调（二值化）精细算法，色彩校正算法，国际图像色彩管理标准研究与应用； 2. 在工业项目中（如摄像头定位跟踪、工业切割、3D打印等）实现图像定位、图像变形、特征提取、图像边缘检测等算法的应用。 任职要求： 1、 数学相关专业211/985本科学历或硕士学历或有个数据分析及相关经验半年以上（必要条件） 2、C++(理论基础功底扎实）或有1年以上C++开发经验（必要条件）） 3 、熟悉各种常用图像数据格式及常用的图像处理算法（非必要）； 4、2年以上相关工作经验 5、有较强的沟通能力和团队合作精神，具有良好的分析和独立解决问题的能力。,2026-03-16
资深算法工程师(深圳),西人马（厦门）科技有限公司,深圳-南山区,3-4.8万/月,深圳-南山区 8-9年经验 本科 招1人 03-16发布,民营公司,150-500人,电子技术/半导体/集成电路,1、负责公司人工智能的前沿技术研发工作，有能力实现关键技术突破。 2、负责推进公司人工智能项目的最终落地，包括：机器学习产品训练、图像识别等； 3、和业务团队深入合作，根据业务方的实际需要及反馈，不断优化业务发展中遇到的人工智能产品和平台架构等问题； 4. 负责带领算法团队完成核心算法分析、工程化实现及测量技术研发； 5. 负责组建项目团队，提升团队成员技能等管理工作。 任职要求： 1.数学、计算机等相关专业硕士及以上学历，5年以上算法相关研发或产品经验； 2. 熟练掌握数字信号处理、统计学习，深度学习等领域相关知识，具有独立研究和开发核心算法的能力； 3. 具备深入分析算法问题的能力，能够制定合理的优化计划； 4. 精通C/C++/Python语言中的一种或多种，对算法和数据结构有深入研究； 5. 有团队领导经历和独立负责项目经历的优先。,2026-03-16
算法工程师（NLP方向）,北京移数通电讯有限公司,上海-杨浦区,1.6-2.5万/月,上海-杨浦区 3-4年经验 本科 招若干人 03-16发布,民营公司,150-500人,"通信/电信运营、增值服务,通信/电信/网络设备",1、 2、运用NLP与机器学习算法开发文本挖掘、信息抽取、预测分析、阅读理解等高级功能； 3、能够根据项目需要，运用NLP与机器学习算法进行相关项目开发，如文本分析、对话系统、产品推荐、知识图谱等，并根据不同的产品属性进行算法的优化； 【任职要求】 1、 ；在机器学习、计算机视觉、数据挖掘等相关方向拥有扎实的理论基础； 2、熟悉业界主流的NLP算法工具，能基于此类工具进行算法再开发与调优； 3、 ； 4、 5、有过 相关的研发经验者优先； 6、良好的沟通和团队协作能力，较强的动手与逻辑分析能力。,2026-03-16
NLP算法工程师,北京移数通电讯有限公司,上海-杨浦区,1.6-2.5万/月,上海-杨浦区 3-4年经验 本科 招若干人 03-16发布,民营公司,150-500人,"通信/电信运营、增值服务,通信/电信/网络设备",【岗位职责】 1、研发客服类NLP基础词、句、篇章语法与语义分析算法，包括但不限于分词、词性标注、命名实体识别、依存分析、语义角色标注、主题模型等； 2、运用NLP与机器学习算法开发文本挖掘、信息抽取、预测分析、阅读理解等高级功能； 3、能够根据项目需要，运用NLP与机器学习算法进行相关项目开发，如文本分析、对话系统、产品推荐、知识图谱等，并根据不同的产品属性进行算法的优化； 【任职要求】 1、 ；在机器学习、计算机视觉、数据挖掘等相关方向拥有扎实的理论基础； 2、熟悉业界主流的NLP算法工具，能基于此类工具进行算法再开发与调优； 3、 ； 4、 5、有过 相关的研发经验者优先； 6、良好的沟通和团队协作能力，较强的动手与逻辑分析能力。 福利：五险一金、补充医疗保险、定期体检、节日福利、带薪年假、扁平管理、技能培训、员工旅游、弹性工作。,2026-03-16
机器学习算法工程师,广东南芯医疗科技有限公司,广州-黄埔区,1-1.8万/月,广州-黄埔区 1年经验 本科 招1人 03-16发布,民营公司,50-150人,制药/生物工程,岗位职责： 1、对高通量测序和实验室数据进行清洗和预处理； 2、使用爬虫对数据进行抓取和解析； 3、使用各类机器学习算法处理科研和临床上的各类数据建模问题； 4、根据已发布的机器学习算法，搭建大规模机器学习模型和系统； 5、利用公司的数据对各种疾病模型进行模型训练，对不同模型的效果进行评估； 6、定期对机器学习模型进行调整，选择***模型嵌入产品。 岗位要求： 1、全日制本科及以上学历，计算机，统计或相关专业； 2、熟悉机器学习常用算法和库，并有实际数据建模经验； 3、掌握Python编程，熟练使用sklearn包，熟练使用一种数据库，如mysql、mongodb等，有Pytorch，Tensorflow或Caffe等深度学习框架使用经验者优先； 4、有爬虫经验，生物信息学经验或计算机视觉经验者优先。,2026-03-16
